food_item,fat_g,satfat_g,carbs_g,protein_g,fiber_g,energy_kcal_calculated,cluster,subcluster,supercluster
"Garlic, raw",0.38,0.0,28.2,6.62,2.7,142.7,0,1,0-1
"Onions, white, raw",0.13,0.0,7.68,0.89,1.2,35.4,0,0,0-0
"Apples, red delicious, with skin, raw",0.21,0.0,14.8,0.19,2.0,61.8,0,0,0-0
"Apples, honeycrisp, with skin, raw",0.1,0.0,14.7,0.1,1.7,60.1,0,0,0-0
"Apples, granny smith, with skin, raw",0.14,0.0,14.2,0.27,2.5,59.1,0,0,0-0
"Apples, gala, with skin, raw",0.15,0.0,14.8,0.13,2.1,61.1,0,0,0-0
"Apples, fuji, with skin, raw",0.16,0.0,15.7,0.15,2.1,64.8,0,0,0-0
"Squash, winter, butternut, raw",0.1675,0.0,10.50745,1.14875,1.959,48.1,0,0,0-0
"Squash, winter, acorn, raw",0.1825,0.0,10.48,1.25,2.635,48.6,0,0,0-0
"Cabbage, bok choy, raw",0.2338,0.0,3.51495,1.02375,1.259,20.3,0,0,0-0
"Cauliflower, raw",0.2375,0.0,4.723075,1.640625,1.948,27.6,0,0,0-0
"Collards, raw",0.77,0.0,7.02225,2.96875,3.816,46.9,0,0,0-0
"Brussels sprouts, raw",0.565,0.0,9.615625,3.984375,4.785,59.5,0,0,0-0
"Beets, raw",0.3025,0.0,8.787,1.6875,3.119,44.6,0,0,0-0
"Eggplant, raw",0.12,0.0,5.399325,0.851875,2.448,26.1,0,0,0-0
"Tomatoes, whole, canned, solids and liquids, with salt added",0.2063,0.0,4.2874,0.8675,0.8725,22.5,0,0,0-0
"Tomato, sauce, canned, with salt added",0.3825,0.0,6.331625,1.351875,1.636,34.2,0,0,0-0
"Tomato, paste, canned, without salt added",0.7325,0.0,20.188125,4.234375,4.704,104.3,0,0,0-0
"Tomatoes, crushed, canned",0.3975,0.0,7.137,1.4375,1.944,37.9,0,0,0-0
"Tomato, puree, canned",0.265,0.0,8.036875,1.578125,1.971,40.8,0,0,0-0
"Apricot, with skin, raw",0.405,0.0,10.23875,0.96125,1.51,48.4,0,0,0-0
"Plantains, ripe, raw",0.8933,0.0,30.95215,1.15625,2.125,136.5,0,1,0-1
"Plantains, underripe, raw",0.685,0.0,33.587325,1.229375,2.53,145.4,0,1,0-1
"Arugula, baby, raw",0.325,0.0,5.36825,1.64875,2.28,31.0,0,0,0-0
"Asparagus, green, raw",0.2163,0.0,5.1012,1.4375,1.883,28.1,0,0,0-0
"Corn, sweet, yellow and white kernels,  fresh, raw",1.626,0.0,14.689625,2.789375,2.428,84.6,0,0,0-0
"Kiwifruit (kiwi), green, peeled, raw",0.64,0.0,13.818075,1.008125,2.129,65.1,0,0,0-0
"Mandarin, seedless, peeled, raw",0.4575,0.0,13.421825,1.039375,1.328,62.0,0,0,0-0
"Mango, Tommy Atkins, peeled, raw",0.5725,0.0,15.265,0.5625,1.753,68.5,0,0,0-0
"Mango, Ataulfo, peeled, raw",0.6813,0.0,17.3962,0.6875,1.289,78.5,0,0,0-0
"Pear, Anjou, green, with skin, raw",0.3713,0.0,14.7674,0.3125,2.636,63.7,0,0,0-0
"Plum, black, with skin, raw",0.2825,0.0,13.455575,0.578125,1.346,58.7,0,0,0-0
"Plantains, overripe, raw",0.99,0.0,29.191425,1.166875,1.792,130.3,0,1,0-1
"Carrots, frozen, unprepared",0.47,0.0,7.92,0.81,3.2,39.2,0,0,0-0
"Tomatoes, grape, raw",0.63,0.0,5.51,0.83,2.1,31.0,0,0,0-0
"Yogurt, Greek, plain, nonfat",0.37,0.108,3.64,10.3,0.0,59.1,0,0,0-0
"Olives, green, Manzanilla, stuffed with pimiento",12.9,2.3,4.96,1.15,4.0,140.5,0,1,0-1
"Tomatoes, canned, red, ripe, diced",0.5,0.0,3.32,0.84,0.0,21.1,0,0,0-0
"Fish, pollock, raw",0.41,0.128,0.0,12.3,0.0,52.9,0,0,0-0
"Lettuce, cos or romaine, raw",0.26,0.0,3.24,1.24,1.8,20.3,0,0,0-0
"Melons, cantaloupe, raw",0.18,0.0,8.16,0.82,0.8,37.5,0,0,0-0
"Oranges, raw, navels",0.15,0.0,11.8,0.91,2.0,52.2,0,0,0-0
"Pears, raw, bartlett",0.16,0.0,15.1,0.38,3.1,63.4,0,0,0-0
"Restaurant, Chinese, sweet and sour pork",13.6,2.68,25.5,8.88,1.0,259.9,0,1,0-1
"Milk, nonfat, fluid, with added vitamin A and vitamin D (fat free or skim)",0.08,0.049,4.92,3.43,0.0,34.1,0,0,0-0
"Sauce, salsa, ready-to-serve",0.19,0.0,6.74,1.44,1.8,34.4,0,0,0-0
"Milk, reduced fat, fluid, 2% milkfat, with added vitamin A and vitamin D",1.9,1.11,4.9,3.36,0.0,50.1,0,0,0-0
"Milk, whole, 3.25% milkfat, with added vitamin D",3.2,1.86,4.63,3.27,0.0,60.4,0,0,0-0
"Broccoli, raw",0.34,0.039,6.27,2.57,2.4,38.4,0,0,0-0
"Eggs, Grade A, Large, egg white",0.0,0.0,2.36,10.7,0.0,52.2,0,0,0-0
"Onions, red, raw",0.1,0.0,9.93,0.94,2.2,44.4,0,0,0-0
"Onions, yellow, raw",0.05,0.0,8.61,0.83,1.9,38.2,0,0,0-0
"Bananas, overripe, raw",0.22,0.0,20.1,0.73,1.7,85.3,0,0,0-0
"Bananas, ripe and slightly ripe, raw",0.29,0.0,23.0,0.74,1.7,97.6,0,0,0-0
"Ice creams, vanilla, light",4.83,2.927,29.46,4.78,0.3,180.4,0,1,0-1
"Ice creams, vanilla, rich",16.2,10.329,22.29,3.5,0.0,249.0,0,1,0-1
"Desserts, flan, caramel custard, prepared-from-recipe",4.03,1.799,22.78,4.53,0.0,145.5,0,1,0-1
"Ice creams, vanilla",11.0,6.79,23.6,3.5,0.7,207.4,0,1,0-1
"Ice creams, vanilla, light, soft-serve",2.6,1.63,21.8,4.9,0.0,130.2,0,1,0-1
"Sherbet, orange",2.0,1.16,30.4,1.1,1.3,144.0,0,1,0-1
"Ice creams, chocolate, light",7.19,4.38,25.7,5.0,0.8,187.5,0,1,0-1
"Puddings, banana, dry mix, instant, prepared with 2% milk",1.7,0.971,19.74,2.76,0.0,105.3,0,0,0-0
"Puddings, banana, dry mix, regular, prepared with 2% milk",1.73,1.015,18.43,2.9,0.0,100.9,0,0,0-0
"Van's, Gluten Free, Totally Original Pancakes",4.55,0.48,40.32,3.31,1.5,215.5,0,1,0-1
"Seaweed, Canadian Cultivated EMI-TSUNOMATA, rehydrated",0.17,0.05,5.62,1.86,4.5,31.4,0,0,0-0
"Potatoes, hash brown, refrigerated, unprepared",0.08,0.0,19.16,1.75,1.8,84.4,0,0,0-0
"Potatoes, hash brown, refrigerated, prepared, pan-fried in canola oil",10.3,0.805,33.99,3.24,3.6,241.6,0,1,0-1
"Sweet Potatoes, french fried, frozen as packaged, salt added in processing",8.92,1.157,35.58,2.16,5.7,231.2,0,1,0-1
"Squash, Indian, cooked, boiled (Navajo)",0.15,0.0,3.22,0.31,1.5,15.5,0,0,0-0
Tamales (Navajo),6.12,2.396,18.12,6.28,3.1,152.7,0,1,0-1
"Restaurant, Mexican, soft taco with ground beef, cheese and lettuce",10.81,4.486,17.92,12.56,1.5,219.2,0,1,0-1
"Restaurant, Latino, chicken and rice, entree, prepared",5.06,1.101,20.03,12.02,1.2,173.7,0,1,0-1
"Restaurant, Latino, pupusas con frijoles (pupusas, bean)",9.01,2.188,31.49,5.59,5.8,229.4,0,1,0-1
"Restaurant, Latino, pupusas con queso (pupusas, cheese)",13.25,6.479,22.39,11.72,2.9,255.7,0,1,0-1
"Restaurant, Latino, pupusas del cerdo (pupusas, pork)",10.43,3.166,23.02,11.51,2.6,232.0,0,1,0-1
"Restaurant, Latino, tamale, corn",7.21,2.629,26.68,3.48,3.2,185.5,0,1,0-1
"Restaurant, Mexican, spanish rice",5.29,1.005,31.16,3.28,1.2,185.4,0,1,0-1
"Restaurant, Mexican, refried beans",6.77,1.84,16.79,6.91,8.0,155.7,0,1,0-1
"Restaurant, Chinese, egg rolls, assorted",11.94,2.116,27.29,8.28,2.6,249.7,0,1,0-1
"Restaurant, Chinese, fried rice, without meat",2.96,0.54,32.79,4.05,1.1,174.0,0,1,0-1
"CRACKER BARREL, steak fries",13.18,2.369,30.87,3.26,3.5,255.1,0,1,0-1
"CRACKER BARREL, macaroni n' cheese plate, from kid's menu",11.51,4.197,15.58,6.46,0.7,191.8,0,1,0-1
"DENNY'S, french fries",14.13,2.534,35.2,3.41,3.5,281.6,0,1,0-1
"Restaurant, Chinese, lemon chicken",13.55,2.033,20.61,11.87,1.0,251.9,0,1,0-1
"Restaurant, Chinese, kung pao chicken",6.98,1.352,6.87,9.76,1.5,129.3,0,1,0-1
"Restaurant, Chinese, vegetable lo mein, without meat",2.35,0.464,20.16,4.77,1.3,120.9,0,1,0-1
"Restaurant, Chinese, chicken and vegetables",4.56,0.77,5.38,8.18,0.9,95.3,0,0,0-0
"Restaurant, Italian, spaghetti with meat sauce",3.59,1.062,16.4,5.79,1.6,121.1,0,1,0-1
"Pectin, liquid",0.0,0.0,2.1,0.0,2.1,8.4,0,0,0-0
"Frozen novelties, ice cream type, vanilla ice cream, light, no sugar added, chocolate coated",10.1,5.528,26.11,6.4,0.8,220.9,0,1,0-1
"Creamy dressing, made with sour cream and/or buttermilk and oil, reduced calorie",14.0,2.115,7.0,1.5,0.0,160.0,0,1,0-1
"Milk dessert, frozen, milk-fat free, chocolate",1.0,0.597,37.7,4.3,0.0,177.0,0,1,0-1
"Whipped topping, frozen, low fat",13.1,11.273,23.6,3.0,0.0,224.3,0,1,0-1
"Babyfood, apple yogurt dessert, strained",1.6,1.034,19.5,0.8,0.5,95.6,0,0,0-0
"Salad dressing, blue or roquefort cheese dressing, light",2.7,0.628,13.2,2.1,0.0,85.5,0,0,0-0
"Salad dressing, french dressing, reduced calorie",13.0,1.872,27.0,0.4,0.0,226.6,0,1,0-1
"Milk, buttermilk, fluid, cultured, reduced fat",2.0,1.242,5.3,4.1,0.0,55.6,0,0,0-0
"Salad dressing, blue or roquefort cheese dressing, fat-free",1.01,0.45,25.6,1.52,1.8,117.6,0,1,0-1
"Salad Dressing, mayonnaise-like, fat-free",2.7,0.6,15.5,0.2,1.9,87.1,0,0,0-0
"Cheese, cottage, lowfat, 1% milkfat, lactose reduced",1.0,0.64,3.2,12.4,0.6,71.4,0,0,0-0
"Jams, preserves, marmalade, reduced sugar",0.1,0.005,37.6,0.0,1.5,151.3,0,1,0-1
"Tomato and vegetable juice, low sodium",0.1,0.014,4.59,0.6,0.8,21.7,0,0,0-0
"Beverages, Chocolate-flavored drink, whey and milk based",0.4,0.31,10.68,0.64,0.6,48.9,0,0,0-0
"Cheese, cottage, lowfat, 1% milkfat, with vegetables",1.0,0.619,3.0,10.9,0.0,64.6,0,0,0-0
"Babyfood, juice, pear",0.0,0.0,11.86,0.0,0.1,47.4,0,0,0-0
"Babyfood, meat, beef with vegetables, toddler",2.1,0.847,8.72,3.5,1.8,67.8,0,0,0-0
"Frozen novelties, juice type, juice with cream",1.41,0.705,24.11,1.41,0.1,114.8,0,0,0-0
Tofu yogurt,1.8,0.259,15.96,3.5,0.2,94.0,0,0,0-0
"Alcoholic beverage, rice (sake)",0.0,0.0,5.0,0.5,0.0,22.0,0,0,0-0
"Babyfood, mixed fruit yogurt, strained",0.8,0.517,16.23,0.8,0.4,75.3,0,0,0-0
"Beverages, ABBOTT, ENSURE PLUS, ready-to-drink",4.52,0.574,19.88,5.16,0.0,140.8,0,1,0-1
"Babyfood, juice, apple - cherry",0.1,0.02,11.2,0.2,0.3,46.5,0,0,0-0
"Milk, imitation, non-soy",2.0,0.254,5.3,1.6,0.0,45.6,0,0,0-0
"Babyfood, banana no tapioca, strained",0.2,0.072,21.34,1.0,1.6,91.2,0,0,0-0
"Babyfood, banana apple dessert, strained",0.2,0.058,16.3,0.3,1.0,68.2,0,0,0-0
"Pie fillings, blueberry, canned",0.2,0.0,44.38,0.41,2.6,181.0,0,1,0-1
"Lemons, raw, without peel",0.3,0.039,9.32,1.1,2.8,44.4,0,0,0-0
"Lemon juice, raw",0.24,0.04,6.9,0.35,0.3,31.2,0,0,0-0
"Lemon juice from concentrate, canned or bottled",0.07,0.027,5.62,0.45,0.7,24.9,0,0,0-0
"Lemon peel, raw",0.3,0.039,16.0,1.5,10.6,72.7,0,0,0-0
"Prickly pears, raw",0.51,0.067,9.57,0.73,3.6,45.8,0,0,0-0
"Plums, dried (prunes), stewed, without added sugar",0.16,0.01,28.08,0.96,3.1,117.6,0,1,0-1
"Plums, dried (prunes), stewed, with added sugar",0.22,0.017,32.88,1.09,3.8,137.9,0,1,0-1
"Prune juice, canned",0.03,0.003,17.45,0.61,1.0,72.5,0,0,0-0
"Pummelo, raw",0.04,0.0,9.62,0.76,1.0,41.9,0,0,0-0
"Raspberries, canned, red, heavy syrup pack, solids and liquids",0.12,0.005,23.36,0.83,3.3,97.8,0,0,0-0
"Raspberries, frozen, red, sweetened",0.16,0.005,26.16,0.7,4.4,108.9,0,0,0-0
"Rhubarb, raw",0.2,0.053,4.54,0.9,1.8,23.6,0,0,0-0
"Sapodilla, raw",1.1,0.194,19.96,0.44,5.3,91.5,0,0,0-0
"Sapote, mamey, raw",0.46,0.169,32.1,1.45,5.4,138.3,0,1,0-1
"Soursop, raw",0.3,0.051,16.84,1.0,3.3,74.1,0,0,0-0
"Fruit salad, (pineapple and papaya and banana and guava), tropical, canned, heavy syrup, solids and liquids",0.1,0.019,22.36,0.41,1.3,92.0,0,0,0-0
"Watermelon, raw",0.15,0.016,7.55,0.61,0.4,34.0,0,0,0-0
"Maraschino cherries, canned, drained",0.21,0.039,41.97,0.22,3.2,170.6,0,1,0-1
"Pineapple, canned, juice pack, drained",0.11,0.008,15.56,0.51,1.3,65.3,0,0,0-0
"Apricots, canned, heavy syrup, drained",0.11,0.007,21.31,0.64,2.7,88.8,0,0,0-0
"Cherries, sour, canned, water pack, drained",0.21,0.0,10.45,0.69,1.2,46.4,0,0,0-0
"Cherries, sweet, canned, pitted, heavy syrup, drained",0.21,0.041,21.07,0.73,2.3,89.1,0,0,0-0
"Apple juice, canned or bottled, unsweetened, with added ascorbic acid",0.13,0.022,11.3,0.1,0.2,46.8,0,0,0-0
"Applesauce, canned, unsweetened, with added ascorbic acid",0.1,0.008,11.27,0.17,1.1,46.7,0,0,0-0
"Applesauce, canned, sweetened, with salt",0.18,0.03,19.91,0.18,1.2,82.0,0,0,0-0
"Apple juice, frozen concentrate, unsweetened, diluted with 3 volume water, with added ascorbic acid",0.1,0.018,11.54,0.14,0.1,47.6,0,0,0-0
"Pears, raw, bartlett (Includes foods for USDA's Food Distribution Program)",0.16,0.0,15.01,0.39,3.1,63.0,0,0,0-0
"Pears, raw, red anjou",0.14,0.0,14.94,0.33,3.0,62.3,0,0,0-0
"Pears, raw, bosc (Includes foods for USDA's Food Distribution Program)",0.09,0.0,16.1,0.36,3.1,66.6,0,0,0-0
"Pears, raw, green anjou (Includes foods for USDA's Food Distribution Program)",0.1,0.0,15.79,0.44,3.1,65.8,0,0,0-0
"Abiyuch, raw",0.1,0.014,17.6,1.5,5.3,77.3,0,0,0-0
"Rowal, raw",2.0,0.245,23.9,2.3,6.2,122.8,0,1,0-1
"Guava nectar, canned, with added ascorbic acid",0.06,0.02,16.25,0.09,1.0,65.9,0,0,0-0
"Mango nectar, canned",0.06,0.014,13.12,0.11,0.3,53.5,0,0,0-0
"Tamarind nectar, canned",0.12,0.0,14.73,0.09,0.5,60.4,0,0,0-0
"Pomegranate juice, bottled",0.29,0.077,13.13,0.15,0.1,55.7,0,0,0-0
"Nance, canned, syrup, drained",1.28,0.0,22.79,0.56,7.0,104.9,0,0,0-0
"Nance, frozen, unsweetened",1.16,0.0,16.97,0.66,7.5,81.0,0,0,0-0
"Naranjilla (lulo) pulp, frozen, unsweetened",0.22,0.0,5.9,0.44,1.1,27.3,0,0,0-0
Orange Pineapple Juice Blend,0.08,0.011,12.2,0.41,0.2,51.2,0,0,0-0
"Apples, raw, fuji, with skin (Includes foods for USDA's Food Distribution Program)",0.18,0.0,15.22,0.2,2.1,63.3,0,0,0-0
"Orange juice, chilled, includes from concentrate, with added calcium and vitamins A, D, E",0.12,0.014,11.54,0.68,0.3,50.0,0,0,0-0
"Fruit juice smoothie, NAKED JUICE, MIGHTY MANGO",0.0,0.0,15.0,0.42,0.0,61.7,0,0,0-0
"Fruit juice smoothie, NAKED JUICE, GREEN MACHINE",0.26,0.053,12.53,0.6,0.7,54.9,0,0,0-0
"Fruit juice smoothie, BOLTHOUSE FARMS, BERRY BOOST",0.02,0.003,10.9,0.63,0.0,46.3,0,0,0-0
"Fruit juice smoothie, BOLTHOUSE FARMS, GREEN GOODNESS",0.33,0.068,13.04,0.63,0.6,57.6,0,0,0-0
"Fruit juice smoothie, BOLTHOUSE FARMS, strawberry banana",0.3,0.055,12.37,0.44,0.6,53.9,0,0,0-0
"Apple juice, canned or bottled, unsweetened, with added ascorbic acid, calcium, and potassium",0.17,0.029,11.49,0.12,0.3,48.0,0,0,0-0
"Lemon juice from concentrate, bottled, REAL LEMON",0.07,0.027,5.66,0.47,0.7,25.2,0,0,0-0
"Cranberry sauce, whole, canned, OCEAN SPRAY",0.05,0.007,40.4,0.75,1.2,165.0,0,1,0-1
"Cranberry sauce, jellied, canned, OCEAN SPRAY",0.04,0.007,40.61,1.05,1.0,167.0,0,1,0-1
"Ruby Red grapefruit juice blend (grapefruit, grape, apple), OCEAN SPRAY, bottled, with added vitamin C",0.1,0.008,10.53,0.5,0.2,45.0,0,0,0-0
"Focaccia, Italian flatbread, plain",7.89,0.877,35.82,8.77,1.8,249.4,0,1,0-1
"Ice creams, french vanilla, soft-serve",13.0,7.48,22.2,4.1,0.7,222.2,0,1,0-1
"Puddings, chocolate, dry mix, instant, prepared with 2% milk",1.92,1.064,18.89,3.15,0.4,105.4,0,0,0-0
"Sweet Potatoes, french fried, crosscut, frozen, unprepared",11.1,0.93,25.52,1.7,3.4,208.8,0,1,0-1
"Sweet Potato puffs, frozen, unprepared",3.58,0.31,30.72,1.36,1.9,160.5,0,1,0-1
"Stew, hominy with mutton (Navajo)",2.06,0.733,9.38,6.71,2.0,82.9,0,0,0-0
"Stew, mutton, corn, squash (Navajo)",4.34,1.735,7.27,8.62,1.7,102.6,0,1,0-1
"Restaurant, Latino, arroz con leche (rice pudding)",3.69,1.899,24.92,3.2,0.5,145.7,0,1,0-1
"Restaurant, Latino, Arroz con frijoles negros (rice and black beans)",3.85,0.729,24.4,4.64,3.4,150.8,0,1,0-1
"Restaurant, Latino, Arroz con habichuelas colorados (Rice And Red Beans)",3.46,0.502,23.74,3.96,2.6,141.9,0,1,0-1
"Restaurant, Latino, Arroz con grandules (rice and pigeonpeas)",4.98,0.763,30.75,3.5,1.4,181.8,0,1,0-1
"Restaurant, Latino, tamale, pork",9.04,2.692,15.75,7.35,2.4,173.8,0,1,0-1
"Restaurant, Latino, black bean soup",2.57,0.535,14.79,5.1,4.9,102.7,0,0,0-0
"Restaurant, Latino, tripe soup",2.58,1.045,4.07,8.61,0.0,73.9,0,0,0-0
"Restaurant, Latino, arepa (unleavened cornmeal bread)",5.38,2.902,37.14,5.48,2.6,218.9,0,1,0-1
"Restaurant, Chinese, beef and vegetables",5.3,0.978,7.29,7.08,1.5,105.2,0,0,0-0
"DENNY'S, macaroni & cheese, from kid's menu",4.92,1.384,21.16,5.19,1.2,149.7,0,1,0-1
"Restaurant, Chinese, shrimp and vegetables",4.05,0.633,4.52,5.9,1.4,78.1,0,0,0-0
"Restaurant, Chinese, sweet and sour chicken",12.65,1.933,23.86,10.1,1.0,249.7,0,1,0-1
"Restaurant, Chinese, chicken chow mein",2.8,0.49,8.29,6.76,1.0,85.4,0,0,0-0
"Restaurant, Chinese, vegetable chow mein, without meat or noodles",1.68,0.293,5.74,1.34,1.2,43.4,0,0,0-0
"OLIVE GARDEN, spaghetti with meat sauce",3.28,1.024,17.19,5.8,1.7,121.5,0,1,0-1
"CARRABBA'S ITALIAN GRILL, spaghetti with meat sauce",3.92,1.1,15.71,5.87,1.5,121.6,0,1,0-1
"Babyfood, banana juice with low fat yogurt",0.8,0.517,17.54,2.5,0.4,87.4,0,0,0-0
"Babyfood, mixed fruit juice with low fat yogurt",0.8,0.517,14.68,2.4,0.4,75.5,0,0,0-0
"Salad dressing, italian dressing, reduced calorie",20.0,2.88,6.7,0.3,0.2,208.0,0,1,0-1
"Cream substitute, liquid, light",3.5,0.896,9.1,0.8,0.0,71.1,0,0,0-0
"Creamy dressing, made with sour cream and/or buttermilk and oil, reduced calorie, fat-free",2.7,0.494,20.0,1.4,0.0,109.9,0,0,0-0
"Creamy dressing, made with sour cream and/or buttermilk and oil, reduced calorie, cholesterol-free",8.0,1.355,16.0,1.0,0.0,140.0,0,1,0-1
"Frozen yogurts, chocolate, nonfat milk, sweetened without sugar",0.8,0.505,19.7,4.4,2.0,103.6,0,0,0-0
"Frozen yogurts, chocolate",3.6,2.272,21.6,3.0,2.3,130.8,0,1,0-1
"Frozen yogurts, flavors other than chocolate",3.6,2.326,21.6,3.0,0.0,130.8,0,1,0-1
"Salad dressing, mayonnaise and mayonnaise-type, low calorie",19.0,2.962,23.9,0.9,0.0,270.2,0,1,0-1
"Frozen novelties, juice type, orange",0.0,0.0,23.17,0.5,0.1,94.7,0,0,0-0
"Cheese, cottage, lowfat, 1% milkfat, no sodium added",1.0,0.632,2.7,12.4,0.0,69.4,0,0,0-0
"Mayonnaise, low sodium, low calorie or diet",19.2,3.3,16.0,0.3,0.0,238.0,0,1,0-1
"Cranberry juice, unsweetened",0.13,0.01,12.2,0.39,0.1,51.5,0,0,0-0
"Turnip greens, canned, no salt added",0.3,0.07,2.81,1.36,1.3,19.4,0,0,0-0
"Beverages, cranberry-apple juice drink, low calorie, with vitamin C added",0.0,0.0,4.7,0.1,0.1,19.2,0,0,0-0
"Babyfood, dinner, macaroni, beef and tomato sauce, toddler",1.9,0.705,11.53,4.34,1.1,80.6,0,0,0-0
"Beans, baked, canned, no salt added",0.4,0.103,20.49,4.8,5.5,104.8,0,1,0-1
"Jellyfish, dried, salted",1.4,0.273,0.0,5.5,0.0,34.6,0,0,0-0
"Frozen novelties, ice type, pop, with low calorie sweetener",0.0,0.0,5.92,0.0,0.0,23.7,0,0,0-0
"Babyfood, dessert, peach yogurt",0.18,0.117,17.6,0.9,0.4,75.6,0,0,0-0
"Babyfood, dessert, blueberry yogurt, strained",0.7,0.452,17.05,0.5,0.4,76.5,0,0,0-0
"Babyfood, dessert, banana yogurt, strained",0.52,0.37,17.35,1.1,0.5,78.5,0,0,0-0
"Ice creams, chocolate, rich",16.98,10.377,19.78,4.72,0.9,250.8,0,1,0-1
"Babyfood, fruit supreme dessert",0.2,0.03,17.18,0.5,2.0,72.5,0,0,0-0
"Babyfood, grape juice, no sugar, canned",0.0,0.0,15.38,0.0,0.0,61.5,0,0,0-0
"Kiwifruit, green, raw",0.52,0.029,14.66,1.14,3.0,67.9,0,0,0-0
"Kumquats, raw",0.86,0.103,15.9,1.88,6.5,78.9,0,0,0-0
"Limes, raw",0.2,0.022,10.54,0.7,2.8,46.8,0,0,0-0
"Lime juice, raw",0.07,0.008,8.42,0.42,0.4,36.0,0,0,0-0
"Lime juice, canned or bottled, unsweetened",0.23,0.026,6.69,0.25,0.4,29.8,0,0,0-0
"Prunes, canned, heavy syrup pack, solids and liquids",0.2,0.016,27.8,0.87,3.8,116.5,0,1,0-1
"Quinces, raw",0.1,0.01,15.3,0.4,1.9,63.7,0,0,0-0
"Rambutan, canned, syrup pack",0.21,0.0,20.87,0.65,0.9,88.0,0,0,0-0
"Rhubarb, frozen, uncooked",0.11,0.029,5.1,0.55,1.8,23.6,0,0,0-0
"Rhubarb, frozen, cooked, with sugar",0.05,0.014,31.2,0.39,2.0,126.8,0,1,0-1
"Strawberries, canned, heavy syrup pack, solids and liquids",0.26,0.014,23.53,0.56,1.7,98.7,0,0,0-0
"Strawberries, frozen, unsweetened (Includes foods for USDA's Food Distribution Program)",0.11,0.006,9.13,0.43,2.1,39.2,0,0,0-0
"Strawberries, frozen, sweetened, sliced",0.13,0.007,25.92,0.53,1.9,107.0,0,0,0-0
"Sugar-apples, (sweetsop), raw",0.29,0.048,23.64,2.06,4.4,105.4,0,0,0-0
"Feijoa, raw",0.42,0.104,15.21,0.71,6.4,67.5,0,0,0-0
"Pears, asian, raw",0.23,0.012,10.65,0.5,3.6,46.7,0,0,0-0
"Fruit cocktail, canned, heavy syrup, drained",0.1,0.014,18.8,0.47,1.7,78.0,0,0,0-0
"Blueberries, canned, light syrup, drained",0.4,0.028,22.66,1.04,2.6,98.4,0,0,0-0
"Blueberries, wild, canned, heavy syrup, drained",0.34,0.0,28.32,0.56,4.9,118.6,0,1,0-1
"Peaches, canned, heavy syrup, drained",0.18,0.013,18.43,0.52,1.2,77.4,0,0,0-0
"Pears, canned, heavy syrup, drained",0.18,0.01,19.08,0.24,2.7,78.9,0,0,0-0
"Plums, canned, heavy syrup, drained",0.14,0.011,23.12,0.44,1.5,95.5,0,0,0-0
"Tangerines, (mandarin oranges), canned, juice pack, drained",0.04,0.004,9.41,0.75,1.2,41.0,0,0,0-0
"Peach nectar, canned, with added ascorbic acid",0.51,0.224,11.93,0.21,0.1,53.2,0,0,0-0
"Pear nectar, canned, with added ascorbic acid",0.01,0.001,15.76,0.11,0.6,63.6,0,0,0-0
"Pineapple juice, canned or bottled, unsweetened, with added ascorbic acid",0.12,0.008,12.87,0.36,0.2,54.0,0,0,0-0
"Grapefruit juice, white, bottled, unsweetened, OCEAN SPRAY",0.64,0.0,7.51,0.54,0.6,38.0,0,0,0-0
"Jackfruit, canned, syrup pack",0.14,0.0,23.94,0.36,0.9,98.5,0,0,0-0
"Pineapple, raw, extra sweet variety",0.11,0.0,13.5,0.53,1.4,57.1,0,0,0-0
"Clementines, raw",0.15,0.0,12.02,0.85,1.7,52.8,0,0,0-0
"Guanabana nectar, canned",0.17,0.029,14.93,0.11,0.1,61.7,0,0,0-0
"Juice, apple and grape blend, with added ascorbic acid",0.12,0.023,12.46,0.16,0.2,51.6,0,0,0-0
"Juice, apple, grape and pear blend, with added ascorbic acid and calcium",0.12,0.021,12.96,0.17,0.2,53.6,0,0,0-0
"Apples, raw, red delicious, with skin (Includes foods for USDA's Food Distribution Program)",0.2,0.0,14.06,0.27,2.3,59.1,0,0,0-0
"Apples, raw, golden delicious, with skin",0.15,0.0,13.6,0.28,2.4,56.9,0,0,0-0
"Apples, raw, granny smith, with skin (Includes foods for USDA's Food Distribution Program)",0.19,0.0,13.61,0.44,2.8,57.9,0,0,0-0
"Apples, raw, gala, with skin (Includes foods for USDA's Food Distribution Program)",0.12,0.0,13.68,0.25,2.3,56.8,0,0,0-0
"Pineapple juice, canned, not from concentrate, unsweetened, with added vitamins A, C and E",0.14,0.0,12.18,0.36,0.2,51.4,0,0,0-0
"Fruit juice smoothie, NAKED JUICE, BLUE MACHINE",0.0,0.0,16.67,0.42,2.9,68.4,0,0,0-0
"Grape juice, canned or bottled, unsweetened, with added ascorbic acid and calcium",0.13,0.025,14.77,0.37,0.2,61.7,0,0,0-0
"Fruit juice smoothie, ODWALLA, ORIGINAL SUPERFOOD",0.36,0.105,11.51,0.63,0.6,51.8,0,0,0-0
"Raspberries, frozen, red, unsweetened",0.81,0.064,12.55,1.15,4.3,62.1,0,0,0-0
"Guava nectar, with sucralose, canned",0.07,0.023,13.3,0.3,1.2,55.0,0,0,0-0
"Kiwifruit, ZESPRI SunGold, raw",0.28,0.065,15.79,1.02,1.4,69.8,0,0,0-0
"Cranberry juice blend, 100% juice, bottled, with added vitamin C and calcium",0.12,0.002,10.91,0.27,0.1,45.8,0,0,0-0
"Fruit juice smoothie, ODWALLA, strawberry banana",0.32,0.059,11.05,0.5,0.6,49.1,0,0,0-0
"Fruit juice smoothie, NAKED JUICE, strawberry banana",0.27,0.061,11.66,0.48,0.6,51.0,0,0,0-0
"Plantains, green, raw",0.07,0.121,36.66,1.25,2.2,152.3,0,1,0-1
"Plantains, green, boiled",0.08,0.072,29.15,1.09,2.6,121.7,0,1,0-1
"Alfalfa seeds, sprouted, raw",0.69,0.069,2.1,3.99,1.9,30.6,0,0,0-0
"Amaranth leaves, raw",0.33,0.091,4.02,2.46,0.0,28.9,0,0,0-0
"Artichokes, (globe or french), cooked, boiled, drained, without salt",0.34,0.079,11.95,2.89,5.7,62.4,0,0,0-0
"Artichokes, (globe or french), frozen, unprepared",0.43,0.099,7.75,2.63,3.9,45.4,0,0,0-0
"Artichokes, (globe or french), frozen, cooked, boiled, drained, without salt",0.5,0.119,9.18,3.11,4.6,53.7,0,0,0-0
"Asparagus, raw",0.12,0.04,3.88,2.2,2.1,25.4,0,0,0-0
"Asparagus, cooked, boiled, drained",0.22,0.048,4.11,2.4,2.0,28.0,0,0,0-0
"Balsam-pear (bitter gourd), leafy tips, raw",0.69,0.0,3.29,5.3,0.0,40.6,0,0,0-0
"Balsam-pear (bitter gourd), leafy tips, cooked, boiled, drained, without salt",0.2,0.032,6.68,3.6,1.9,42.9,0,0,0-0
"Balsam-pear (bitter gourd), pods, raw",0.17,0.0,3.7,1.0,2.8,20.3,0,0,0-0
"Balsam-pear (bitter gourd), pods, cooked, boiled, drained, without salt",0.18,0.014,4.32,0.84,2.0,22.3,0,0,0-0
"Lima beans, immature seeds, raw",0.86,0.198,20.17,6.84,4.9,115.8,0,1,0-1
"Corn, sweet, yellow, canned, drained solids, rinsed with tap water",1.43,0.219,13.02,2.18,1.7,73.7,0,0,0-0
"Corn, sweet, yellow, frozen, kernels cut off cob, unprepared (Includes foods for USDA's Food Distribution Program)",0.78,0.119,20.71,3.02,2.1,101.9,0,0,0-0
"Corn, sweet, yellow, frozen, kernels cut off cob, boiled, drained, without salt",0.67,0.103,19.3,2.55,2.4,93.4,0,0,0-0
"Corn, sweet, yellow, frozen, kernels on cob, unprepared",0.78,0.12,23.5,3.28,2.8,114.1,0,1,0-1
"Corn, sweet, yellow, frozen, kernels on cob, cooked, boiled, drained, without salt",0.74,0.114,22.33,3.11,2.8,108.4,0,0,0-0
"Cowpeas (blackeyes), immature seeds, cooked, boiled, drained, without salt",0.38,0.096,20.32,3.17,5.0,97.4,0,0,0-0
"Cowpeas (blackeyes), immature seeds, frozen, unprepared",0.7,0.185,25.13,8.98,5.0,142.7,0,1,0-1
"Cowpeas (blackeyes), immature seeds, frozen, cooked, boiled, drained, without salt",0.66,0.175,23.76,8.49,6.4,134.9,0,1,0-1
"Cowpeas, young pods with seeds, raw",0.3,0.079,9.5,3.3,3.3,53.9,0,0,0-0
"Cowpeas, leafy tips, cooked, boiled, drained, without salt",0.1,0.026,2.8,4.67,0.0,30.8,0,0,0-0
"Cress, garden, raw",0.7,0.023,5.5,2.6,1.1,38.7,0,0,0-0
"Cress, garden, cooked, boiled, drained, without salt",0.6,0.02,3.8,1.9,0.7,28.2,0,0,0-0
"Edamame, frozen, prepared",5.2,0.62,8.91,11.91,5.2,130.1,0,1,0-1
"Endive, raw",0.2,0.048,3.35,1.25,3.1,20.2,0,0,0-0
"Escarole, cooked, boiled, drained, no salt added",0.18,0.042,3.07,1.15,2.8,18.5,0,0,0-0
"Gourd, dishcloth (towelgourd), raw",0.2,0.016,4.35,1.2,1.1,24.0,0,0,0-0
"Gourd, dishcloth (towelgourd), cooked, boiled, drained, without salt",0.34,0.027,14.34,0.66,2.9,63.1,0,0,0-0
"Drumstick leaves, raw",1.4,0.0,8.28,9.4,2.0,83.3,0,0,0-0
"Drumstick leaves, cooked, boiled, drained, without salt",0.93,0.152,11.15,5.27,2.0,74.0,0,0,0-0
"Jute, potherb, cooked, boiled, drained, without salt",0.2,0.03,7.29,3.68,2.0,45.7,0,0,0-0
"Kale, raw",1.49,0.178,4.42,2.92,4.1,42.8,0,0,0-0
"Mushrooms, Chanterelle, raw",0.53,0.0,6.86,1.49,3.8,38.2,0,0,0-0
"Mushrooms, morel, raw",0.57,0.065,5.1,3.12,2.8,38.0,0,0,0-0
"Kohlrabi, raw",0.1,0.013,6.2,1.7,3.6,32.5,0,0,0-0
"Kohlrabi, cooked, boiled, drained, without salt",0.11,0.014,6.69,1.8,1.1,35.0,0,0,0-0
"Leeks, (bulb and lower leaf-portion), cooked, boiled, drained, without salt",0.2,0.027,7.62,0.81,1.0,35.5,0,0,0-0
"Lettuce, butterhead (includes boston and bibb types), raw",0.22,0.029,2.23,1.35,1.1,16.3,0,0,0-0
"Lotus root, cooked, boiled, drained, without salt",0.07,0.021,16.02,1.58,3.1,71.0,0,0,0-0
"Lettuce, red leaf, raw",0.22,0.028,2.26,1.33,0.9,16.3,0,0,0-0
"Mountain yam, hawaii, raw",0.1,0.022,16.3,1.34,2.5,71.5,0,0,0-0
"Mushrooms, brown, italian, or crimini, raw",0.1,0.014,4.3,2.5,0.6,28.1,0,0,0-0
"Mushrooms, shiitake, stir-fried",0.35,0.032,7.68,3.45,3.6,47.7,0,0,0-0
"Mushrooms, shiitake, cooked, without salt",0.22,0.05,14.39,1.56,2.1,65.8,0,0,0-0
"Mustard spinach, (tendergreen), raw",0.3,0.015,3.9,2.2,2.8,27.1,0,0,0-0
"Mustard spinach, (tendergreen), cooked, boiled, drained, without salt",0.2,0.0,2.8,1.7,2.0,19.8,0,0,0-0
"New Zealand spinach, raw",0.2,0.032,2.5,1.5,1.5,17.8,0,0,0-0
"New Zealand spinach, cooked, boiled, drained, without salt",0.17,0.027,2.13,1.3,1.4,15.2,0,0,0-0
"Potatoes, french fried, all types, salt added in processing, frozen, unprepared",4.66,1.005,24.81,2.24,1.9,150.1,0,1,0-1
"Potatoes, french fried, steak fries, salt added in processing, frozen, as purchased",3.39,0.688,23.51,2.19,1.9,133.3,0,1,0-1
"Potatoes, french fried, steak fries, salt added in processing, frozen, oven-heated",3.76,0.737,26.98,2.57,2.6,152.0,0,1,0-1
"Pumpkin leaves, cooked, boiled, drained, without salt",0.22,0.114,3.39,2.72,2.7,26.4,0,0,0-0
"Pumpkin, raw",0.1,0.052,6.5,1.0,0.5,30.9,0,0,0-0
"Pumpkin, cooked, boiled, drained, without salt",0.07,0.037,4.9,0.72,1.1,23.1,0,0,0-0
"Pumpkin, canned, without salt",0.28,0.146,8.09,1.1,2.9,39.3,0,0,0-0
"Radishes, oriental, raw",0.1,0.03,4.1,0.6,1.6,19.7,0,0,0-0
"Radishes, oriental, cooked, boiled, drained, without salt",0.24,0.073,3.43,0.67,1.6,18.6,0,0,0-0
"Rutabagas, raw",0.16,0.027,8.62,1.08,2.3,40.2,0,0,0-0
"Rutabagas, cooked, boiled, drained, without salt",0.18,0.029,6.84,0.93,1.8,32.7,0,0,0-0
"Seaweed, irishmoss, raw",0.16,0.033,12.29,1.51,1.3,56.6,0,0,0-0
"Seaweed, kelp, raw",0.56,0.247,9.57,1.68,1.3,50.0,0,0,0-0
"Seaweed, laver, raw",0.28,0.061,5.11,5.81,0.3,46.2,0,0,0-0
"Soybeans, mature seeds, sprouted, cooked, steamed",4.45,0.617,6.53,8.47,0.8,100.1,0,0,0-0
"Spinach, raw",0.39,0.063,3.63,2.86,2.2,29.5,0,0,0-0
"Spinach, cooked, boiled, drained, without salt",0.26,0.043,3.75,2.97,2.4,29.2,0,0,0-0
"Squash, summer, crookneck and straightneck, raw",0.27,0.093,3.88,1.01,1.0,22.0,0,0,0-0
"Squash, summer, crookneck and straightneck, cooked, boiled, drained, without salt",0.39,0.064,3.79,1.04,1.1,22.8,0,0,0-0
"Squash, summer, crookneck and straightneck, canned, drained, solid, without salt",0.07,0.015,2.96,0.61,1.4,14.9,0,0,0-0
"Squash, summer, crookneck and straightneck, frozen, unprepared",0.14,0.029,4.8,0.83,1.2,23.8,0,0,0-0
"Squash, summer, crookneck and straightneck, frozen, cooked, boiled, drained, without salt",0.2,0.04,5.54,1.28,1.4,29.1,0,0,0-0
"Squash, summer, zucchini, includes skin, frozen, unprepared",0.13,0.027,3.58,1.16,1.3,20.1,0,0,0-0
"Squash, summer, zucchini, includes skin, frozen, cooked, boiled, drained, without salt",0.13,0.027,3.56,1.15,1.3,20.0,0,0,0-0
"Squash, winter, butternut, frozen, unprepared",0.1,0.021,14.41,1.76,1.3,65.6,0,0,0-0
"Squash, winter, hubbard, raw",0.5,0.103,8.7,2.0,3.9,47.3,0,0,0-0
"Squash, winter, hubbard, baked, without salt",0.62,0.128,10.81,2.48,4.9,58.7,0,0,0-0
"Succotash, (corn and limas), cooked, boiled, drained, without salt",0.8,0.148,24.38,5.07,4.5,125.0,0,1,0-1
"Succotash, (corn and limas), canned, with cream style corn",0.54,0.101,17.61,2.64,3.0,85.9,0,0,0-0
"Succotash, (corn and limas), canned, with whole kernel corn, solids and liquids",0.49,0.092,13.98,2.6,2.6,70.7,0,0,0-0
"Succotash, (corn and limas), frozen, unprepared",0.89,0.166,19.94,4.31,4.0,105.0,0,0,0-0
"Succotash, (corn and limas), frozen, cooked, boiled, drained, without salt",0.89,0.166,19.95,4.31,4.1,105.0,0,0,0-0
"Sweet potato, raw, unprepared (Includes foods for USDA's Food Distribution Program)",0.05,0.018,20.12,1.57,3.0,87.2,0,0,0-0
"Sweet potato, cooked, baked in skin, flesh, without salt",0.15,0.052,20.71,2.01,3.3,92.2,0,0,0-0
"Sweet potato, cooked, boiled, without skin",0.14,0.031,17.72,1.37,2.5,77.6,0,0,0-0
"Sweet potato, canned, vacuum pack",0.2,0.041,21.12,1.65,1.8,92.9,0,0,0-0
"Taro, cooked, without salt",0.11,0.023,34.6,0.52,5.1,141.5,0,1,0-1
"Taro leaves, raw",0.74,0.151,6.7,4.98,3.7,53.4,0,0,0-0
"Taro leaves, cooked, steamed, without salt",0.41,0.083,4.02,2.72,2.0,30.6,0,0,0-0
"Taro shoots, raw",0.09,0.018,2.32,0.92,0.0,13.8,0,0,0-0
"Arrowroot, raw",0.2,0.039,13.39,4.24,1.3,72.3,0,0,0-0
"Chrysanthemum leaves, raw",0.56,0.0,3.01,3.36,3.0,30.5,0,0,0-0
"Amaranth leaves, cooked, boiled, drained, with salt",0.18,0.05,4.11,2.11,0.0,26.5,0,0,0-0
"Asparagus, frozen, cooked, boiled, drained, with salt",0.42,0.096,1.92,2.95,1.6,23.3,0,0,0-0
"Balsam-pear (bitter gourd), leafy tips, cooked, boiled, drained, with salt",0.2,0.0,6.16,3.6,1.9,40.8,0,0,0-0
"Balsam-pear (bitter gourd), pods, cooked, boiled, drained, with salt",0.18,0.0,4.32,0.84,2.0,22.3,0,0,0-0
"Bamboo shoots, cooked, boiled, drained, with salt",0.22,0.051,1.52,1.53,1.0,14.2,0,0,0-0
"Lima beans, immature seeds, frozen, fordhook, cooked, boiled, drained, with salt",0.34,0.077,19.32,6.07,5.3,104.6,0,1,0-1
"Mung beans, mature seeds, sprouted, cooked, boiled, drained, with salt",0.09,0.025,3.6,2.03,0.8,23.3,0,0,0-0
"Beans, pinto, immature seeds, frozen, cooked, boiled, drained, with salt",0.48,0.058,30.87,9.31,5.4,165.0,0,1,0-1
"Oopah (tunicate), whole animal (Alaska Native)",2.2,0.0,0.0,11.7,0.0,66.6,0,0,0-0
"Sea cucumber, yane (Alaska Native)",0.4,0.0,0.0,13.0,0.0,55.6,0,0,0-0
"Tea, tundra, herb and laborador combination (Alaska Native)",0.0,0.0,0.2,0.0,0.0,0.8,0,0,0-0
"Mush, blue corn with ash (Navajo)",0.49,0.074,11.74,0.66,1.1,54.0,0,0,0-0
"Melon, banana (Navajo)",0.2,0.0,4.06,0.84,0.3,21.4,0,0,0-0
"Stew, steamed corn (Navajo)",3.75,1.603,10.8,8.82,2.3,112.2,0,1,0-1
"Blueberries, wild, raw (Alaska Native)",0.76,0.0,12.31,1.22,2.6,61.0,0,0,0-0
Corned beef and potatoes in tortilla (Apache),8.31,3.366,29.35,7.91,1.5,223.8,0,1,0-1
"Hearts of palm, raw",0.2,0.046,25.61,2.7,1.5,115.0,0,1,0-1
"Raspberries, puree, seedless",0.87,0.064,7.99,1.02,0.9,43.9,0,0,0-0
"Raspberries, puree, with seeds",0.97,0.062,11.51,1.1,4.3,59.2,0,0,0-0
Octopus (Alaska Native),0.8,0.2,0.0,12.3,0.0,56.4,0,0,0-0
"Salmonberries, raw (Alaska Native)",0.33,0.0,10.05,0.85,1.9,46.6,0,0,0-0
"Chokecherries, raw, pitted (Shoshone Bannock)",0.98,0.0,33.88,2.89,17.0,155.9,0,1,0-1
Acorn stew (Apache),3.47,1.28,9.22,6.81,0.7,95.4,0,0,0-0
"Beans, kidney, mature seeds, sprouted, cooked, boiled, drained, without salt",0.58,0.083,4.72,4.83,0.0,43.4,0,0,0-0
"Potato wedges, frozen (Includes foods for USDA's Food Distribution Program)",2.2,0.55,25.46,2.7,2.0,132.4,0,1,0-1
"Soybeans, mature seeds, sprouted, cooked, stir-fried",7.1,0.985,9.4,13.1,0.8,153.9,0,1,0-1
"Beans, snap, green, canned, no salt added, solids and liquids",0.1,0.023,3.5,0.8,1.5,18.1,0,0,0-0
"Beans, snap, yellow, canned, regular pack, solids and liquids",0.1,0.023,3.5,0.8,1.5,18.1,0,0,0-0
"Beans, snap, yellow, canned, no salt added, solids and liquids",0.1,0.023,3.5,0.8,1.5,18.1,0,0,0-0
"Beans, snap, green, canned, no salt added, drained solids",0.46,0.103,4.32,1.12,1.9,25.9,0,0,0-0
"Beets, cooked, boiled. drained, with salt",0.18,0.028,9.96,1.68,2.0,48.2,0,0,0-0
"Beets, canned, no salt added, solids and liquids",0.07,0.011,6.57,0.8,1.2,30.1,0,0,0-0
"Beet greens, cooked, boiled, drained, with salt",0.2,0.031,5.46,2.57,2.9,33.9,0,0,0-0
"Broccoli, cooked, boiled, drained, with salt",0.41,0.079,7.18,2.38,3.3,41.9,0,0,0-0
"Broccoli, frozen, chopped, cooked, boiled, drained, with salt",0.12,0.018,5.35,3.1,3.0,34.9,0,0,0-0
"Broccoli, frozen, spears, cooked, boiled, drained, with salt",0.11,0.018,5.35,3.1,3.0,34.8,0,0,0-0
"Brussels sprouts, cooked, boiled, drained, with salt",0.5,0.102,7.1,2.55,2.6,43.1,0,0,0-0
"Cabbage, common, cooked, boiled, drained, with salt",0.06,0.0,5.51,1.27,1.9,27.7,0,0,0-0
"Cabbage, red, cooked, boiled, drained, with salt",0.09,0.011,6.94,1.51,2.6,34.6,0,0,0-0
"Cabbage, savoy, cooked, boiled, drained, with salt",0.09,0.012,5.41,1.8,2.8,29.6,0,0,0-0
"Cabbage, chinese (pak-choi), cooked, boiled, drained, with salt",0.16,0.021,1.78,1.56,1.0,14.8,0,0,0-0
"Carrots, canned, no salt added, drained solids",0.19,0.036,5.54,0.64,1.5,26.4,0,0,0-0
"Carrots, frozen, cooked, boiled, drained, with salt",0.68,0.132,7.73,0.58,3.3,39.4,0,0,0-0
"Cauliflower, cooked, boiled, drained, with salt",0.45,0.07,4.11,1.84,2.3,27.8,0,0,0-0
"Cauliflower, frozen, cooked, boiled, drained, with salt",0.22,0.034,3.16,1.61,2.7,21.1,0,0,0-0
"Chrysanthemum, garland, cooked, boiled, drained, with salt",0.09,0.0,4.31,1.64,2.3,24.6,0,0,0-0
"Collards, cooked, boiled, drained, with salt",0.72,0.047,5.65,2.71,4.0,39.9,0,0,0-0
"Collards, frozen, chopped, cooked, boiled, drained, with salt",0.41,0.04,7.1,2.97,2.8,44.0,0,0,0-0
"Corn, sweet, yellow, cooked, boiled, drained, with salt",1.5,0.197,20.98,3.41,2.4,111.1,0,0,0-0
"Cowpeas (blackeyes), immature seeds, cooked, boiled, drained, with salt",0.38,0.096,19.73,3.17,5.0,95.0,0,0,0-0
"Cowpeas (blackeyes), immature seeds, frozen, cooked, boiled, drained, with salt",0.66,0.175,23.5,8.49,6.4,133.9,0,1,0-1
"Cowpeas, leafy tips, cooked, boiled, drained, with salt",0.1,0.026,2.8,4.67,0.0,30.8,0,0,0-0
"Gourd, dishcloth (towelgourd), cooked, boiled, drained, with salt",0.34,0.027,13.75,0.66,2.9,60.7,0,0,0-0
"Drumstick leaves, cooked, boiled, drained, with salt",0.93,0.0,11.15,5.27,2.0,74.0,0,0,0-0
"Drumstick pods, cooked, boiled, drained, with salt",0.19,0.0,8.18,2.09,4.2,42.8,0,0,0-0
"Lambsquarters, cooked, boiled, drained, with salt",0.7,0.052,5.0,3.2,2.1,39.1,0,0,0-0
"Leeks, (bulb and lower leaf-portion), cooked, boiled, drained, with salt",0.2,0.027,7.62,0.81,1.0,35.5,0,0,0-0
"Lotus root, cooked, boiled, drained, with salt",0.07,0.021,16.02,1.58,3.1,71.0,0,0,0-0
"Mushrooms, white, cooked, boiled, drained, with salt",0.47,0.061,5.29,2.17,2.2,34.1,0,0,0-0
"Corn, sweet, white, raw",1.18,0.182,19.02,3.22,2.7,99.6,0,0,0-0
"Corn, sweet, white, cooked, boiled, drained, without salt",1.41,0.197,21.71,3.34,2.7,112.9,0,1,0-1
"Corn, sweet, white, cooked, boiled, drained, with salt",1.41,0.197,21.71,3.34,2.7,112.9,0,1,0-1
"Corn, sweet, white, canned, whole kernel, regular pack, solids and liquids",0.5,0.077,15.41,1.95,1.7,73.9,0,0,0-0
"Corn, sweet, white, canned, vacuum pack, regular pack",0.5,0.077,19.44,2.41,2.0,91.9,0,0,0-0
"Corn, sweet, white, canned, vacuum pack, no salt added",0.5,0.077,19.44,2.41,2.0,91.9,0,0,0-0
"Corn, sweet, white, frozen, kernels cut off cob, unprepared",0.77,0.184,20.73,3.02,2.9,101.9,0,0,0-0
"Corn, sweet, white, frozen, kernels cut off cob, boiled, drained, without salt",0.43,0.066,19.56,2.75,2.4,93.1,0,0,0-0
"Peppers, sweet, red, canned, solids and liquids",0.3,0.045,3.9,0.8,1.2,21.5,0,0,0-0
"Peppers, sweet, red, frozen, chopped, unprepared",0.21,0.031,4.45,1.08,1.6,24.0,0,0,0-0
"Peppers, sweet, red, frozen, chopped, boiled, drained, without salt",0.18,0.027,3.31,0.95,0.8,18.7,0,0,0-0
"Peppers, sweet, red, frozen, chopped, boiled, drained, with salt",0.18,0.027,3.31,0.95,0.8,18.7,0,0,0-0
"Peppers, sweet, red, sauteed",12.75,1.557,6.57,1.04,1.8,145.2,0,1,0-1
"Tree fern, cooked, with salt",0.07,0.0,10.78,0.29,3.7,44.9,0,0,0-0
"Potatoes, mashed, prepared from granules, without milk, whole milk and margarine",4.93,1.284,14.4,2.05,2.2,110.2,0,0,0-0
"Potatoes, mashed, home-prepared, whole milk and butter added",4.22,2.613,16.81,1.86,1.5,112.7,0,0,0-0
Catsup,0.1,0.014,27.4,1.04,0.3,114.7,0,0,0-0
"Mushrooms, brown, italian, or crimini, exposed to ultraviolet light, raw",0.1,0.014,4.3,2.5,0.6,28.1,0,0,0-0
"Pickles, cucumber, dill or kosher dill",0.3,0.079,2.41,0.5,1.0,14.3,0,0,0-0
"Pimento, canned",0.3,0.045,5.1,1.1,1.9,27.5,0,0,0-0
"Pickle relish, hot dog",0.46,0.044,23.35,1.5,1.5,103.5,0,0,0-0
"Pickle relish, sweet",0.47,0.054,35.06,0.37,1.1,146.0,0,1,0-1
"Pickles, cucumber, sour, low sodium",0.2,0.052,2.26,0.33,1.2,12.2,0,0,0-0
"Pickles, cucumber, dill, reduced sodium",0.3,0.079,2.41,0.5,1.0,14.3,0,0,0-0
"Radicchio, raw",0.25,0.06,4.48,1.43,0.9,25.9,0,0,0-0
"Squash, zucchini, baby, raw",0.4,0.083,3.11,2.71,1.1,26.9,0,0,0-0
"Tomatillos, raw",1.02,0.139,5.84,0.96,1.9,36.4,0,0,0-0
"Hearts of palm, canned",0.62,0.13,4.62,2.52,2.4,34.1,0,0,0-0
"Nopales, raw",0.09,0.016,3.33,1.32,2.2,19.4,0,0,0-0
"Cabbage, napa, cooked",0.17,0.0,2.23,1.1,0.0,14.8,0,0,0-0
"Beans, fava, in pod, raw",0.73,0.118,17.63,7.92,7.5,108.8,0,1,0-1
"Grape leaves, raw",2.12,0.336,17.31,5.6,11.0,110.7,0,1,0-1
"Peppers, jalapeno, raw",0.37,0.092,6.5,0.91,2.8,33.0,0,0,0-0
"Peppers, chili, green, canned",0.27,0.028,4.6,0.72,1.7,23.7,0,0,0-0
"Peppers, hungarian, raw",0.41,0.046,6.7,0.8,1.0,33.7,0,0,0-0
"Mushrooms, oyster, raw",0.41,0.062,6.09,3.31,2.3,41.3,0,0,0-0
"Mushrooms, straw, canned, drained solids",0.68,0.089,4.64,3.83,2.5,40.0,0,0,0-0
"Wasabi, root, raw",0.63,0.0,23.54,4.8,7.8,119.0,0,1,0-1
"Alcoholic beverage, beer, regular, all",0.0,0.0,3.55,0.46,0.0,16.0,0,0,0-0
"Alcoholic beverage, beer, regular, BUDWEISER",0.0,0.0,2.97,0.36,0.0,13.3,0,0,0-0
"Alcoholic beverage, beer, light, BUDWEISER SELECT",0.0,0.0,0.87,0.2,0.0,4.3,0,0,0-0
"Alcoholic beverage, beer, light",0.0,0.0,1.64,0.24,0.0,7.5,0,0,0-0
"Alcoholic beverage, pina colada, canned",7.6,6.571,27.6,0.6,0.1,181.2,0,1,0-1
"Beverages, almond milk, sweetened, vanilla flavor, ready-to-drink",1.04,0.0,6.59,0.42,0.4,37.4,0,0,0-0
"Alcoholic beverage, pina colada, prepared-from-recipe",1.88,1.636,22.66,0.42,0.3,109.2,0,0,0-0
"Alcoholic beverage, tequila sunrise, canned",0.1,0.0,11.3,0.3,0.0,47.3,0,0,0-0
"Egg custards, dry mix, prepared with whole milk",4.0,2.032,17.6,3.99,0.0,122.4,0,1,0-1
"Desserts, mousse, chocolate, prepared-from-recipe",16.0,9.151,16.07,4.14,0.6,224.8,0,1,0-1
"Puddings, chocolate, ready-to-eat",4.6,1.263,23.01,2.09,0.0,141.8,0,1,0-1
"Puddings, chocolate, dry mix, regular, prepared with 2% milk",2.06,1.289,19.76,3.28,0.8,110.7,0,0,0-0
"Puddings, coconut cream, dry mix, instant, prepared with 2% milk",2.3,1.37,19.2,2.9,0.1,109.1,0,0,0-0
"Puddings, rice, ready-to-eat",2.15,1.208,18.39,3.23,0.3,105.8,0,0,0-0
"Puddings, vanilla, dry mix, instant, prepared with whole milk",2.9,1.74,19.7,2.7,0.0,115.7,0,0,0-0
"Puddings, lemon, dry mix, instant, prepared with 2% milk",1.71,0.974,20.2,2.76,0.0,107.2,0,0,0-0
"Egg custards, dry mix, prepared with 2% milk",2.83,1.475,17.61,4.13,0.0,112.4,0,1,0-1
"Puddings, vanilla, dry mix, regular, prepared with 2% milk",1.73,1.017,18.53,2.94,0.0,101.4,0,0,0-0
"Rennin, chocolate, dry mix, prepared with 2% milk",2.06,1.231,13.47,3.24,0.5,85.4,0,0,0-0
"Rennin, vanilla, dry mix, prepared with 2% milk",1.77,1.061,12.34,3.06,0.0,77.5,0,0,0-0
"Desserts, rennin, tablets, unsweetened",0.1,0.041,19.8,1.0,0.0,84.1,0,0,0-0
"Flan, caramel custard, dry mix, prepared with whole milk",3.0,1.8,18.68,2.95,0.0,113.5,0,0,0-0
"Puddings, vanilla, ready-to-eat, fat free",0.0,0.0,20.16,2.02,0.0,88.7,0,0,0-0
"Puddings, tapioca, ready-to-eat, fat free",0.35,0.122,21.31,1.44,0.0,94.2,0,0,0-0
"Puddings, chocolate, ready-to-eat, fat free",0.3,0.0,20.87,1.93,0.3,93.9,0,0,0-0
"Ice creams, chocolate",11.0,6.8,28.2,3.8,1.2,227.0,0,1,0-1
"Ice creams, strawberry",8.4,5.19,27.6,3.2,0.9,198.8,0,1,0-1
"Frozen novelties, ice type, italian, restaurant-prepared",0.02,0.0,13.5,0.03,0.0,54.3,0,0,0-0
"Frozen novelties, ice type, pop",0.24,0.013,19.23,0.0,0.0,79.1,0,0,0-0
"Frozen yogurts, vanilla, soft-serve",5.6,3.42,24.2,4.0,0.0,163.2,0,1,0-1
"Fruit butters, apple",0.3,0.053,42.47,0.39,1.5,174.1,0,1,0-1
"Pie fillings, apple, canned",0.1,0.0,26.1,0.1,1.0,105.7,0,0,0-0
"Pie fillings, canned, cherry",0.07,0.018,28.0,0.37,0.6,114.1,0,0,0-0
"Puddings, banana, dry mix, regular, prepared with whole milk",2.89,1.634,18.44,2.74,0.0,110.7,0,0,0-0
"Puddings, coconut cream, dry mix, instant, prepared with whole milk",3.5,2.1,19.1,2.9,0.1,119.5,0,1,0-1
"Puddings, coconut cream, dry mix, regular, prepared with whole milk",3.8,2.57,17.7,3.0,0.2,117.0,0,1,0-1
"Puddings, lemon, dry mix, instant, prepared with whole milk",2.9,1.74,20.1,2.7,0.0,117.3,0,1,0-1
"Pudding, lemon, dry mix, regular, prepared with sugar, egg yolk and water",1.12,0.382,24.2,0.65,0.0,109.5,0,0,0-0
"Syrups, chocolate, HERSHEY'S Genuine Chocolate Flavored Lite Syrup",0.97,0.0,34.56,1.4,0.0,152.6,0,1,0-1
"Frozen novelties, ice type, pineapple-coconut",2.6,2.304,23.9,0.0,0.7,119.0,0,0,0-0
"Frozen yogurts, chocolate, soft-serve",6.0,3.63,24.9,4.0,2.2,169.6,0,1,0-1
"Millet, cooked",1.0,0.172,23.67,3.51,1.3,117.7,0,1,0-1
"Oat bran, cooked",0.86,0.163,11.44,3.21,2.6,66.3,0,0,0-0
"Rice, brown, medium-grain, cooked (Includes foods for USDA's Food Distribution Program)",0.83,0.165,23.51,2.32,1.8,110.8,0,0,0-0
"Rice, white, long-grain, regular, enriched, cooked",0.28,0.077,28.17,2.69,0.4,126.0,0,1,0-1
"Rice, white, medium-grain, enriched, cooked",0.21,0.057,28.59,2.38,0.3,125.8,0,1,0-1
"Wild rice, cooked",0.34,0.049,21.34,3.99,1.8,104.4,0,0,0-0
"Pasta, gluten-free, corn, cooked",0.73,0.102,27.91,2.63,4.8,128.7,0,1,0-1
"Macaroni, vegetable, enriched, cooked",0.11,0.016,26.61,4.53,4.3,125.6,0,1,0-1
"Pasta, whole-wheat, cooked (Includes foods for USDA's Food Distribution Program)",1.71,0.243,30.07,5.99,3.9,159.6,0,1,0-1
"Rice noodles, cooked",0.2,0.023,24.01,1.79,1.0,105.0,0,0,0-0
"Pasta, whole grain, 51% whole wheat, remaining unenriched semolina, cooked",1.5,0.239,31.51,5.82,4.6,162.8,0,1,0-1
"Quinoa, cooked",1.92,0.231,21.3,4.4,2.8,120.1,0,1,0-1
"Teff, cooked",0.65,0.0,19.86,3.87,2.8,100.8,0,0,0-0
"Noodles, egg, cooked, enriched, with added salt",2.07,0.419,25.16,4.54,1.2,137.4,0,1,0-1
"Noodles, egg, unenriched, cooked, without added salt",2.07,0.419,25.16,4.54,1.2,137.4,0,1,0-1
"Pasta, cooked, unenriched, without added salt",0.93,0.176,30.86,5.8,1.8,155.0,0,1,0-1
"Spaghetti, protein-fortified, cooked, enriched (n x 6.25)",0.21,0.032,30.88,8.86,2.0,160.8,0,1,0-1
"Rice, white, long-grain, regular, cooked, unenriched, with salt",0.28,0.077,28.17,2.69,0.4,126.0,0,1,0-1
"Potatoes, yellow fleshed, hash brown, shredded, salt added in processing, frozen, unprepared",0.07,0.01,17.98,2.04,2.0,80.7,0,0,0-0
"Potatoes, french fried, wedge cut, frozen, unprepared",7.47,1.843,22.22,2.56,2.4,166.4,0,1,0-1
"Potatoes, french fried, steak cut, salt not added in processing, frozen, unprepared",3.42,0.88,24.31,2.4,2.4,137.6,0,1,0-1
"Potatoes, french fried, cross cut, frozen, unprepared",10.0,2.59,22.95,2.7,2.3,192.6,0,1,0-1
"Rice and vermicelli mix, beef flavor, prepared with 80% margarine",3.2,0.682,22.03,2.82,0.6,128.2,0,1,0-1
"Rice and vermicelli mix, rice pilaf flavor, prepared with 80% margarine",3.7,0.744,25.67,2.94,0.6,147.7,0,1,0-1
"Lasagna, cheese, frozen, unprepared",4.22,2.11,21.61,5.06,1.7,144.7,0,1,0-1
"Turnover, meat- and cheese-filled, tomato-based sauce, reduced fat, frozen",5.51,2.756,31.89,9.45,0.8,215.0,0,1,0-1
"Turnover, filled with egg, meat and cheese, frozen",12.6,5.512,20.67,7.87,0.8,227.6,0,1,0-1
"Rice mix, white and wild, flavored, unprepared",2.57,1.071,26.28,3.49,0.8,142.2,0,1,0-1
"Salisbury steak with gravy, frozen",10.47,3.982,6.78,6.98,1.0,149.3,0,1,0-1
"Infant Formula, MEAD JOHNSON, ENFAMIL, Premium LIPIL, Infant, Liquid concentrate, not reconstituted",6.83,2.824,14.42,2.73,0.0,130.1,0,1,0-1
"Infant Formula, MEAD JOHNSON, ENFAMIL, Premium, Infant, Liquid concentrate, not reconstituted",7.1,2.943,14.34,2.72,0.0,132.1,0,1,0-1
"Infant formula, MEAD JOHNSON, ENFAMIL, Premature, 20 calories ready-to-feed Low iron",3.34,1.679,7.21,1.97,0.0,66.8,0,0,0-0
"Blackberries, wild, raw (Alaska Native)",1.07,0.0,9.84,0.84,3.2,52.4,0,0,0-0
"Cattail, Narrow Leaf Shoots (Northern Plains Indians)",0.0,0.0,5.14,1.18,4.5,25.3,0,0,0-0
"Lambsquarters, raw (Northern Plains Indians)",0.28,0.0,6.96,4.21,6.3,47.2,0,0,0-0
"Prairie Turnips, boiled (Northern Plains Indians)",0.32,0.0,29.99,1.64,7.2,129.4,0,1,0-1
"Raspberries, wild (Northern Plains Indians)",0.28,0.0,13.85,1.12,7.5,62.4,0,0,0-0
"Rose Hips, wild (Northern Plains Indians)",0.34,0.0,38.22,1.6,24.1,162.3,0,1,0-1
"Chokecherries, raw, pitted (Northern Plains Indians)",1.69,0.0,33.62,3.04,20.0,161.8,0,1,0-1
"Wocas, tuber, cooked, Oregon, yellow pond lily (Klamath)",0.35,0.041,7.06,0.69,2.3,34.2,0,0,0-0
"Stew, pinto bean and hominy, badufsuki (Hopi)",0.54,0.085,5.38,1.42,1.5,32.1,0,0,0-0
"Tamales, masa and pork filling (Hopi)",4.7,1.383,18.28,13.19,3.3,168.2,0,1,0-1
"APPLEBEE'S, KRAFT, Macaroni & Cheese, from kid's menu",4.34,1.312,21.08,5.01,1.3,143.4,0,1,0-1
"APPLEBEE'S, fish, hand battered",9.14,1.613,16.65,13.23,0.9,201.8,0,1,0-1
"APPLEBEE'S, coleslaw",7.09,1.061,13.17,0.79,2.8,119.6,0,0,0-0
"DENNY'S, coleslaw",15.03,2.344,10.88,0.97,1.3,182.7,0,1,0-1
"DENNY'S, hash browns",8.99,1.689,26.59,2.49,2.7,197.2,0,1,0-1
"Restaurant, family style, coleslaw",11.78,1.909,12.35,0.88,1.9,158.9,0,1,0-1
"Restaurant, family style, spaghetti and meatballs",8.52,3.104,15.51,7.84,1.5,170.1,0,1,0-1
"CARRABBA'S ITALIAN GRILL, lasagne",11.06,4.366,12.36,10.48,1.3,190.9,0,1,0-1
"ON THE BORDER, Mexican rice",4.86,0.886,34.15,3.56,1.1,194.6,0,1,0-1
"ON THE BORDER, refried beans",5.0,1.819,17.52,7.3,8.2,144.3,0,1,0-1
"Restaurant, Italian, spaghetti with pomodoro sauce (no meat)",1.89,0.366,17.77,3.9,1.7,103.7,0,0,0-0
"CARRABBA'S ITALIAN GRILL, cheese ravioli with marinara sauce",6.0,2.817,17.62,7.96,1.4,156.3,0,1,0-1
"OLIVE GARDEN, cheese ravioli with marinara sauce",5.61,2.531,19.64,7.44,1.1,158.8,0,1,0-1
"Restaurant, Italian, cheese ravioli with marinara sauce",5.7,2.556,18.5,7.07,1.2,153.6,0,1,0-1
"Babyfood, juice, apple-sweet potato",0.1,0.03,11.4,0.3,0.5,47.7,0,0,0-0
"Babyfood, juice, orange-carrot",0.1,0.01,9.9,0.5,0.4,42.5,0,0,0-0
"Beverages, Orange juice drink",0.0,0.0,13.41,0.2,0.2,54.4,0,0,0-0
"Babyfood, green beans and turkey, strained",1.5,0.5,5.35,4.1,1.4,51.3,0,0,0-0
"Babyfood, dinner, chicken and rice",0.9,0.211,9.2,1.6,1.1,51.3,0,0,0-0
"Pie fillings, cherry, low calorie",0.16,0.0,11.98,0.82,1.2,52.6,0,0,0-0
"Beans, chili, barbecue, ranch style, cooked",1.0,0.145,16.9,5.0,4.2,96.6,0,0,0-0
"Sandwich spread, meatless",9.0,1.425,9.0,8.0,3.3,149.0,0,1,0-1
"Alcoholic beverage, wine, cooking",0.0,0.0,6.3,0.5,0.0,27.2,0,0,0-0
"Alcoholic beverage, wine, light",0.0,0.0,1.17,0.07,0.0,5.0,0,0,0-0
"Tomato sauce, canned, no salt added",0.3,0.041,5.31,1.2,1.5,28.7,0,0,0-0
"Cheese, cottage, with vegetables",4.2,2.646,3.0,10.9,0.1,93.4,0,0,0-0
"Potatoes, canned, drained solids, no salt added",0.2,0.051,13.6,1.4,2.4,61.8,0,0,0-0
"Vegetables, mixed (corn, lima beans, peas, green beans, carrots) canned, no salt added",0.2,0.039,7.31,1.4,3.1,36.6,0,0,0-0
"Litchis, raw",0.44,0.099,16.53,0.83,1.3,73.4,0,0,0-0
"Loganberries, frozen",0.31,0.011,13.02,1.52,5.3,61.0,0,0,0-0
"Longans, raw",0.1,0.0,15.14,1.31,1.1,66.7,0,0,0-0
"Mangosteen, canned, syrup pack",0.58,0.0,17.91,0.41,1.8,78.5,0,0,0-0
"Melons, casaba, raw",0.1,0.025,6.58,1.11,0.9,31.7,0,0,0-0
"Olives, ripe, canned (small-extra large)",10.9,2.279,6.04,0.84,1.6,125.6,0,0,0-0
"Olives, ripe, canned (jumbo-super colossal)",6.87,0.909,5.61,0.97,2.5,88.1,0,0,0-0
"Olives, pickled, canned or bottled, green",15.32,2.029,3.84,1.03,3.3,157.4,0,1,0-1
"Oranges, raw, all commercial varieties",0.12,0.015,11.75,0.94,2.4,51.8,0,0,0-0
"Orange juice, raw (Includes foods for USDA's Food Distribution Program)",0.2,0.024,10.4,0.7,0.2,46.2,0,0,0-0
"Orange juice, canned, unsweetened",0.15,0.018,11.01,0.68,0.3,48.1,0,0,0-0
"Orange juice, chilled, includes from concentrate",0.12,0.014,11.54,0.68,0.3,50.0,0,0,0-0
"Orange juice, chilled, includes from concentrate, with added calcium and vitamin D",0.12,0.014,11.27,0.68,0.3,48.9,0,0,0-0
"Orange juice, frozen concentrate, unsweetened, diluted with 3 volume water",0.06,0.015,8.8,0.6,0.2,38.1,0,0,0-0
"Orange peel, raw",0.2,0.024,25.0,1.5,10.6,107.8,0,0,0-0
"Orange-grapefruit juice, canned or bottled, unsweetened",0.1,0.011,10.28,0.6,0.1,44.4,0,0,0-0
"Tangerines, (mandarin oranges), raw",0.31,0.039,13.34,0.81,1.8,59.4,0,0,0-0
"Tangerines, (mandarin oranges), canned, juice pack",0.03,0.003,9.57,0.62,0.7,41.0,0,0,0-0
"Papaya nectar, canned",0.15,0.047,14.51,0.17,0.6,60.1,0,0,0-0
"Passion-fruit, (granadilla), purple, raw",0.7,0.059,23.38,2.2,10.4,108.6,0,0,0-0
"Passion-fruit juice, purple, raw",0.05,0.004,13.6,0.39,0.2,56.4,0,0,0-0
"Passion-fruit juice, yellow, raw",0.18,0.015,14.45,0.67,0.2,62.1,0,0,0-0
"Peaches, canned, light syrup pack, solids and liquids",0.03,0.003,14.55,0.45,1.3,60.3,0,0,0-0
"Peaches, canned, heavy syrup pack, solids and liquids",0.1,0.01,19.94,0.45,1.3,82.5,0,0,0-0
"Peaches, canned, extra heavy syrup pack, solids and liquids",0.03,0.003,26.06,0.47,1.0,106.4,0,0,0-0
"Peaches, spiced, canned, heavy syrup pack, solids and liquids",0.1,0.011,20.08,0.41,1.3,82.9,0,0,0-0
"Peaches, dried, sulfured, stewed, with added sugar",0.22,0.024,26.6,1.06,2.4,112.6,0,0,0-0
"Peaches, frozen, sliced, sweetened",0.13,0.014,23.98,0.63,1.8,99.6,0,0,0-0
"Peach nectar, canned, with sucralose, without added ascorbic acid",0.57,0.037,11.61,0.1,0.1,52.0,0,0,0-0
"Pears, raw",0.14,0.022,15.23,0.36,3.1,63.6,0,0,0-0
"Pears, canned, water pack, solids and liquids",0.03,0.002,7.81,0.19,1.6,32.3,0,0,0-0
"Pears, canned, extra heavy syrup pack, solids and liquids",0.13,0.007,25.25,0.19,1.6,102.9,0,0,0-0
"Pears, dried, sulfured, stewed, without added sugar",0.31,0.017,33.81,0.91,6.4,141.7,0,1,0-1
"Pears, dried, sulfured, stewed, with added sugar",0.29,0.016,37.14,0.86,5.8,154.6,0,1,0-1
"Pineapple, raw, all varieties",0.12,0.009,13.12,0.54,1.4,55.7,0,0,0-0
"Pineapple, canned, water pack, solids and liquids",0.09,0.006,8.3,0.43,0.8,35.7,0,0,0-0
"Pineapple, canned, juice pack, solids and liquids",0.08,0.006,15.7,0.42,0.8,65.2,0,0,0-0
"Pineapple, canned, light syrup pack, solids and liquids",0.12,0.009,13.45,0.36,0.8,56.3,0,0,0-0
"Pineapple juice, frozen concentrate, unsweetened, diluted with 3 volume water",0.03,0.002,12.67,0.4,0.2,52.6,0,0,0-0
"Plantains, yellow, raw",0.35,0.0,31.89,1.3,1.7,135.9,0,1,0-1
"Plantains, yellow, baked",0.16,0.0,41.37,1.52,2.2,173.0,0,1,0-1
"Plums, canned, purple, heavy syrup pack, solids and liquids",0.1,0.008,23.24,0.36,0.9,95.3,0,0,0-0
"Plums, canned, purple, extra heavy syrup pack, solids and liquids",0.1,0.008,26.31,0.36,1.0,107.6,0,0,0-0
"Pomegranates, raw",1.17,0.12,18.7,1.67,4.0,92.0,0,0,0-0
"Lima beans, immature seeds, cooked, boiled, drained, without salt",0.32,0.073,23.64,6.81,5.4,124.7,0,1,0-1
"Lima beans, immature seeds, canned, regular pack, solids and liquids",0.29,0.066,13.33,4.07,3.6,72.2,0,0,0-0
"Mung beans, mature seeds, sprouted, cooked, boiled, drained, without salt",0.09,0.025,4.19,2.03,0.8,25.7,0,0,0-0
"Mung beans, mature seeds, sprouted, cooked, stir-fried",0.21,0.039,10.59,4.3,1.9,61.4,0,0,0-0
"Beans, snap, green, cooked, boiled, drained, without salt",0.28,0.064,7.88,1.89,3.2,41.6,0,0,0-0
"Beans, snap, green, canned, regular pack, solids and liquids",0.17,0.04,3.27,0.72,1.5,17.5,0,0,0-0
"Beans, snap, green, canned, regular pack, drained solids",0.41,0.093,4.19,1.05,1.9,24.7,0,0,0-0
"Beans, snap, canned, all styles, seasoned, solids and liquids",0.2,0.045,3.49,0.83,1.5,19.1,0,0,0-0
"Beets, cooked, boiled, drained",0.18,0.028,9.96,1.68,2.0,48.2,0,0,0-0
"Beets, canned, regular pack, solids and liquids",0.09,0.011,7.14,0.73,1.2,32.3,0,0,0-0
"Amaranth leaves, cooked, boiled, drained, without salt",0.18,0.05,4.11,2.11,0.0,26.5,0,0,0-0
"Artichokes, (globe or french), raw",0.15,0.036,10.51,3.27,5.4,56.5,0,0,0-0
"Asparagus, canned, regular pack, solids and liquids",0.18,0.044,2.48,1.8,1.0,18.7,0,0,0-0
"Asparagus, canned, drained solids",0.65,0.147,2.46,2.14,1.6,24.2,0,0,0-0
"Asparagus, frozen, unprepared",0.23,0.052,4.1,3.23,1.9,31.4,0,0,0-0
"Asparagus, frozen, cooked, boiled, drained, without salt",0.42,0.096,1.92,2.95,1.6,23.3,0,0,0-0
"Bamboo shoots, raw",0.3,0.069,5.2,2.6,2.2,33.9,0,0,0-0
"Bamboo shoots, cooked, boiled, drained, without salt",0.22,0.051,1.92,1.53,1.0,15.8,0,0,0-0
"Bamboo shoots, canned, drained solids",0.4,0.092,3.22,1.72,1.4,23.4,0,0,0-0
"Beans, kidney, mature seeds, sprouted, raw",0.5,0.072,4.1,4.2,0.0,37.7,0,0,0-0
"Corn, sweet, yellow, canned, whole kernel, drained solids",1.22,0.245,14.34,2.29,2.0,77.5,0,0,0-0
"Corn, sweet, yellow, canned, cream style, regular pack",0.42,0.065,18.13,1.74,1.2,83.3,0,0,0-0
"Corn, sweet, yellow, canned, vacuum pack, regular pack",0.5,0.077,19.44,2.41,2.0,91.9,0,0,0-0
"Corn, yellow, whole kernel, frozen, microwaved",1.42,0.15,25.87,3.62,2.6,130.7,0,1,0-1
"Cornsalad, raw",0.4,0.0,3.6,2.0,0.0,26.0,0,0,0-0
"Cowpeas (blackeyes), immature seeds, raw",0.35,0.09,18.83,2.95,5.0,90.3,0,0,0-0
"Cowpeas, leafy tips, raw",0.25,0.066,4.82,4.1,0.0,37.9,0,0,0-0
"Cucumber, peeled, raw",0.16,0.078,2.16,0.59,0.7,12.4,0,0,0-0
"Dandelion greens, raw",0.7,0.17,9.2,2.7,3.5,53.9,0,0,0-0
"Dandelion greens, cooked, boiled, drained, without salt",0.6,0.146,6.4,2.0,2.9,39.0,0,0,0-0
"Eggplant, cooked, boiled, drained, without salt",0.23,0.044,8.73,0.83,2.5,40.3,0,0,0-0
"Ginger root, raw",0.75,0.203,17.77,1.82,2.0,85.1,0,0,0-0
"Gourd, white-flowered (calabash), raw",0.02,0.002,3.39,0.62,0.5,16.2,0,0,0-0
"Gourd, white-flowered (calabash), cooked, boiled, drained, without salt",0.02,0.002,3.69,0.6,1.2,17.3,0,0,0-0
"Hyacinth-beans, immature seeds, raw",0.2,0.088,9.19,2.1,3.3,47.0,0,0,0-0
"Jerusalem-artichokes, raw",0.01,0.0,17.44,2.0,1.6,77.9,0,0,0-0
"Kale, cooked, boiled, drained, without salt",1.21,0.175,5.3,2.94,4.0,43.8,0,0,0-0
"Kale, frozen, unprepared",0.46,0.059,4.88,2.66,2.0,34.3,0,0,0-0
"Kale, frozen, cooked, boiled, drained, without salt",1.21,0.158,5.3,2.94,2.3,43.8,0,0,0-0
"Mushrooms, shiitake, raw",0.49,0.0,6.79,2.24,2.5,40.5,0,0,0-0
"Mushrooms, portabella, grilled",0.58,0.064,4.44,3.28,2.2,36.1,0,0,0-0
"Lambsquarters, cooked, boiled, drained, without salt",0.7,0.052,5.0,3.2,2.1,39.1,0,0,0-0
"Leeks, (bulb and lower leaf-portion), raw",0.3,0.04,14.15,1.5,1.8,65.3,0,0,0-0
"Lettuce, iceberg (includes crisphead types), raw",0.14,0.018,2.97,0.9,1.2,16.7,0,0,0-0
"Lettuce, green leaf, raw",0.15,0.02,2.87,1.36,1.3,18.3,0,0,0-0
"Lotus root, raw",0.1,0.03,17.23,2.6,4.9,80.2,0,0,0-0
"Mushrooms, white, raw",0.34,0.05,3.26,3.09,1.0,28.5,0,0,0-0
"Mushrooms, white, cooked, boiled, drained, without salt",0.47,0.061,5.29,2.17,2.2,34.1,0,0,0-0
"Mushrooms, white, stir-fried",0.33,0.04,4.04,3.58,1.8,33.4,0,0,0-0
"Mushrooms, canned, drained solids",0.29,0.038,5.09,1.87,2.4,30.4,0,0,0-0
"Mushrooms, portabella, raw",0.35,0.01,3.87,2.11,1.3,27.1,0,0,0-0
"Mustard greens, raw",0.42,0.01,4.67,2.86,3.2,33.9,0,0,0-0
"Mustard greens, cooked, boiled, drained, without salt",0.47,0.012,4.51,2.56,2.0,32.5,0,0,0-0
"Mustard greens, frozen, unprepared",0.27,0.014,3.41,2.49,3.3,26.0,0,0,0-0
"Mustard greens, frozen, cooked, boiled, drained, without salt",0.25,0.013,3.11,2.27,2.8,23.8,0,0,0-0
"Okra, raw",0.19,0.026,7.45,1.93,3.2,39.2,0,0,0-0
"Okra, cooked, boiled, drained, without salt",0.21,0.045,4.51,1.87,2.5,27.4,0,0,0-0
"Okra, frozen, unprepared",0.25,0.065,6.63,1.69,2.2,35.5,0,0,0-0
"Okra, frozen, cooked, boiled, drained, without salt",0.24,0.063,6.41,1.63,2.1,34.3,0,0,0-0
"Potatoes, french fried, all types, salt added in processing, frozen, home-prepared, oven heated",5.48,0.848,25.55,2.75,2.0,162.5,0,1,0-1
"Potatoes, french fried, cottage-cut, salt not added in processing, frozen, as purchased",5.78,2.743,23.98,2.42,3.0,157.6,0,1,0-1
"Potatoes, french fried, cottage-cut, salt not added in processing, frozen, oven-heated",8.2,3.894,34.03,3.44,3.2,223.7,0,1,0-1
"Potatoes, frozen, french fried, par fried, extruded, unprepared",14.95,4.544,30.15,2.83,2.9,266.5,0,1,0-1
"Potato salad, home-prepared",8.2,1.429,11.17,2.68,1.3,129.2,0,1,0-1
"Pumpkin flowers, raw",0.07,0.036,3.28,1.03,0.0,17.9,0,0,0-0
"Pumpkin flowers, cooked, boiled, drained, without salt",0.08,0.041,3.3,1.09,0.9,18.3,0,0,0-0
"Pumpkin leaves, raw",0.4,0.207,2.33,3.15,0.0,25.5,0,0,0-0
"Pumpkin pie mix, canned",0.13,0.065,26.39,1.09,8.3,111.1,0,0,0-0
"Purslane, raw",0.36,0.0,3.39,2.03,0.0,24.9,0,0,0-0
"Purslane, cooked, boiled, drained, without salt",0.19,0.0,3.55,1.49,0.0,21.9,0,0,0-0
"Radishes, raw",0.1,0.032,3.4,0.68,1.6,17.2,0,0,0-0
"Salsify, (vegetable oyster), raw",0.2,0.0,18.6,3.3,3.3,89.4,0,0,0-0
"Salsify, cooked, boiled, drained, without salt",0.17,0.041,15.36,2.73,3.1,73.9,0,0,0-0
"Sauerkraut, canned, solids and liquids",0.14,0.034,4.28,0.91,2.9,22.0,0,0,0-0
"Seaweed, agar, raw",0.03,0.006,6.75,0.54,0.5,29.4,0,0,0-0
"Soybeans, green, raw",6.8,0.786,11.05,12.95,4.2,157.2,0,1,0-1
"Soybeans, green, cooked, boiled, drained, without salt",6.4,0.74,11.05,12.35,4.2,151.2,0,1,0-1
"Soybeans, mature seeds, sprouted, raw",6.7,0.929,9.57,13.09,1.1,150.9,0,1,0-1
"Spinach, canned, regular pack, solids and liquids",0.37,0.06,2.92,2.11,1.6,23.4,0,0,0-0
"Spinach, canned, regular pack, drained solids",0.5,0.081,3.4,2.81,2.4,29.3,0,0,0-0
"Spinach, frozen, chopped or leaf, unprepared (Includes foods for USDA's Food Distribution Program)",0.57,0.041,4.21,3.63,2.9,36.5,0,0,0-0
"Spinach, frozen, chopped or leaf, cooked, boiled, drained, without salt",0.87,0.157,4.8,4.01,3.7,43.1,0,0,0-0
"Squash, summer, scallop, raw",0.2,0.041,3.84,1.2,1.2,22.0,0,0,0-0
"Squash, summer, scallop, cooked, boiled, drained, without salt",0.17,0.035,3.3,1.03,1.9,18.8,0,0,0-0
"Squash, summer, zucchini, includes skin, raw",0.32,0.084,3.11,1.21,1.0,20.2,0,0,0-0
"Squash, summer, zucchini, includes skin, cooked, boiled, drained, without salt",0.36,0.072,2.69,1.14,1.0,18.6,0,0,0-0
"Squash, winter, acorn, cooked, baked, without salt",0.14,0.029,14.58,1.12,4.4,64.1,0,0,0-0
"Squash, winter, acorn, cooked, boiled, mashed, without salt",0.08,0.017,8.79,0.67,2.6,38.6,0,0,0-0
"Squash, winter, butternut, cooked, baked, without salt",0.09,0.019,10.49,0.9,3.2,46.4,0,0,0-0
"Squash, winter, hubbard, cooked, boiled, mashed, without salt",0.37,0.076,6.46,1.48,2.9,35.1,0,0,0-0
"Squash, winter, spaghetti, raw",0.57,0.117,6.91,0.64,1.5,35.3,0,0,0-0
"Squash, winter, spaghetti, cooked, boiled, drained, or baked, without salt",0.26,0.062,6.46,0.66,1.4,30.8,0,0,0-0
"Water convolvulus,raw",0.2,0.0,3.13,2.6,2.1,24.7,0,0,0-0
"Water convolvulus, cooked, boiled, drained, without salt",0.24,0.039,3.7,2.08,1.9,25.3,0,0,0-0
"Sweet potato leaves, raw",0.51,0.111,8.82,2.49,5.3,49.8,0,0,0-0
"Sweet potato leaves, cooked, steamed, without salt",0.34,0.065,7.38,2.18,1.9,41.3,0,0,0-0
"Sweet potato, canned, mashed",0.2,0.041,23.19,1.98,1.7,102.5,0,0,0-0
"Sweet potato, frozen, unprepared (Includes foods for USDA's Food Distribution Program)",0.18,0.039,22.22,1.71,1.7,97.3,0,0,0-0
"Sweet potato, frozen, cooked, baked, without salt",0.12,0.025,23.4,1.71,1.8,101.5,0,0,0-0
"Taro, raw",0.2,0.041,26.46,1.5,4.1,113.6,0,0,0-0
"Taro shoots, cooked, without salt",0.08,0.016,3.2,0.73,0.0,16.4,0,0,0-0
"Artichokes, (globe or french), cooked, boiled, drained, with salt",0.34,0.079,11.39,2.89,5.7,60.2,0,0,0-0
"Artichokes, (globe or french), frozen, cooked, boiled, drained, with salt",0.5,0.119,9.18,3.11,4.6,53.7,0,0,0-0
"Asparagus, cooked, boiled, drained, with salt",0.22,0.048,4.11,2.4,2.0,28.0,0,0,0-0
"Asparagus, canned, no salt added, solids and liquids",0.18,0.041,2.48,1.8,1.0,18.7,0,0,0-0
"Lima beans, immature seeds, cooked, boiled, drained, with salt",0.32,0.073,23.64,6.81,5.3,124.7,0,1,0-1
"Lima beans, immature seeds, canned, no salt added, solids and liquids",0.29,0.066,13.33,4.07,3.6,72.2,0,0,0-0
"Lima beans, immature seeds, frozen, baby, cooked, boiled, drained, with salt",0.3,0.068,19.45,6.65,4.8,107.1,0,1,0-1
"Beans, snap, yellow, raw",0.12,0.026,7.13,1.82,3.4,36.9,0,0,0-0
"Beans, snap, green, cooked, boiled, drained, with salt",0.28,0.064,7.88,1.89,3.2,41.6,0,0,0-0
"Beans, snap, yellow, cooked, boiled, drained, without salt",0.28,0.064,7.88,1.89,3.3,41.6,0,0,0-0
"Beans, snap, yellow, cooked, boiled, drained, with salt",0.28,0.064,7.88,1.89,3.3,41.6,0,0,0-0
"Beans, snap, yellow, frozen, all styles, unprepared",0.21,0.047,7.58,1.8,2.8,39.4,0,0,0-0
"Beans, snap, green, frozen, cooked, boiled, drained, with salt",0.17,0.044,6.45,1.49,3.0,33.3,0,0,0-0
"Beans, snap, yellow, frozen, cooked, boiled, drained, without salt",0.17,0.044,6.45,1.49,3.0,33.3,0,0,0-0
"Beans, snap, yellow, frozen, cooked, boiled, drained, with salt",0.17,0.044,6.45,1.49,3.0,33.3,0,0,0-0
"Broccoli, flower clusters, raw",0.35,0.054,5.06,2.98,2.3,35.3,0,0,0-0
"Brussels sprouts, frozen, cooked, boiled, drained, with salt",0.39,0.081,8.32,3.64,4.1,51.4,0,0,0-0
"Burdock root, cooked, boiled, drained, with salt",0.14,0.0,21.15,2.09,1.8,94.2,0,0,0-0
"Cabbage, common (danish, domestic, and pointed types), freshly harvest, raw",0.18,0.023,5.37,1.21,2.3,27.9,0,0,0-0
"Cabbage, common (danish, domestic, and pointed types), stored, raw",0.18,0.023,5.37,1.21,2.3,27.9,0,0,0-0
"Cabbage, chinese (pe-tsai), cooked, boiled, drained, with salt",0.17,0.036,2.41,1.5,1.7,17.2,0,0,0-0
"Carrots, cooked, boiled, drained, with salt",0.18,0.037,8.22,0.76,3.0,37.5,0,0,0-0
"Carrots, canned, no salt added, solids and liquids",0.14,0.024,5.36,0.59,1.8,25.1,0,0,0-0
"Celery, cooked, boiled, drained, with salt",0.16,0.04,4.0,0.83,1.6,20.8,0,0,0-0
"Chard, swiss, cooked, boiled, drained, with salt",0.08,0.0,4.13,1.88,2.1,24.8,0,0,0-0
"Chayote, fruit, cooked, boiled, drained, with salt",0.48,0.031,4.5,0.62,2.8,24.8,0,0,0-0
"Corn, sweet, yellow, canned, no salt added, solids and liquids (Includes foods for USDA's Food Distribution Program)",0.77,0.077,13.86,1.95,1.7,70.2,0,0,0-0
"Corn, sweet, yellow, canned, cream style, no salt added",0.42,0.065,18.13,1.74,1.2,83.3,0,0,0-0
"Corn, sweet, yellow, canned, vacuum pack, no salt added",0.5,0.077,19.44,2.41,2.0,91.9,0,0,0-0
"Corn, sweet, yellow, frozen, kernels, cut off cob, boiled, drained, with salt",0.67,0.066,18.71,2.55,2.4,91.1,0,0,0-0
"Corn, sweet, yellow, frozen, kernels on cob, cooked, boiled, drained, with salt",0.74,0.114,22.33,3.11,2.8,108.4,0,0,0-0
"Cress, garden, cooked, boiled, drained, with salt",0.6,0.02,3.8,1.9,0.7,28.2,0,0,0-0
"Dandelion greens, cooked, boiled, drained, with salt",0.6,0.0,6.4,2.0,2.9,39.0,0,0,0-0
"Eggplant, cooked, boiled, drained, with salt",0.23,0.044,8.14,0.83,2.5,38.0,0,0,0-0
"Gourd, white-flowered (calabash), cooked, boiled, drained, with salt",0.02,0.002,3.1,0.6,1.2,15.0,0,0,0-0
"Jute, potherb, cooked, boiled, drained, with salt",0.2,0.03,7.29,3.68,2.0,45.7,0,0,0-0
"Kale, cooked, boiled, drained, with salt",1.21,0.156,5.3,2.94,2.3,43.8,0,0,0-0
"Kale, frozen, cooked, boiled, drained, with salt",1.21,0.158,5.3,2.94,2.3,43.8,0,0,0-0
"Kohlrabi, cooked, boiled, drained, with salt",0.11,0.014,6.69,1.8,1.1,35.0,0,0,0-0
"Corn, sweet, white, canned, whole kernel, no salt added, solids and liquids",0.5,0.077,15.41,1.95,0.7,73.9,0,0,0-0
"Corn, sweet, white, canned, whole kernel, drained solids",1.22,0.245,14.34,2.29,2.0,77.5,0,0,0-0
"Corn, sweet, white, canned, cream style, regular pack",0.42,0.065,18.62,1.74,1.2,85.2,0,0,0-0
"Corn, sweet, white, canned, cream style, no salt added",0.42,0.065,18.13,1.74,1.2,83.3,0,0,0-0
"Corn, sweet, white, frozen, kernels cut off cob, boiled, drained, with salt",0.43,0.066,19.56,2.75,2.4,93.1,0,0,0-0
"Corn, sweet, white, frozen, kernels on cob, unprepared",0.78,0.12,23.5,3.28,2.8,114.1,0,1,0-1
"Corn, sweet, white, frozen, kernels on cob, cooked, boiled, drained, without salt",0.74,0.114,22.33,3.11,2.1,108.4,0,0,0-0
"Corn, sweet, white, frozen, kernels on cob, cooked, boiled, drained, with salt",0.74,0.114,22.33,3.11,2.8,108.4,0,0,0-0
"Soybeans, mature seeds, sprouted, cooked, steamed, with salt",4.45,0.617,6.53,8.47,0.8,100.1,0,0,0-0
"Potatoes, mashed, dehydrated, prepared from flakes without milk, whole milk and margarine added",5.6,1.46,15.02,1.9,2.3,118.1,0,0,0-0
"Beans, snap, yellow, canned, regular pack, drained solids",0.1,0.022,4.5,1.15,1.3,23.5,0,0,0-0
"Beans, snap, yellow, canned, no salt added, drained solids",0.1,0.022,4.5,1.15,1.3,23.5,0,0,0-0
"Mushroom, white, exposed to ultraviolet light, raw",0.34,0.05,3.26,3.09,1.0,28.5,0,0,0-0
"Mushrooms, portabella, exposed to ultraviolet light, grilled",0.58,0.028,4.44,3.28,2.2,36.1,0,0,0-0
"Pickles, cucumber, sweet (includes bread and butter pickles)",0.41,0.067,21.15,0.58,1.0,90.6,0,0,0-0
"Pickles, cucumber, sour",0.2,0.052,2.26,0.33,1.2,12.2,0,0,0-0
"Pickles, cucumber, sweet, low sodium (includes bread and butter pickles)",0.26,0.067,33.73,0.37,1.1,138.7,0,1,0-1
"Catsup, low sodium",0.1,0.014,27.4,1.04,0.3,114.7,0,0,0-0
"Mushrooms, enoki, raw",0.29,0.027,7.81,2.66,2.7,44.5,0,0,0-0
"Peppers, sweet, yellow, raw",0.21,0.031,6.32,1.0,0.9,31.2,0,0,0-0
"Tomatoes, sun-dried, packed in oil, drained",14.08,1.893,23.33,5.06,5.8,240.3,0,1,0-1
"Fennel, bulb, raw",0.2,0.09,7.3,1.24,3.1,36.0,0,0,0-0
"Pickle relish, hamburger",0.54,0.052,34.48,0.63,3.2,145.3,0,1,0-1
"Arugula, raw",0.66,0.086,3.65,2.58,1.6,30.9,0,0,0-0
"Nopales, cooked, without salt",0.05,0.006,3.28,1.35,2.0,19.0,0,0,0-0
"Cauliflower, green, raw",0.3,0.047,6.09,2.95,3.2,38.9,0,0,0-0
"Cauliflower, green, cooked, no salt added",0.31,0.043,6.28,3.04,3.3,40.1,0,0,0-0
"Cauliflower, green, cooked, with salt",0.31,0.049,6.28,3.04,3.3,40.1,0,0,0-0
"Broccoli, chinese, cooked",0.72,0.11,3.81,1.14,2.5,26.3,0,0,0-0
"Grape leaves, canned",1.97,0.312,11.71,4.27,9.9,81.6,0,0,0-0
"Pepper, banana, raw",0.45,0.048,5.35,1.66,3.4,32.1,0,0,0-0
"Peppers, serrano, raw",0.44,0.059,6.7,1.74,3.7,37.7,0,0,0-0
"Pickles, chowchow, with cauliflower onion mustard, sweet",0.9,0.149,26.64,1.5,1.5,120.7,0,1,0-1
"Epazote, raw",0.52,0.0,7.44,0.33,3.8,35.8,0,0,0-0
"Fireweed, leaves, raw",2.75,0.0,19.22,4.71,10.6,120.5,0,1,0-1
"Malabar spinach, cooked",0.78,0.0,2.71,2.98,2.1,29.8,0,0,0-0
"Yautia (tannier), raw",0.4,0.082,23.63,1.46,1.5,104.0,0,0,0-0
"Mushrooms, maitake, raw",0.19,0.03,6.97,1.94,2.7,37.4,0,0,0-0
"Alcoholic beverage, beer, light, BUD LIGHT",0.0,0.0,1.3,0.25,0.0,6.2,0,0,0-0
"Alcoholic beverage, daiquiri, canned",0.0,0.0,15.7,0.0,0.0,62.8,0,0,0-0
"Alcoholic beverage, daiquiri, prepared-from-recipe",0.06,0.006,6.94,0.06,0.1,28.5,0,0,0-0
"Alcoholic beverage, beer, light, low carb",0.0,0.0,0.73,0.17,0.0,3.6,0,0,0-0
"Syrups, table blends, pancake, reduced-calorie",0.0,0.0,44.55,0.0,0.0,178.2,0,1,0-1
"Desserts, egg custard, baked, prepared-from-recipe",4.58,2.164,11.0,5.02,0.0,105.3,0,0,0-0
"Gelatin desserts, dry mix, prepared with water",0.0,0.0,14.19,1.22,0.0,61.6,0,0,0-0
"Gelatin desserts, dry mix, reduced calorie, with aspartame, prepared with water",0.0,0.0,4.22,0.83,0.0,20.2,0,0,0-0
"Puddings, chocolate, dry mix, instant, prepared with whole milk",3.1,1.83,18.8,3.1,1.0,115.5,0,1,0-1
"Desserts, apple crisp, prepared-from-recipe",3.43,0.685,30.84,1.75,1.4,161.2,0,1,0-1
"Puddings, chocolate, dry mix, regular, prepared with whole milk",3.15,1.81,19.64,3.16,0.8,119.6,0,1,0-1
"Puddings, rice, dry mix, prepared with whole milk",2.82,1.682,20.68,3.25,0.1,121.1,0,1,0-1
"Puddings, tapioca, dry mix, prepared with whole milk",2.89,1.724,19.43,2.84,0.0,115.1,0,0,0-0
"Puddings, vanilla, ready-to-eat",3.78,1.016,22.6,1.45,0.0,130.2,0,1,0-1
"Puddings, vanilla, dry mix, regular, prepared with whole milk",2.9,1.643,18.92,2.8,0.1,113.0,0,0,0-0
"Puddings, rice, dry mix, prepared with 2% milk",1.63,0.967,20.81,3.29,0.1,111.1,0,0,0-0
"Puddings, tapioca, dry mix, prepared with 2% milk",1.67,0.991,19.56,2.88,0.0,104.8,0,0,0-0
"Frozen novelties, ice type, fruit, no sugar added",0.1,0.0,6.2,0.5,0.0,27.7,0,0,0-0
"Puddings, tapioca, ready-to-eat",3.88,0.962,21.69,1.95,0.0,129.5,0,1,0-1
"Puddings, coconut cream, dry mix, regular, prepared with 2% milk",2.5,1.8,17.8,3.1,0.2,106.1,0,0,0-0
"Rennin, chocolate, dry mix, prepared with whole milk",3.34,1.999,13.34,3.2,0.5,96.2,0,0,0-0
"Flan, caramel custard, dry mix, prepared with 2% milk",1.72,1.035,18.82,2.99,0.0,102.7,0,0,0-0
"Ice creams, vanilla, light, no sugar added",7.45,4.048,21.42,3.97,0.0,168.6,0,1,0-1
"Frozen novelties, fruit and juice bars",0.1,0.0,20.2,1.2,1.0,86.5,0,0,0-0
"Ice creams, chocolate, light, no sugar added",5.74,3.61,26.79,3.54,0.9,173.0,0,1,0-1
"Frozen novelties, ice type, lime",0.0,0.0,32.6,0.4,0.0,132.0,0,1,0-1
"Puddings, banana, dry mix, instant, prepared with whole milk",2.8,1.562,19.76,2.62,0.0,114.7,0,0,0-0
"Couscous, cooked",0.16,0.029,23.22,3.79,1.4,109.5,0,0,0-0
"Hominy, canned, white",0.88,0.123,14.26,1.48,2.5,70.9,0,0,0-0
"Rice, brown, long-grain, cooked (Includes foods for USDA's Food Distribution Program)",0.97,0.26,25.58,2.74,1.6,122.0,0,1,0-1
"Rice, white, long-grain, parboiled, enriched, cooked",0.37,0.074,26.05,2.91,0.9,119.2,0,1,0-1
"Rice, white, long-grain, precooked or instant, enriched, prepared",0.5,0.017,26.76,2.18,0.6,120.3,0,1,0-1
"Rice, white, glutinous, unenriched, cooked",0.19,0.039,21.09,2.02,1.0,94.1,0,0,0-0
"Rice, white, steamed, Chinese restaurant",0.27,0.0,33.88,3.2,0.9,150.8,0,1,0-1
"Wheat, sprouted",1.27,0.206,42.53,7.49,1.1,211.5,0,1,0-1
"Noodles, egg, enriched, cooked",2.07,0.419,25.16,4.54,1.2,137.4,0,1,0-1
"Noodles, egg, spinach, enriched, cooked",1.57,0.361,24.25,5.04,2.3,131.3,0,1,0-1
"Pasta, cooked, enriched, without added salt",0.93,0.176,30.86,5.8,1.8,155.0,0,1,0-1
"Wheat, KAMUT khorasan, cooked",0.83,0.077,27.6,5.71,4.3,140.7,0,1,0-1
"Spelt, cooked",0.85,0.0,26.44,5.5,3.9,135.4,0,1,0-1
"Pasta, cooked, enriched, with added salt",0.93,0.176,30.59,5.8,1.8,153.9,0,1,0-1
"Hominy, canned, yellow",0.88,0.123,14.26,1.48,2.5,70.9,0,0,0-0
"Rice, white, long-grain, regular, cooked, enriched, with salt",0.28,0.077,28.17,2.69,0.4,126.0,0,1,0-1
"Rice, white, long-grain, regular, unenriched, cooked without salt",0.28,0.077,28.17,2.69,0.4,126.0,0,1,0-1
"Rice, white, long-grain, parboiled, unenriched, cooked",0.37,0.074,26.05,2.91,0.9,119.2,0,1,0-1
"Noodles, egg, cooked, unenriched, with added salt",2.07,0.419,25.16,4.54,1.2,137.4,0,1,0-1
"Potatoes, yellow fleshed, roasted, salt added in processing, frozen, unprepared",1.85,0.153,23.44,1.99,2.6,118.4,0,1,0-1
"Potatoes, yellow fleshed, french fried, frozen, unprepared",5.84,1.427,25.01,2.47,2.2,162.5,0,1,0-1
"Ginger root, pickled, canned, with artificial sweetener",0.1,0.037,4.83,0.33,2.6,21.5,0,0,0-0
"Peppers, hot pickled, canned",0.4,0.061,4.56,0.8,2.6,25.0,0,0,0-0
"Vegetable juice, BOLTHOUSE FARMS, DAILY GREENS",0.04,0.015,8.13,0.49,1.9,34.8,0,0,0-0
"Potatoes, mashed, ready-to-eat",5.01,2.632,13.29,1.97,1.9,106.1,0,0,0-0
"Macaroni and cheese, box mix with cheese sauce, prepared",4.99,1.636,23.1,6.68,1.2,164.0,0,1,0-1
"Taquitos, frozen, chicken and cheese, oven-heated",12.54,2.31,33.63,9.21,2.9,284.2,0,1,0-1
"Taquitos, frozen, beef and cheese, oven-heated",12.79,2.621,33.46,9.4,2.8,286.6,0,1,0-1
"Potsticker or wonton, pork and vegetable, frozen, unprepared",5.52,1.724,13.28,8.28,1.4,135.9,0,1,0-1
"Turnover, cheese-filled, tomato-based sauce, frozen, unprepared",9.45,4.724,27.29,10.24,1.6,235.2,0,1,0-1
"Spanish rice mix, dry mix, prepared (with canola/vegetable oil blend or diced tomatoes and margarine)",2.38,0.387,22.74,3.27,1.5,125.5,0,1,0-1
"Dumpling, potato- or cheese-filled, frozen",6.14,1.316,29.64,5.26,0.9,194.9,0,1,0-1
"Turnover, chicken- or turkey-, and vegetable-filled, reduced fat, frozen",5.51,2.756,21.74,7.87,3.1,168.0,0,1,0-1
"HUNGRY MAN, Salisbury Steak With Gravy, frozen, unprepared",8.53,3.426,6.96,7.96,1.3,136.4,0,1,0-1
"BANQUET, Salisbury Steak With Gravy, family size, frozen, unprepared",11.1,4.282,6.96,6.89,1.0,155.3,0,1,0-1
"Infant formula, MEAD JOHNSON, ENFAMIL, Premature, 24 calories ready-to-feed Low iron",3.34,1.339,7.19,1.97,0.0,66.7,0,0,0-0
"Infant Formula, MEAD JOHNSON, ENFAMIL, Premium, Infant, ready-to-feed",3.48,1.027,7.39,1.38,0.0,66.4,0,0,0-0
"Babyfood, GERBER, Banana with orange medley",0.0,0.0,20.41,1.06,2.1,85.9,0,0,0-0
"Lambsquarters, steamed (Northern Plains Indians)",0.16,0.0,7.47,4.06,5.2,47.6,0,0,0-0
"Prickly pears, raw (Northern Plains Indians)",0.11,0.0,10.17,0.12,5.3,42.2,0,0,0-0
"Prairie Turnips, raw (Northern Plains Indians)",0.36,0.0,35.67,2.62,8.0,156.4,0,1,0-1
"Stinging Nettles, blanched (Northern Plains Indians)",0.11,0.0,7.49,2.71,6.9,41.8,0,0,0-0
"Plums, wild (Northern Plains Indians)",0.17,0.0,21.95,0.43,6.0,91.0,0,0,0-0
"T.G.I. FRIDAY'S, macaroni & cheese, from kid's menu",3.45,1.63,17.4,5.03,1.0,120.8,0,1,0-1
"Restaurant, family style, macaroni & cheese, from kids' menu",6.06,2.147,18.8,5.42,1.1,151.4,0,1,0-1
"CRACKER BARREL, coleslaw",13.22,2.039,13.01,0.89,1.6,174.6,0,1,0-1
"DENNY'S, spaghetti and meatballs",8.52,3.104,15.51,7.84,1.5,170.1,0,1,0-1
"Restaurant, family style, hash browns",8.99,1.689,26.59,2.49,2.7,197.2,0,1,0-1
"CRACKER BARREL, macaroni n' cheese",11.75,4.178,15.61,6.49,1.1,194.2,0,1,0-1
"Restaurant, Italian, lasagna with meat",10.69,4.941,11.36,10.83,1.5,185.0,0,1,0-1
"OLIVE GARDEN, spaghetti with pomodoro sauce",1.85,0.336,17.14,4.26,1.7,102.2,0,0,0-0
"CARRABBA'S ITALIAN GRILL, spaghetti with pomodoro sauce",1.75,0.36,18.63,3.42,1.7,104.0,0,0,0-0
"Restaurant, Mexican, cheese tamales",11.99,3.983,17.97,8.99,2.2,215.8,0,1,0-1
"Babyfood, vegetable and brown rice, strained",1.5,0.14,12.1,1.9,1.1,69.5,0,0,0-0
"Babyfood, peas and brown rice",0.5,0.1,11.49,3.4,2.5,64.1,0,0,0-0
"Milk, fluid, nonfat, calcium fortified (fat free or skim)",0.18,0.117,4.85,3.4,0.0,34.6,0,0,0-0
"Babyfood, carrots, toddler",0.3,0.052,5.23,0.6,2.3,26.0,0,0,0-0
"Babyfood, dessert, banana pudding, strained",0.8,0.264,14.14,1.0,0.8,67.8,0,0,0-0
"Babyfood, fruit, tutti frutti, strained",0.3,0.087,15.48,0.4,0.6,66.2,0,0,0-0
"Babyfood, fruit, tutti frutti, junior",0.4,0.11,16.0,0.4,0.4,69.2,0,0,0-0
"Salad dressing, sweet and sour",0.0,0.0,3.7,0.1,0.0,15.2,0,0,0-0
"Salad dressing, blue or roquefort cheese, low calorie",7.2,2.575,2.9,5.1,0.0,96.8,0,0,0-0
"Salad dressing, caesar, low calorie",4.4,0.703,18.6,0.3,0.1,115.2,0,0,0-0
"Syrups, sugar free",0.0,0.0,11.99,0.8,0.7,51.2,0,0,0-0
"Jellies, no sugar (with sodium saccharin), any flavors",0.0,0.0,29.6,0.55,2.2,120.6,0,1,0-1
"Fluid replacement, electrolyte solution (include PEDIALYTE)",0.0,0.0,2.45,0.0,0.0,9.8,0,0,0-0
"Beans, liquid from stewed kidney beans",3.2,1.174,2.8,1.8,0.1,47.2,0,0,0-0
"Radishes, hawaiian style, pickled",0.3,0.092,5.2,1.1,2.2,27.9,0,0,0-0
"Cabbage, japanese style, fresh, pickled",0.1,0.013,5.67,1.6,3.1,30.0,0,0,0-0
"Cabbage, mustard, salted",0.1,0.013,5.63,1.1,3.1,27.8,0,0,0-0
"Eggplant, pickled",0.7,0.14,9.77,0.9,2.5,49.0,0,0,0-0
"Salad dressing, buttermilk, lite",12.42,1.25,21.33,1.25,1.1,202.1,0,1,0-1
"Yogurt, fruit variety, nonfat",0.2,0.119,19.0,4.4,0.0,95.4,0,0,0-0
"Whipped cream substitute, dietetic, made from powdered mix",6.0,3.186,10.6,0.9,0.0,100.0,0,0,0-0
"Frozen novelties, ice cream type, sundae, prepackaged",6.0,3.09,29.64,4.3,0.3,189.8,0,1,0-1
"Eggs, scrambled, frozen mixture",5.6,1.052,7.5,13.1,0.0,132.8,0,1,0-1
"Loquats, raw",0.2,0.04,12.14,0.43,1.7,52.1,0,0,0-0
"Mammy-apple, (mamey), raw",0.5,0.136,12.5,0.5,3.0,56.5,0,0,0-0
"Mangos, raw",0.38,0.092,14.98,0.82,1.6,66.6,0,0,0-0
"Melon balls, frozen",0.25,0.064,7.94,0.84,0.7,37.4,0,0,0-0
"Mulberries, raw",0.39,0.027,9.8,1.44,1.7,48.5,0,0,0-0
"Nectarines, raw",0.32,0.025,10.55,1.06,1.7,49.3,0,0,0-0
"Oranges, raw, California, valencias",0.3,0.035,11.89,1.04,2.5,54.4,0,0,0-0
"Oranges, raw, navels (Includes foods for USDA's Food Distribution Program)",0.15,0.017,12.54,0.91,2.2,55.2,0,0,0-0
"Oranges, raw, Florida",0.21,0.025,11.54,0.7,2.4,50.8,0,0,0-0
"Oranges, raw, with peel",0.3,0.035,15.5,1.3,4.5,69.9,0,0,0-0
"Orange juice, chilled, includes from concentrate, with added calcium",0.12,0.014,11.27,0.68,0.3,48.9,0,0,0-0
"Orange juice, frozen concentrate, unsweetened, diluted with 3 volume water, with added calcium",0.06,0.015,8.47,0.6,0.2,36.8,0,0,0-0
"Orange juice, frozen concentrate, unsweetened, undiluted, with added calcium",0.25,0.059,33.86,2.4,1.0,147.3,0,1,0-1
"Orange juice, frozen concentrate, unsweetened, undiluted",0.25,0.059,35.19,2.4,1.0,152.6,0,1,0-1
"Tangerines, (mandarin oranges), canned, light syrup pack",0.1,0.012,16.19,0.45,0.7,67.5,0,0,0-0
"Tangerine juice, raw",0.2,0.024,10.1,0.5,0.2,44.2,0,0,0-0
"Papayas, raw",0.26,0.081,10.82,0.47,1.7,47.5,0,0,0-0
"Peaches, yellow, raw",0.25,0.019,9.54,0.91,1.5,44.0,0,0,0-0
"Peaches, canned, water pack, solids and liquids",0.06,0.006,6.11,0.44,1.3,26.7,0,0,0-0
"Peaches, canned, juice pack, solids and liquids",0.03,0.004,11.57,0.63,1.3,49.1,0,0,0-0
"Peaches, canned, extra light syrup, solids and liquids (Includes foods for USDA's Food Distribution Program)",0.1,0.011,11.1,0.4,1.0,46.9,0,0,0-0
"Peaches, dried, sulfured, stewed, without added sugar",0.25,0.026,19.69,1.16,2.7,85.6,0,0,0-0
"Pears, canned, juice pack, solids and liquids",0.07,0.004,12.94,0.34,1.6,53.8,0,0,0-0
"Pears, canned, extra light syrup pack, solids and liquids (Includes foods for USDA's Food Distribution Program)",0.1,0.006,12.2,0.3,1.6,50.9,0,0,0-0
"Pears, canned, light syrup pack, solids and liquids",0.03,0.002,15.17,0.19,1.6,61.7,0,0,0-0
"Pears, canned, heavy syrup pack, solids and liquids",0.13,0.007,19.17,0.2,1.6,78.6,0,0,0-0
"Pear nectar, canned, without added ascorbic acid",0.01,0.001,15.76,0.11,0.6,63.6,0,0,0-0
"Persimmons, japanese, raw",0.19,0.02,18.59,0.58,3.6,78.4,0,0,0-0
"Pineapple, canned, heavy syrup pack, solids and liquids",0.11,0.009,20.2,0.35,0.8,83.2,0,0,0-0
"Pineapple, canned, extra heavy syrup pack, solids and liquids",0.11,0.009,21.5,0.34,0.8,88.4,0,0,0-0
"Pineapple, frozen, chunks, sweetened",0.1,0.007,22.2,0.4,1.1,91.3,0,0,0-0
"Pineapple juice, canned or bottled, unsweetened, without added ascorbic acid",0.12,0.008,12.87,0.36,0.2,54.0,0,0,0-0
"Pineapple juice, frozen concentrate, unsweetened, undiluted",0.1,0.007,44.3,1.3,0.7,183.3,0,1,0-1
"Plums, raw",0.28,0.017,11.42,0.7,1.4,51.0,0,0,0-0
"Plums, canned, purple, water pack, solids and liquids",0.01,0.001,11.03,0.39,0.9,45.8,0,0,0-0
"Plums, canned, purple, juice pack, solids and liquids",0.02,0.002,15.15,0.51,0.9,62.8,0,0,0-0
"Plums, canned, purple, light syrup pack, solids and liquids",0.1,0.008,16.28,0.37,0.9,67.5,0,0,0-0
"Lima beans, immature seeds, frozen, fordhook, unprepared",0.35,0.081,19.83,6.4,5.5,108.1,0,1,0-1
"Lima beans, immature seeds, frozen, fordhook, cooked, boiled, drained, without salt",0.34,0.077,19.32,6.07,5.3,104.6,0,1,0-1
"Lima beans, immature seeds, frozen, baby, unprepared",0.44,0.102,25.14,7.59,6.0,134.9,0,1,0-1
"Lima beans, immature seeds, frozen, baby, cooked, boiled, drained, without salt",0.3,0.068,19.45,6.65,4.8,107.1,0,1,0-1
"Mung beans, mature seeds, sprouted, raw",0.18,0.046,5.94,3.04,1.8,37.5,0,0,0-0
"Beans, pinto, immature seeds, frozen, unprepared",0.5,0.061,32.5,9.8,5.7,173.7,0,1,0-1
"Beans, pinto, immature seeds, frozen, cooked, boiled, drained, without salt",0.48,0.058,30.87,9.31,5.4,165.0,0,1,0-1
"Beans, shellie, canned, solids and liquids",0.19,0.023,6.19,1.76,3.4,33.5,0,0,0-0
"Beans, snap, green, frozen, all styles, unprepared (Includes foods for USDA's Food Distribution Program)",0.21,0.047,7.54,1.79,2.6,39.2,0,0,0-0
"Beans, snap, green, frozen, cooked, boiled, drained without salt",0.17,0.044,6.45,1.49,3.0,33.3,0,0,0-0
"Beans, snap, green, frozen, all styles, microwaved",0.41,0.092,6.98,1.98,3.4,39.5,0,0,0-0
"Beans, snap, green, microwaved",0.5,0.0,6.41,2.31,3.4,39.4,0,0,0-0
"Beets, canned, drained solids",0.14,0.022,7.21,0.91,1.8,33.7,0,0,0-0
"Broccoli, cooked, boiled, drained, without salt",0.41,0.079,7.18,2.38,3.3,41.9,0,0,0-0
"Broccoli, frozen, chopped, unprepared",0.29,0.044,4.78,2.81,3.0,33.0,0,0,0-0
"Broccoli, frozen, chopped, cooked, boiled, drained, without salt",0.12,0.018,5.35,3.1,3.0,34.9,0,0,0-0
"Broccoli, frozen, spears, unprepared (Includes foods for USDA's Food Distribution Program)",0.34,0.052,5.35,3.06,3.0,36.7,0,0,0-0
"Brussels sprouts, cooked, boiled, drained, without salt",0.5,0.102,7.1,2.55,2.6,43.1,0,0,0-0
"Brussels sprouts, frozen, unprepared",0.41,0.084,7.86,3.78,3.8,50.2,0,0,0-0
"Brussels sprouts, frozen, cooked, boiled, drained, without salt",0.39,0.081,8.32,3.64,4.1,51.4,0,0,0-0
"Burdock root, raw",0.15,0.025,17.34,1.53,3.3,76.8,0,0,0-0
"Cabbage, raw",0.1,0.034,5.8,1.28,2.5,29.2,0,0,0-0
"Cabbage, cooked, boiled, drained, without salt",0.06,0.0,5.51,1.27,1.9,27.7,0,0,0-0
"Cabbage, red, cooked, boiled, drained, without salt",0.09,0.011,6.94,1.51,2.6,34.6,0,0,0-0
"Cabbage, chinese (pe-tsai), raw",0.2,0.043,3.23,1.2,1.2,19.5,0,0,0-0
"Cabbage, chinese (pe-tsai), cooked, boiled, drained, without salt",0.17,0.036,2.41,1.5,1.7,17.2,0,0,0-0
"Cardoon, raw",0.1,0.011,4.07,0.7,1.6,20.0,0,0,0-0
"Carrots, frozen, unprepared (Includes foods for USDA's Food Distribution Program)",0.46,0.047,7.9,0.78,3.3,38.9,0,0,0-0
"Carrots, frozen, cooked, boiled, drained, without salt",0.68,0.12,7.73,0.58,3.3,39.4,0,0,0-0
"Cassava, raw",0.28,0.074,38.06,1.36,1.8,160.2,0,1,0-1
"Celeriac, cooked, boiled, drained, without salt",0.19,0.0,5.9,0.96,1.2,29.2,0,0,0-0
"Celery, cooked, boiled, drained, without salt",0.16,0.04,4.0,0.83,1.6,20.8,0,0,0-0
"Celtuce, raw",0.3,0.0,3.65,0.85,1.7,20.7,0,0,0-0
"Chard, swiss, raw",0.2,0.03,3.74,1.8,1.6,24.0,0,0,0-0
"Chicory greens, raw",0.3,0.073,4.7,1.7,4.0,28.3,0,0,0-0
"Chicory roots, raw",0.2,0.048,17.51,1.4,1.5,77.4,0,0,0-0
"Chives, raw",0.73,0.146,4.35,3.27,2.5,37.0,0,0,0-0
"Chrysanthemum, garland, raw",0.56,0.0,3.02,3.36,3.0,30.6,0,0,0-0
"Collards, frozen, chopped, cooked, boiled, drained, without salt",0.41,0.06,7.1,2.97,2.8,44.0,0,0,0-0
"Coriander (cilantro) leaves, raw",0.52,0.014,3.67,2.13,2.8,27.9,0,0,0-0
"Corn, sweet, yellow, raw",1.35,0.325,18.7,3.27,2.0,100.0,0,0,0-0
"Corn, sweet, yellow, cooked, boiled, drained, without salt",1.5,0.197,20.98,3.41,2.4,111.1,0,0,0-0
"Onions, raw",0.1,0.042,9.34,1.1,1.7,42.7,0,0,0-0
"Onions, cooked, boiled, drained, without salt",0.19,0.031,10.15,1.36,1.4,47.8,0,0,0-0
"Onions, canned, solids and liquids",0.09,0.016,4.02,0.85,1.2,20.3,0,0,0-0
"Onions, yellow, sauteed",10.8,1.477,7.86,0.95,1.7,132.4,0,0,0-0
"Onions, spring or scallions (includes tops and bulb), raw",0.19,0.032,7.34,1.83,2.6,38.4,0,0,0-0
"Onions, young green, tops only",0.47,0.165,5.74,0.97,1.8,31.1,0,0,0-0
"Onions, sweet, raw",0.08,0.0,7.55,0.8,0.9,34.1,0,0,0-0
"Parsnips, cooked, boiled, drained, without salt",0.3,0.05,17.01,1.32,3.6,76.0,0,0,0-0
"Peas, edible-podded, raw",0.2,0.039,7.55,2.8,2.6,43.2,0,0,0-0
"Peas, edible-podded, boiled, drained, without salt",0.23,0.044,7.05,3.27,2.8,43.4,0,0,0-0
"Peas, edible-podded, frozen, unprepared",0.3,0.058,7.2,2.8,3.1,42.7,0,0,0-0
"Peas, green (includes baby and lesuer types), canned, drained solids, unprepared",0.8,0.143,11.36,4.47,4.9,70.5,0,0,0-0
"Peas, green, canned, seasoned, solids and liquids",0.27,0.048,9.25,3.09,2.0,51.8,0,0,0-0
"Peas, green, frozen, unprepared (Includes foods for USDA's Food Distribution Program)",0.4,0.066,13.62,5.22,4.5,79.0,0,0,0-0
"Peas, green, frozen, cooked, boiled, drained, without salt",0.27,0.049,14.26,5.15,4.5,80.1,0,0,0-0
"Peas and carrots, frozen, cooked, boiled, drained, without salt",0.42,0.077,10.12,3.09,3.1,56.6,0,0,0-0
"Peas and onions, canned, solids and liquids",0.38,0.068,8.57,3.28,2.3,50.8,0,0,0-0
"Peas and onions, frozen, unprepared",0.32,0.057,13.51,3.98,3.5,72.8,0,0,0-0
"Peas and onions, frozen, cooked, boiled, drained, without salt",0.2,0.036,8.63,2.54,2.2,46.5,0,0,0-0
"Peppers, sweet, green, frozen, chopped, unprepared",0.21,0.031,4.45,1.08,1.6,24.0,0,0,0-0
"Peppers, sweet, green, sauteed",11.85,1.59,4.22,0.78,1.8,126.6,0,0,0-0
"Pigeonpeas, immature seeds, raw",1.64,0.354,23.88,7.2,5.1,139.1,0,1,0-1
"Potatoes, flesh and skin, raw",0.09,0.025,17.49,2.05,2.1,79.0,0,0,0-0
"Potatoes, russet, flesh and skin, raw (Includes foods for USDA's Food Distribution Program)",0.08,0.026,18.07,2.14,1.3,81.6,0,0,0-0
"Potatoes, white, flesh and skin, raw",0.1,0.026,15.71,1.68,2.4,70.5,0,0,0-0
"Potatoes, red, flesh and skin, raw",0.14,0.035,15.9,1.89,1.7,72.4,0,0,0-0
"Potatoes, Russet, flesh and skin, baked",0.13,0.032,21.44,2.63,2.3,97.4,0,0,0-0
"Potatoes, roasted, salt added in processing, frozen, unprepared",1.81,0.167,26.15,2.22,2.6,129.8,0,1,0-1
"Potatoes, raw, skin",0.1,0.026,12.44,2.57,2.5,60.9,0,0,0-0
"Potatoes, baked, flesh, without salt",0.1,0.026,21.55,1.96,1.5,94.9,0,0,0-0
"Potatoes, microwaved, cooked in skin, skin, without salt",0.1,0.026,29.63,4.39,5.5,137.0,0,1,0-1
"Potatoes, hash brown, home-prepared",12.52,1.883,35.11,3.0,3.2,265.1,0,1,0-1
"Potatoes, mashed, home-prepared, whole milk and margarine added",4.2,0.745,16.94,1.96,1.5,113.4,0,0,0-0
"Potatoes, scalloped, home-prepared with butter",3.68,2.255,10.78,2.87,1.9,87.7,0,0,0-0
"Potatoes, mashed, dehydrated, prepared from granules without milk, whole milk and butter added",4.96,3.056,14.36,2.05,2.2,110.3,0,0,0-0
"Potatoes, mashed, dehydrated, prepared from granules with milk, water and margarine added",4.8,0.955,16.13,2.13,1.3,116.2,0,0,0-0
"Potatoes, hash brown, frozen, plain, unprepared",0.62,0.163,17.72,2.06,1.4,84.7,0,0,0-0
"Potatoes, hash brown, frozen, plain, prepared, pan fried in canola oil",11.59,0.934,28.51,2.65,3.2,229.0,0,1,0-1
"Potatoes, hash brown, frozen, with butter sauce, unprepared",6.66,2.556,18.28,1.87,2.9,140.5,0,1,0-1
"Potato puffs, frozen, unprepared",8.71,1.418,24.8,1.93,2.3,185.3,0,1,0-1
"Potato puffs, frozen, oven-heated",9.05,1.657,27.29,2.13,2.0,199.1,0,1,0-1
"Tomatoes, red, ripe, cooked",0.11,0.015,4.01,0.95,0.7,20.8,0,0,0-0
"Tomatoes, red, ripe, canned, packed in tomato juice",0.25,0.034,3.47,0.79,1.9,19.3,0,0,0-0
"Tomatoes, red, ripe, canned, stewed",0.19,0.026,6.19,0.91,1.0,30.1,0,0,0-0
"Tomatoes, red, ripe, canned, with green chilies",0.08,0.011,3.62,0.69,0.0,18.0,0,0,0-0
"Tomato products, canned, sauce",0.3,0.041,5.31,1.2,1.5,28.7,0,0,0-0
"Tomato products, canned, sauce, with mushrooms",0.13,0.017,8.43,1.45,1.5,40.7,0,0,0-0
"Tomato products, canned, sauce, with onions",0.19,0.03,9.94,1.56,1.8,47.7,0,0,0-0
"Tomato products, canned, sauce, with herbs and cheese",1.93,0.627,10.24,2.13,2.2,66.8,0,0,0-0
"Turnips, cooked, boiled, drained, without salt",0.08,0.008,5.06,0.71,2.0,23.8,0,0,0-0
"Turnips, frozen, unprepared",0.16,0.017,2.94,1.04,1.8,17.4,0,0,0-0
"Turnips, frozen, cooked, boiled, drained, without salt",0.24,0.025,4.35,1.53,2.0,25.7,0,0,0-0
"Turnip greens, raw",0.3,0.07,7.13,1.5,3.2,37.2,0,0,0-0
"Turnip greens and turnips, frozen, cooked, boiled, drained, without salt",0.38,0.085,4.85,2.99,3.1,34.8,0,0,0-0
"Vegetable juice cocktail, canned",0.31,0.088,3.87,0.93,0.5,22.0,0,0,0-0
"Vegetables, mixed, canned, solids and liquids",0.25,0.051,7.13,1.42,3.8,36.4,0,0,0-0
"Vegetables, mixed, canned, drained solids",0.25,0.051,9.26,2.59,3.0,49.6,0,0,0-0
"Waterchestnuts, chinese, (matai), raw",0.1,0.026,23.94,1.4,3.0,102.3,0,0,0-0
"Waterchestnuts, chinese, canned, solids and liquids",0.06,0.016,12.3,0.88,2.5,53.3,0,0,0-0
"Watercress, raw",0.1,0.027,1.29,2.3,0.5,15.3,0,0,0-0
"Waxgourd, (chinese preserving melon), raw",0.2,0.016,3.0,0.4,2.9,15.4,0,0,0-0
"Yam, raw",0.17,0.037,27.88,1.53,4.1,119.2,0,1,0-1
"Yam, cooked, boiled, drained, or baked, without salt",0.14,0.029,27.48,1.49,3.9,117.1,0,1,0-1
"Yambean (jicama), raw",0.09,0.021,8.82,0.72,4.9,39.0,0,0,0-0
"Dock, raw",0.7,0.0,3.2,2.0,2.9,27.1,0,0,0-0
"Beans, mung, mature seeds, sprouted, canned, drained solids",0.06,0.016,2.14,1.4,0.8,14.7,0,0,0-0
"Peppers, jalapeno, canned, solids and liquids",0.94,0.097,4.74,0.92,2.6,31.1,0,0,0-0
"Radishes, white icicle, raw",0.1,0.03,2.63,1.1,1.4,15.8,0,0,0-0
"Sweet potato, canned, syrup pack, solids and liquids",0.2,0.041,20.93,0.98,2.5,89.4,0,0,0-0
"Sweet potato, canned, syrup pack, drained solids",0.32,0.069,25.36,1.28,3.0,109.4,0,0,0-0
"Tomato products, canned, sauce, spanish style",0.27,0.038,7.24,1.44,1.4,37.2,0,0,0-0
"Sweet potato, cooked, candied, home-prepared",3.54,2.171,32.12,0.89,2.1,163.9,0,1,0-1
"Tomatoes, red, ripe, cooked, stewed",2.68,0.521,13.05,1.96,1.7,84.2,0,0,0-0
Potato pancakes,14.76,2.496,27.81,6.08,3.3,268.4,0,1,0-1
"Potatoes, baked, flesh and skin, without salt",0.13,0.034,21.15,2.5,2.2,95.8,0,0,0-0
"Potatoes, microwaved, cooked in skin, flesh and skin, without salt",0.1,0.026,24.24,2.44,2.3,107.6,0,0,0-0
"Radish seeds, sprouted, raw",2.53,0.767,3.6,3.81,0.0,52.4,0,0,0-0
"Tomatoes, yellow, raw",0.26,0.036,2.98,0.98,0.7,18.2,0,0,0-0
"Mushrooms, shiitake, cooked, with salt",0.22,0.05,14.39,1.56,2.1,65.8,0,0,0-0
"Okra, cooked, boiled, drained, with salt",0.21,0.045,4.51,1.87,2.5,27.4,0,0,0-0
"Okra, frozen, cooked, boiled, drained, with salt",0.24,0.063,6.41,1.63,2.1,34.3,0,0,0-0
"Onions, cooked, boiled, drained, with salt",0.19,0.031,9.56,1.36,1.4,45.4,0,0,0-0
"Onions, frozen, chopped, cooked, boiled, drained, with salt",0.1,0.016,6.0,0.77,1.7,28.0,0,0,0-0
"Peas, green, cooked, boiled, drained, with salt",0.22,0.039,15.63,5.36,5.5,85.9,0,0,0-0
"Peas, green, canned, no salt added, solids and liquids",0.3,0.054,9.75,3.19,3.3,54.5,0,0,0-0
"Peas, green, canned, no salt added, drained solids",0.35,0.062,12.58,4.42,4.1,71.2,0,0,0-0
"Peas, green, frozen, cooked, boiled, drained, with salt",0.27,0.049,14.26,5.15,4.5,80.1,0,0,0-0
"Peppers, hot chili, red, raw",0.44,0.042,8.81,1.87,1.5,46.7,0,0,0-0
"Peppers, hot chili, red, canned, excluding seeds, solids and liquids",0.1,0.01,5.1,0.9,1.3,24.9,0,0,0-0
"Peppers, sweet, red, raw",0.3,0.059,6.03,0.99,2.1,30.8,0,0,0-0
"Peppers, sweet, green, cooked, boiled, drained, with salt",0.2,0.029,6.11,0.92,1.2,29.9,0,0,0-0
"Peppers, sweet, red, cooked, boiled, drained, without salt",0.2,0.029,6.7,0.92,1.2,32.3,0,0,0-0
"Potatoes, baked, flesh and skin, with salt",0.13,0.034,21.15,2.5,2.2,95.8,0,0,0-0
"Potatoes, baked, flesh, with salt",0.1,0.026,21.55,1.96,1.5,94.9,0,0,0-0
"Potatoes, boiled, cooked in skin, flesh, with salt",0.1,0.026,20.13,1.87,2.0,88.9,0,0,0-0
"Potatoes, microwaved, cooked, in skin, skin with salt",0.1,0.026,29.63,4.39,5.5,137.0,0,1,0-1
"Potatoes, frozen, french fried, par fried, cottage-cut, prepared, heated in oven, with salt",8.2,3.894,34.03,3.44,3.2,223.7,0,1,0-1
"Potatoes, french fried, all types, salt not added in processing, frozen, oven-heated",5.22,1.029,28.71,2.66,2.6,172.5,0,1,0-1
"Pumpkin, flowers, cooked, boiled, drained, with salt",0.08,0.041,3.18,1.09,0.9,17.8,0,0,0-0
"Pumpkin leaves, cooked, boiled, drained, with salt",0.22,0.114,3.39,2.72,2.7,26.4,0,0,0-0
"Purslane, cooked, boiled, drained, with salt",0.19,0.0,3.55,1.49,0.0,21.9,0,0,0-0
"Radishes, oriental, cooked, boiled, drained, with salt",0.24,0.073,3.43,0.67,1.6,18.6,0,0,0-0
"Spinach, canned, no salt added, solids and liquids",0.37,0.06,2.92,2.11,2.2,23.4,0,0,0-0
"Spinach, frozen, chopped or leaf, cooked, boiled, drained, with salt",0.87,0.036,4.8,4.01,3.7,43.1,0,0,0-0
"Squash, summer, all varieties, cooked, boiled, drained, with salt",0.31,0.064,4.31,0.91,1.4,23.7,0,0,0-0
"Squash, summer, crookneck and straightneck, cooked, boiled, drained, with salt",0.39,0.064,3.79,1.04,1.1,22.8,0,0,0-0
"Squash, winter, all varieties, cooked, baked, with salt",0.35,0.072,8.85,0.89,2.8,42.1,0,0,0-0
"Squash, winter, acorn, cooked, baked, with salt",0.14,0.029,14.58,1.12,4.4,64.1,0,0,0-0
"Squash, winter, acorn, cooked, boiled, mashed, with salt",0.08,0.017,8.79,0.67,2.6,38.6,0,0,0-0
"Squash, winter, butternut, cooked, baked, with salt",0.09,0.019,10.49,0.9,3.2,46.4,0,0,0-0
"Succotash, (corn and limas), frozen, cooked, boiled, drained, with salt",0.89,0.166,19.95,4.31,4.1,105.0,0,0,0-0
"Water convolvulus, cooked, boiled, drained, with salt",0.24,0.0,3.7,2.08,1.9,25.3,0,0,0-0
"Sweet potato leaves, cooked, steamed, with salt",0.34,0.065,7.38,2.18,1.9,41.3,0,0,0-0
"Sweet potato, cooked, baked in skin, flesh, with salt",0.15,0.052,20.71,2.01,3.3,92.2,0,0,0-0
"Taro, shoots, cooked, with salt",0.08,0.016,3.19,0.73,0.0,16.4,0,0,0-0
"Tomatoes, red, ripe, cooked, with salt",0.11,0.015,4.01,0.95,0.7,20.8,0,0,0-0
"Tomatoes, red, ripe, canned, packed in tomato juice, no salt added",0.25,0.034,3.47,0.79,1.9,19.3,0,0,0-0
"Turnip greens, cooked, boiled, drained, with salt",0.23,0.053,4.36,1.14,3.5,24.1,0,0,0-0
"Turnip greens, frozen, cooked, boiled, drained, with salt",0.42,0.099,4.98,3.35,3.4,37.1,0,0,0-0
"Turnip greens and turnips, frozen, cooked, boiled, drained, with salt",0.38,0.085,4.74,2.99,3.1,34.3,0,0,0-0
"Vegetables, mixed, frozen, cooked, boiled, drained, with salt",0.15,0.031,13.09,2.86,4.4,65.2,0,0,0-0
"Mushrooms, portabella, exposed to ultraviolet light, raw",0.35,0.06,3.87,2.11,1.3,27.1,0,0,0-0
"Seeds, breadfruit seeds, raw",5.59,1.509,29.24,7.4,5.2,196.9,0,1,0-1
"Seeds, breadfruit seeds, boiled",2.3,0.621,32.0,5.3,4.8,169.9,0,1,0-1
"Nuts, coconut water (liquid from coconuts)",0.2,0.176,3.71,0.72,1.1,19.5,0,0,0-0
"Nuts, ginkgo nuts, canned",1.62,0.309,22.1,2.29,9.3,112.1,0,1,0-1
"Frozen novelties, juice type, POPSICLE SCRIBBLERS",0.24,0.0,19.68,0.0,0.0,80.9,0,0,0-0
"Frozen novelties, No Sugar Added, FUDGSICLE pops",1.87,0.984,23.11,3.67,1.5,124.0,0,1,0-1
"Frozen novelties, ice type, sugar free, orange, cherry, and grape POPSICLE pops",0.0,0.0,5.14,0.0,0.0,20.6,0,0,0-0
"Frozen novelties, KLONDIKE, SLIM-A-BEAR Fudge Bar, 98% fat free, no sugar added",1.88,1.0,30.07,4.31,6.0,154.4,0,1,0-1
"Ice creams, BREYERS, All Natural Light Vanilla",4.59,2.86,25.3,4.84,0.2,161.9,0,1,0-1
"Ice creams, BREYERS, No Sugar Added, Butter Pecan",10.3,4.18,21.3,3.99,0.9,193.9,0,1,0-1
"Ice creams, BREYERS, No Sugar Added, French Vanilla",7.05,4.17,20.75,4.5,0.5,164.4,0,1,0-1
"Ice creams, BREYERS, No Sugar Added, Vanilla",6.2,3.9,21.92,3.68,0.5,158.2,0,1,0-1
"Ice creams, BREYERS, No Sugar Added, Vanilla Fudge Twirl",5.68,3.57,25.63,3.53,0.8,167.8,0,1,0-1
"Frozen novelties, No Sugar Added CREAMSICLE Pops",0.61,0.47,12.88,3.69,3.6,71.8,0,0,0-0
"Frozen novelties, Sugar Free, CREAMSICLE Pops",2.33,2.0,11.95,1.37,7.5,74.2,0,0,0-0
"Ice creams, BREYERS, All Natural Light French Chocolate",7.28,4.28,29.68,5.3,1.0,205.4,0,1,0-1
"Ice creams, BREYERS, 98% Fat Free Chocolate",2.17,1.38,30.18,3.89,5.8,155.8,0,1,0-1
"Ice creams, regular, low carbohydrate, chocolate",12.7,6.8,26.8,3.8,4.8,236.7,0,1,0-1
"Barley, pearled, cooked",0.44,0.093,28.22,2.26,3.8,125.9,0,1,0-1
"Bulgur, cooked",0.24,0.042,18.58,3.08,4.5,88.8,0,0,0-0
"Fast foods, nachos, with cheese, beans, ground beef, and tomatoes",12.48,2.549,21.39,6.21,3.7,222.7,0,1,0-1
"Fast foods, fish sandwich, with tartar sauce",12.45,1.949,26.69,10.29,1.0,260.0,0,1,0-1
"Fast foods, submarine sandwich, roast beef on white bread with lettuce and tomato",2.73,0.972,20.34,12.17,0.7,154.6,0,1,0-1
"Fast foods, coleslaw",9.91,1.599,14.89,0.95,1.9,152.6,0,1,0-1
"School Lunch, pizza, BIG DADDY'S LS 16"" 51% Whole Grain Rolled Edge Cheese Pizza, frozen",8.81,4.14,27.1,13.89,2.7,243.2,0,1,0-1
"Fast foods, submarine sandwich, sweet onion chicken teriyaki on white bread with lettuce, tomato and sweet onion sauce",2.37,0.505,22.54,10.91,1.2,155.1,0,1,0-1
"SUBWAY, SUBWAY CLUB sub on white bread with lettuce and tomato",2.42,0.57,20.36,10.66,1.4,145.9,0,1,0-1
"Fast foods, submarine sandwich, turkey, roast beef and ham on white bread with lettuce and tomato",2.42,0.57,20.36,10.66,1.4,145.9,0,1,0-1
"Fast foods, submarine sandwich, oven roasted chicken on white bread with lettuce and tomato",3.15,0.724,21.35,10.84,1.2,157.1,0,1,0-1
"SUBWAY, steak & cheese sub on white bread with American cheese, lettuce and tomato",5.34,2.032,21.49,12.29,1.2,183.2,0,1,0-1
"Fast foods, submarine sandwich, steak and cheese on white bread with cheese, lettuce and tomato",5.34,2.032,21.49,12.29,1.2,183.2,0,1,0-1
"SUBWAY, B.L.T. sub on white bread with bacon, lettuce and tomato",6.41,1.917,26.66,10.06,1.6,204.6,0,1,0-1
"Fast foods, submarine sandwich, bacon, lettuce, and tomato on white bread",6.41,1.917,26.66,10.06,1.6,204.6,0,1,0-1
"SUBWAY, oven roasted chicken sub on white bread with lettuce and tomato",3.15,0.724,21.35,10.84,1.2,157.1,0,1,0-1
"SUBWAY, cold cut sub on white bread with lettuce and tomato",10.04,3.554,20.43,10.52,1.2,214.2,0,1,0-1
"Borage, cooked, boiled, drained, with salt",0.81,0.197,3.55,2.09,0.0,29.8,0,0,0-0
"Rennin, vanilla, dry mix, prepared with whole milk",3.07,1.846,12.21,3.03,0.0,88.6,0,0,0-0
Ascidians (tunughnak) (Alaska Native),0.5,0.1,0.0,3.8,0.0,19.7,0,0,0-0
"Stew/soup, caribou (Alaska Native)",0.7,0.01,4.8,3.8,0.1,40.7,0,0,0-0
"Fireweed, young leaves, raw (Alaska Native)",0.8,0.0,6.3,3.0,6.0,44.4,0,0,0-0
"Fish, herring eggs on giant kelp, Pacific (Alaska Native)",0.8,0.0,2.6,11.3,0.0,62.8,0,0,0-0
"Stew, moose (Alaska Native)",0.5,0.01,6.0,6.6,0.5,54.9,0,0,0-0
"Agave, cooked (Southwest)",0.29,0.0,32.0,0.99,10.6,134.6,0,1,0-1
"Lambsquarters, raw",0.8,0.059,7.3,4.2,4.0,53.2,0,0,0-0
"Succotash, (corn and limas), raw",1.02,0.19,19.59,5.03,3.8,107.7,0,1,0-1
"Beans, kidney, mature seeds, sprouted, cooked, boiled, drained, with salt",0.58,0.083,4.72,4.83,0.0,43.4,0,0,0-0
"Beans, pinto, mature seeds, sprouted, cooked, boiled, drained, with salt",0.32,0.039,3.5,1.86,0.0,24.3,0,0,0-0
"Broccoli, leaves, raw",0.35,0.054,5.06,2.98,2.3,35.3,0,0,0-0
"Butterbur, cooked, boiled, drained, with salt",0.02,0.0,2.16,0.23,0.0,9.7,0,0,0-0
"Cardoon, cooked, boiled, drained, with salt",0.11,0.012,4.74,0.76,1.7,23.0,0,0,0-0
"Dock, cooked, boiled, drained, with salt",0.64,0.0,2.93,1.83,0.0,24.8,0,0,0-0
"Mushrooms, white, microwaved",0.46,0.06,6.04,3.91,2.5,43.9,0,0,0-0
"Broccoli, chinese, raw",0.76,0.116,4.67,1.2,2.6,30.3,0,0,0-0
"Cockles, raw (Alaska Native)",0.7,0.0,4.7,13.5,0.0,79.1,0,0,0-0
"Cranberries, wild, bush, raw (Alaska Native)",0.2,0.0,12.3,1.1,6.7,55.4,0,0,0-0
"Fish, herring eggs, Pacific, plain (Alaska Native)",1.93,0.43,4.47,9.6,0.0,73.6,0,0,0-0
"Agave, raw (Southwest)",0.15,0.0,16.23,0.52,6.6,68.4,0,0,0-0
"Tea, herbal, brewed, Hohoysi (Hopi)",0.2,0.0,0.0,0.12,0.0,2.3,0,0,0-0
"Bread, blue corn, somiviki (Hopi)",1.53,0.289,39.84,3.1,3.6,185.5,0,1,0-1
"Cardoon, cooked, boiled, drained, without salt",0.11,0.012,5.33,0.76,1.7,25.3,0,0,0-0
"Onions, welsh, raw",0.4,0.067,6.5,1.9,2.4,37.2,0,0,0-0
"Peppers, sweet, green, frozen, chopped, boiled, drained, without salt",0.18,0.027,3.9,0.95,0.9,21.0,0,0,0-0
"Potatoes, hash brown, frozen, with butter sauce, prepared",8.79,3.373,24.13,2.46,3.8,185.5,0,1,0-1
"Potatoes, frozen, whole, cooked, boiled, drained, without salt",0.13,0.034,14.52,1.98,1.4,67.2,0,0,0-0
"Dock, cooked, boiled, drained, without salt",0.64,0.0,2.93,1.83,2.6,24.8,0,0,0-0
"Beans, pinto, mature seeds, sprouted, cooked, boiled, drained, without salt",0.32,0.039,4.1,1.86,0.0,26.7,0,0,0-0
"Seaweed, spirulina, raw",0.39,0.135,2.42,5.92,0.4,36.9,0,0,0-0
"Potatoes, frozen, whole, cooked, boiled, drained, with salt",0.13,0.034,13.93,1.98,1.4,64.8,0,0,0-0
"Pizza, cheese topping, regular crust, frozen, cooked",12.28,4.272,29.02,10.36,2.2,268.0,0,1,0-1
"Fast Foods, crispy chicken filet sandwich, with lettuce and mayonnaise",13.59,2.461,27.4,10.94,1.4,275.7,0,1,0-1
"McDONALD'S, Cheeseburger",11.79,4.435,27.81,12.97,1.1,269.2,0,1,0-1
"WENDY'S, Jr. Hamburger, without cheese",8.75,3.466,28.45,12.62,1.7,243.0,0,1,0-1
"WENDY'S, Jr. Hamburger, with cheese",11.5,5.181,24.97,13.06,1.4,255.6,0,1,0-1
"WENDY'S, Frosty Dairy Dessert",2.6,1.635,23.62,3.49,3.3,131.8,0,1,0-1
"BURGER KING, Hamburger",10.55,3.821,26.76,14.85,1.0,261.4,0,1,0-1
"BURGER KING, Premium Fish Sandwich",12.45,1.949,26.69,10.29,0.9,260.0,0,1,0-1
"TACO BELL, Original Taco with beef, cheese and lettuce",12.7,4.384,19.85,8.86,3.9,229.1,0,1,0-1
"TACO BELL, Soft Taco with beef, cheese and lettuce",9.75,4.155,20.23,9.25,2.9,205.7,0,1,0-1
"TACO BELL, BURRITO SUPREME with chicken",6.42,2.352,20.51,9.84,2.4,179.2,0,1,0-1
"TACO BELL, BURRITO SUPREME with steak",7.27,2.674,20.32,9.13,2.4,183.2,0,1,0-1
"TACO BELL, Nachos Supreme",12.48,2.549,21.39,6.21,3.7,222.7,0,1,0-1
"KFC, Coleslaw",8.64,1.303,15.65,0.91,2.0,144.0,0,1,0-1
"Yogurt parfait, lowfat, with fruit and granola",1.01,0.525,15.86,3.36,1.1,86.0,0,0,0-0
"DIGIORNO Pizza, cheese topping, cheese stuffed crust, frozen, baked",11.68,5.63,29.86,13.48,1.9,278.5,0,1,0-1
"DIGIORNO Pizza, cheese topping, rising crust, frozen, baked",8.6,3.514,31.78,12.8,2.4,255.7,0,1,0-1
"DIGIORNO Pizza, supreme topping, rising crust, frozen, baked",10.68,3.965,27.93,11.74,2.3,254.8,0,1,0-1
"DIGIORNO Pizza, supreme topping, thin crispy crust, frozen, baked",10.8,4.377,28.05,11.41,2.8,255.0,0,1,0-1
"Fast Food, Pizza Chain, 14"" pizza, sausage topping, thick crust",12.94,4.805,30.36,11.06,2.3,282.1,0,1,0-1
"Fast Food, Pizza Chain, 14"" pizza, sausage topping, regular crust",12.35,5.033,30.62,11.5,2.3,279.6,0,1,0-1
"Pizza, cheese topping, thin crust, frozen, cooked",11.07,5.698,28.8,11.91,3.0,262.5,0,1,0-1
"Beet greens, raw",0.13,0.02,4.33,2.2,3.7,27.3,0,0,0-0
"Beet greens, cooked, boiled, drained, without salt",0.2,0.031,5.46,2.57,2.9,33.9,0,0,0-0
"Broadbeans, immature seeds, raw",0.6,0.138,11.7,5.6,4.2,74.6,0,0,0-0
"Broccoli, frozen, spears, cooked, boiled, drained, without salt",0.11,0.018,5.36,3.1,3.0,34.8,0,0,0-0
"Broccoli raab, raw",0.49,0.083,2.85,3.17,2.7,28.5,0,0,0-0
"Broccoli raab, cooked",0.52,0.089,3.12,3.83,2.8,32.5,0,0,0-0
"Burdock root, cooked, boiled, drained, without salt",0.14,0.023,21.15,2.09,1.8,94.2,0,0,0-0
"Butterbur, (fuki), raw",0.04,0.0,3.61,0.39,0.0,16.4,0,0,0-0
"Butterbur, canned",0.13,0.0,0.38,0.11,0.0,3.1,0,0,0-0
"Cabbage, savoy, raw",0.1,0.013,6.1,2.0,3.1,33.3,0,0,0-0
"Cabbage, savoy, cooked, boiled, drained, without salt",0.09,0.012,5.41,1.8,2.8,29.6,0,0,0-0
"Cabbage, chinese (pak-choi), raw",0.2,0.027,2.18,1.5,1.0,16.5,0,0,0-0
"Cabbage, chinese (pak-choi), cooked, boiled, drained, without salt",0.16,0.021,1.78,1.56,1.0,14.8,0,0,0-0
"Cabbage, kimchi",0.5,0.067,2.4,1.1,1.6,18.5,0,0,0-0
"Carrots, raw",0.24,0.032,9.58,0.93,2.8,44.2,0,0,0-0
"Carrots, cooked, boiled, drained, without salt",0.18,0.03,8.22,0.76,3.0,37.5,0,0,0-0
"Carrots, canned, regular pack, solids and liquids",0.14,0.025,5.37,0.58,1.8,25.1,0,0,0-0
"Carrots, canned, regular pack, drained solids",0.19,0.036,5.54,0.64,1.5,26.4,0,0,0-0
"Cauliflower, cooked, boiled, drained, without salt",0.45,0.07,4.11,1.84,2.3,27.8,0,0,0-0
"Cauliflower, frozen, unprepared",0.27,0.041,4.68,2.01,2.3,29.2,0,0,0-0
"Cauliflower, frozen, cooked, boiled, drained, without salt",0.22,0.034,3.75,1.61,2.7,23.4,0,0,0-0
"Celeriac, raw",0.3,0.079,9.2,1.5,1.8,45.5,0,0,0-0
"Chard, swiss, cooked, boiled, drained, without salt",0.08,0.012,4.13,1.88,2.1,24.8,0,0,0-0
"Chayote, fruit, raw",0.13,0.028,4.51,0.82,1.7,22.5,0,0,0-0
"Chayote, fruit, cooked, boiled, drained, without salt",0.48,0.0,5.09,0.62,2.8,27.2,0,0,0-0
"Chicory, witloof, raw",0.1,0.024,4.0,0.9,3.1,20.5,0,0,0-0
"Chrysanthemum, garland, cooked, boiled, drained, without salt",0.09,0.022,4.31,1.64,2.3,24.6,0,0,0-0
"Collards, cooked, boiled, drained, without salt",0.72,0.047,5.65,2.71,4.0,39.9,0,0,0-0
"Collards, frozen, chopped, unprepared",0.37,0.048,6.46,2.69,3.6,39.9,0,0,0-0
"Corn, sweet, yellow, canned, brine pack, regular pack, solids and liquids",0.77,0.077,13.86,1.95,1.7,70.2,0,0,0-0
"Onions, frozen, chopped, unprepared",0.1,0.017,6.82,0.79,1.8,31.3,0,0,0-0
"Onions, frozen, chopped, cooked, boiled, drained, without salt",0.1,0.016,6.59,0.77,1.8,30.3,0,0,0-0
"Onions, frozen, whole, unprepared",0.06,0.011,8.45,0.89,1.7,37.9,0,0,0-0
"Onions, frozen, whole, cooked, boiled, drained, without salt",0.05,0.009,6.7,0.71,1.4,30.1,0,0,0-0
"Onion rings, breaded, par fried, frozen, unprepared",14.1,4.534,30.53,3.15,1.8,261.6,0,1,0-1
"Onion rings, breaded, par fried, frozen, prepared, heated in oven",14.3,2.137,33.79,4.14,2.2,280.4,0,1,0-1
"Parsley, fresh",0.79,0.132,6.33,2.97,3.3,44.3,0,0,0-0
"Parsnips, raw",0.3,0.05,17.99,1.2,4.9,79.5,0,0,0-0
"Peas, edible-podded, frozen, cooked, boiled, drained, without salt",0.38,0.073,9.02,3.5,3.1,53.5,0,0,0-0
"Peas, green, raw",0.4,0.071,14.45,5.42,5.7,83.1,0,0,0-0
"Peas, green, cooked, boiled, drained, without salt",0.22,0.039,15.63,5.36,5.5,85.9,0,0,0-0
"Peas, green, canned, regular pack, solids and liquids",0.48,0.086,10.6,3.01,3.3,58.8,0,0,0-0
"Peas and carrots, canned, regular pack, solids and liquids",0.27,0.049,8.48,2.17,2.0,45.0,0,0,0-0
"Peas and carrots, frozen, unprepared",0.47,0.084,11.15,3.4,3.4,62.4,0,0,0-0
"Peppers, hot chili, green, canned, pods, excluding seeds, solids and liquids",0.1,0.01,5.1,0.9,1.3,24.9,0,0,0-0
"Peppers, sweet, green, raw",0.17,0.058,4.64,0.86,1.7,23.5,0,0,0-0
"Peppers, sweet, green, cooked, boiled, drained, without salt",0.2,0.029,6.7,0.92,1.2,32.3,0,0,0-0
"Peppers, sweet, green, canned, solids and liquids",0.3,0.045,3.9,0.8,1.2,21.5,0,0,0-0
"Pigeonpeas, immature seeds, cooked, boiled, drained, without salt",1.36,0.365,19.49,5.96,4.2,114.0,0,1,0-1
Poi,0.14,0.029,27.23,0.38,0.4,111.7,0,0,0-0
"Pokeberry shoots, (poke), raw",0.4,0.0,3.7,2.6,1.7,28.8,0,0,0-0
"Pokeberry shoots, (poke), cooked, boiled, drained, without salt",0.4,0.092,3.1,2.3,1.5,25.2,0,0,0-0
"Potatoes, white, flesh and skin, baked",0.15,0.04,21.08,2.1,2.1,94.1,0,0,0-0
"Potatoes, red, flesh and skin, baked",0.15,0.04,19.59,2.3,1.8,88.9,0,0,0-0
"Potatoes, french fried, crinkle or regular cut, salt added in processing, frozen, as purchased",4.99,1.249,23.96,2.34,2.0,150.1,0,1,0-1
"Potatoes, french fried, crinkle or regular cut, salt added in processing, frozen, oven-heated",5.13,1.082,27.5,2.51,2.3,166.2,0,1,0-1
"Potatoes, boiled, cooked in skin, flesh, without salt",0.1,0.026,20.13,1.87,1.8,88.9,0,0,0-0
"Potatoes, boiled, cooked in skin, skin, without salt",0.1,0.026,17.21,2.86,3.3,81.2,0,0,0-0
"Potatoes, boiled, cooked without skin, flesh, without salt",0.1,0.026,20.01,1.71,1.8,87.8,0,0,0-0
"Potatoes, microwaved, cooked in skin, flesh, without salt",0.1,0.026,23.28,2.1,1.6,102.4,0,0,0-0
"Potatoes, au gratin, home-prepared from recipe using butter",7.59,4.733,11.26,5.06,1.8,133.6,0,1,0-1
"Potatoes, canned, solids and liquids",0.11,0.029,9.89,1.2,1.4,45.4,0,0,0-0
"Potatoes, canned, drained solids",0.21,0.054,13.61,1.41,2.3,62.0,0,0,0-0
"Potatoes, mashed, dehydrated, prepared from flakes without milk, whole milk and butter added",5.13,3.191,10.87,1.77,0.8,96.7,0,0,0-0
"Potatoes, au gratin, dry mix, prepared with water, whole milk and butter",4.12,2.586,12.84,2.3,0.9,97.6,0,0,0-0
"Potatoes, scalloped, dry mix, prepared with water, whole milk and butter",4.3,2.633,12.77,2.12,1.1,98.3,0,0,0-0
"Potatoes, french fried, shoestring, salt added in processing, frozen, as purchased",6.24,1.371,25.59,2.16,2.3,167.2,0,1,0-1
"Potatoes, french fried, shoestring, salt added in processing, frozen, oven-heated",6.76,1.267,31.66,2.9,2.8,199.1,0,1,0-1
"Tomatoes, green, raw",0.2,0.028,5.1,1.2,1.1,27.0,0,0,0-0
"Tomatoes, red, ripe, raw, year round average",0.2,0.028,3.89,0.88,1.2,20.9,0,0,0-0
"Tomato juice, canned, with salt added",0.29,0.019,3.53,0.85,0.4,20.1,0,0,0-0
"Tomato products, canned, paste, without salt added (Includes foods for USDA's Food Distribution Program)",0.47,0.1,18.91,4.32,4.1,97.2,0,0,0-0
"Tomato products, canned, puree, without salt added",0.21,0.029,8.98,1.65,1.9,44.4,0,0,0-0
"Tomato products, canned, sauce, with onions, green peppers, and celery",0.74,0.133,8.77,0.94,1.4,45.5,0,0,0-0
"Tomato products, canned, sauce, with tomato tidbits",0.39,0.055,7.09,1.32,1.4,37.2,0,0,0-0
"Tree fern, cooked, without salt",0.07,0.009,10.98,0.29,3.7,45.7,0,0,0-0
"Turnips, raw",0.1,0.011,6.43,0.9,1.8,30.2,0,0,0-0
"Turnip greens, cooked, boiled, drained, without salt",0.23,0.053,4.36,1.14,3.5,24.1,0,0,0-0
"Turnip greens, canned, solids and liquids",0.3,0.07,2.42,1.36,1.7,17.8,0,0,0-0
"Turnip greens, frozen, unprepared",0.31,0.073,3.67,2.47,2.5,27.4,0,0,0-0
"Turnip greens, frozen, cooked, boiled, drained, without salt",0.42,0.099,4.98,3.35,3.4,37.1,0,0,0-0
"Turnip greens and turnips, frozen, unprepared",0.19,0.032,3.39,2.46,2.4,25.1,0,0,0-0
"Vegetables, mixed, frozen, unprepared",0.52,0.098,13.47,3.33,4.0,71.9,0,0,0-0
"Vegetables, mixed, frozen, cooked, boiled, drained, without salt",0.15,0.031,13.09,2.86,4.4,65.2,0,0,0-0
"Vegetable juice cocktail, low sodium, canned",0.32,0.089,3.83,0.91,0.5,21.8,0,0,0-0
"Waxgourd, (chinese preserving melon), cooked, boiled, drained, without salt",0.2,0.016,3.04,0.4,1.0,15.6,0,0,0-0
"Winged beans, immature seeds, raw",0.87,0.238,4.31,6.95,0.0,52.9,0,0,0-0
"Winged beans, immature seeds, cooked, boiled, drained, without salt",0.66,0.181,3.21,5.31,0.0,40.0,0,0,0-0
"Beets, harvard, canned, solids and liquids",0.06,0.009,18.18,0.84,2.5,76.6,0,0,0-0
"Beets, pickled, canned, solids and liquids",0.08,0.013,16.28,0.8,0.8,69.0,0,0,0-0
"Borage, raw",0.7,0.17,3.06,1.8,0.0,25.7,0,0,0-0
"Drumstick pods, raw",0.2,0.033,8.53,2.1,3.2,44.3,0,0,0-0
"Drumstick pods, cooked, boiled, drained, without salt",0.19,0.031,8.18,2.09,4.2,42.8,0,0,0-0
"Squash, summer, all varieties, raw",0.18,0.044,3.35,1.21,1.1,19.9,0,0,0-0
"Squash, summer, all varieties, cooked, boiled, drained, without salt",0.31,0.064,4.31,0.91,1.4,23.7,0,0,0-0
"Squash, winter, all varieties, raw",0.13,0.027,8.59,0.95,1.5,39.3,0,0,0-0
"Squash, winter, all varieties, cooked, baked, without salt",0.35,0.072,8.85,0.89,2.8,42.1,0,0,0-0
"Carrot juice, canned",0.15,0.027,9.28,0.95,0.8,42.3,0,0,0-0
"Corn pudding, home prepared",5.04,2.451,16.97,4.42,1.2,130.9,0,1,0-1
"Potatoes, mashed, home-prepared, whole milk added",0.57,0.302,17.57,1.91,1.5,83.0,0,0,0-0
Spinach souffle,12.95,6.091,5.9,7.89,0.7,171.7,0,1,0-1
"Seaweed, wakame, raw",0.64,0.13,9.14,3.03,0.5,54.4,0,0,0-0
"Peppers, hot chili, green, raw",0.2,0.021,9.46,2.0,1.5,47.6,0,0,0-0
"Shallots, raw",0.1,0.017,16.8,2.5,3.2,78.1,0,0,0-0
"Tomatoes, orange, raw",0.19,0.025,3.18,1.16,0.9,19.1,0,0,0-0
"Mustard greens, cooked, boiled, drained, with salt",0.47,0.012,4.51,2.56,2.0,32.5,0,0,0-0
"Mustard greens, frozen, cooked, boiled, drained, with salt",0.25,0.013,3.11,2.27,2.8,23.8,0,0,0-0
"Mustard spinach, (tendergreen), cooked, boiled, drained, with salt",0.2,0.0,2.8,1.7,2.0,19.8,0,0,0-0
"New zealand spinach, cooked, boiled, drained, with salt",0.17,0.027,2.13,1.3,1.4,15.2,0,0,0-0
"Onions, frozen, whole, cooked, boiled, drained, with salt",0.05,0.009,6.11,0.71,1.4,27.7,0,0,0-0
"Parsnips, cooked, boiled, drained, with salt",0.3,0.05,17.01,1.32,4.0,76.0,0,0,0-0
"Peas, edible-podded, cooked, boiled, drained, with salt",0.23,0.044,6.46,3.27,2.8,41.0,0,0,0-0
"Peas, edible-podded, frozen, cooked, boiled, drained, with salt",0.38,0.073,8.43,3.5,3.1,51.1,0,0,0-0
"Peas and carrots, canned, no salt added, solids and liquids",0.27,0.049,8.48,2.17,3.3,45.0,0,0,0-0
"Peas and carrots, frozen, cooked, boiled, drained, with salt",0.42,0.077,10.12,3.09,3.1,56.6,0,0,0-0
"Peas and onions, frozen, cooked, boiled, drained, with salt",0.2,0.036,8.63,2.54,2.2,46.5,0,0,0-0
"Peppers, sweet, red, cooked, boiled, drained, with salt",0.2,0.029,6.11,0.92,1.2,29.9,0,0,0-0
"Peppers, sweet, green, frozen, chopped, cooked, boiled, drained, with salt",0.18,0.027,3.31,0.95,0.9,18.7,0,0,0-0
"Pigeonpeas, immature seeds, cooked, boiled, drained, with salt",1.36,0.365,19.49,5.96,4.2,114.0,0,1,0-1
"Pokeberry shoots, (poke), cooked, boiled, drained, with salt",0.4,0.0,3.1,2.3,1.5,25.2,0,0,0-0
"Potatoes, boiled, cooked in skin, skin, with salt",0.1,0.026,17.2,2.86,3.3,81.1,0,0,0-0
"Potatoes, boiled, cooked without skin, flesh, with salt",0.1,0.026,20.01,1.71,2.0,87.8,0,0,0-0
"Potatoes, microwaved, cooked, in skin, flesh and skin, with salt",0.1,0.026,24.24,2.44,2.3,107.6,0,0,0-0
"Potatoes, microwaved, cooked in skin, flesh, with salt",0.1,0.026,23.28,2.1,1.6,102.4,0,0,0-0
"Potatoes, french fried, all types, salt not added in processing, frozen, as purchased",4.66,0.94,24.81,2.24,1.9,150.1,0,1,0-1
"Potatoes, au gratin, home-prepared from recipe using margarine",7.59,3.53,11.27,5.06,1.8,133.6,0,1,0-1
"Potatoes, scalloped, home-prepared with margarine",3.68,1.377,10.78,2.87,1.9,87.7,0,0,0-0
"Pumpkin, cooked, boiled, drained, with salt",0.07,0.037,4.31,0.72,1.1,20.7,0,0,0-0
"Pumpkin, canned, with salt",0.28,0.146,8.09,1.1,2.9,39.3,0,0,0-0
"Rutabagas, cooked, boiled, drained, with salt",0.18,0.029,6.84,0.93,1.8,32.7,0,0,0-0
"Salsify, cooked, boiled, drained, with salt",0.17,0.0,15.36,2.73,3.1,73.9,0,0,0-0
"Soybeans, green, cooked, boiled, drained, with salt",6.4,0.74,11.05,12.35,4.2,151.2,0,1,0-1
"Spinach, cooked, boiled, drained, with salt",0.26,0.043,3.75,2.97,2.4,29.2,0,0,0-0
"Squash, summer, crookneck and straightneck, frozen, cooked, boiled, drained, with salt",0.2,0.04,5.54,1.28,1.4,29.1,0,0,0-0
"Squash, summer, scallop, cooked, boiled, drained, with salt",0.17,0.035,3.3,1.03,1.9,18.8,0,0,0-0
"Squash, summer, zucchini, includes skin, cooked, boiled, drained, with salt",0.36,0.072,2.69,1.14,1.0,18.6,0,0,0-0
"Squash, summer, zucchini, includes skin, frozen, cooked, boiled, drained, with salt",0.13,0.027,2.97,1.15,1.3,17.6,0,0,0-0
"Squash, winter, hubbard, baked, with salt",0.62,0.128,10.81,2.48,4.9,58.7,0,0,0-0
"Squash, winter, hubbard, cooked, boiled, mashed, with salt",0.37,0.076,6.46,1.48,2.9,35.1,0,0,0-0
"Squash, winter, spaghetti, cooked, boiled, drained, or baked, with salt",0.26,0.062,6.46,0.66,1.4,30.8,0,0,0-0
"Sweet potato, cooked, boiled, without skin, with salt",0.14,0.04,17.72,1.37,2.5,77.6,0,0,0-0
"Sweet potato, frozen, cooked, baked, with salt",0.12,0.026,23.4,1.71,1.8,101.5,0,0,0-0
"Taro, cooked, with salt",0.11,0.023,34.6,0.52,5.1,141.5,0,1,0-1
"Taro, leaves, cooked, steamed, with salt",0.41,0.083,3.89,2.72,2.0,30.1,0,0,0-0
"Tomato juice, canned, without salt added",0.29,0.019,3.53,0.85,0.4,20.1,0,0,0-0
"Tomato products, canned, puree, with salt added",0.21,0.029,8.98,1.65,1.9,44.4,0,0,0-0
"Turnips, cooked, boiled, drained, with salt",0.08,0.008,5.06,0.71,2.0,23.8,0,0,0-0
"Turnips, frozen, cooked, boiled, drained, with salt",0.24,0.025,3.73,1.53,2.0,23.2,0,0,0-0
"Waxgourd, (chinese preserving melon), cooked, boiled, drained, with salt",0.2,0.016,2.45,0.4,1.0,13.2,0,0,0-0
"Winged bean, immature seeds, cooked, boiled, drained, with salt",0.66,0.101,3.21,5.31,0.0,40.0,0,0,0-0
"Yam, cooked, boiled, drained, or baked, with salt",0.14,0.029,26.99,1.49,3.9,115.2,0,1,0-1
"Seeds, breadfruit seeds, roasted",2.7,0.729,40.1,6.2,6.0,209.5,0,1,0-1
"Beef, variety meats and by-products, tripe, raw",3.69,1.291,0.0,12.07,0.0,81.5,0,0,0-0
"Ice creams, vanilla, fat free",0.0,0.0,30.06,4.48,1.0,138.2,0,1,0-1
"Ice creams, BREYERS, All Natural Light French Vanilla",5.56,3.22,26.03,4.82,0.2,173.4,0,1,0-1
"Ice creams, BREYERS, 98% Fat Free Vanilla",2.2,1.41,30.51,3.3,5.4,155.0,0,1,0-1
"Ice creams, BREYERS, All Natural Light Vanilla Chocolate Strawberry",4.35,2.7,26.06,4.69,0.4,162.1,0,1,0-1
"Ice creams, BREYERS, All Natural Light Mint Chocolate Chip",7.09,4.48,28.39,4.69,0.6,196.1,0,1,0-1
"Ice creams, BREYERS, No Sugar Added, Vanilla Chocolate Strawberry",6.26,3.94,21.7,3.71,0.7,158.0,0,1,0-1
"Frozen novelties, KLONDIKE, SLIM-A-BEAR, No Sugar Added, Stickless Bar",13.0,10.4,25.98,5.2,3.9,241.7,0,1,0-1
"Ice creams, BREYERS, No Sugar Added, Chocolate Caramel",5.8,3.65,25.17,3.54,1.0,167.0,0,1,0-1
"Ice creams, regular, low carbohydrate, vanilla",12.7,6.79,22.23,3.17,4.8,215.9,0,1,0-1
"Syrups, chocolate, HERSHEY'S Sugar free, Genuine Chocolate Flavored, Lite Syrup",2.03,0.746,14.2,2.87,2.9,86.6,0,0,0-0
"Amaranth grain, cooked",1.58,0.0,18.69,3.8,2.1,104.2,0,0,0-0
"Buckwheat groats, roasted, cooked",0.62,0.134,19.94,3.38,2.7,98.9,0,0,0-0
"Fast foods, taco with beef, cheese and lettuce, hard shell",12.7,4.384,19.85,8.86,3.9,229.1,0,1,0-1
"Fast foods, cheeseburger; single, regular patty, with condiments and vegetables",11.5,5.181,24.97,13.06,1.4,255.6,0,1,0-1
"Fast foods, hamburger; single, regular patty; with condiments",10.18,3.567,29.57,13.3,1.8,263.1,0,1,0-1
"Fast foods, submarine sandwich, cold cut on white bread with lettuce and tomato",10.04,3.554,20.43,10.52,1.2,214.2,0,1,0-1
"Fast foods, potato, mashed",2.82,0.577,14.65,1.65,1.3,90.6,0,0,0-0
"BURGER KING, Vanilla Shake",8.74,5.335,19.03,3.19,0.0,167.5,0,1,0-1
"School Lunch, pizza, BIG DADDY'S LS 16"" 51% Whole Grain Rolled Edge Turkey Pepperoni Pizza, frozen",9.33,3.99,27.35,13.63,4.1,247.9,0,1,0-1
"School Lunch, pizza, TONY'S SMARTPIZZA Whole Grain 4x6 Cheese Pizza 50/50 Cheese, frozen",7.51,2.79,29.27,12.08,3.8,233.0,0,1,0-1
"School Lunch, pizza, TONY'S SMARTPIZZA Whole Grain 4x6 Pepperoni Pizza 50/50 Cheese, frozen",8.19,2.81,28.84,12.14,4.1,237.6,0,1,0-1
"School Lunch, pizza, TONY'S Breakfast Pizza Sausage, frozen",10.04,3.47,26.99,10.39,2.0,239.9,0,1,0-1
"SUBWAY, sweet onion chicken teriyaki sub on white bread with lettuce, tomato and sweet onion sauce",2.37,0.505,22.54,10.91,1.2,155.1,0,1,0-1
"Fast foods, submarine sandwich, turkey breast on white bread with lettuce and tomato",2.31,0.476,22.42,9.12,1.3,147.0,0,1,0-1
"Fast foods, submarine sandwich, ham on white bread with lettuce and tomato",2.53,0.626,22.91,9.12,1.3,150.9,0,1,0-1
"SUBWAY, meatball marinara sub on white bread (no toppings)",8.45,3.124,26.01,9.77,2.1,219.2,0,1,0-1
"Fast foods, submarine sandwich, meatball marinara on white bread",8.45,3.124,26.01,9.77,2.1,219.2,0,1,0-1
"SUBWAY, turkey breast sub on white bread with lettuce and tomato",2.31,0.476,22.42,9.12,1.3,147.0,0,1,0-1
"SUBWAY, black forest ham sub on white bread with lettuce and tomato",2.53,0.626,22.91,9.12,1.3,150.9,0,1,0-1
"SUBWAY, roast beef sub on white bread with lettuce and tomato",2.73,0.972,20.34,12.17,0.7,154.6,0,1,0-1
"Pizza, cheese topping, rising crust, frozen, cooked",8.78,3.825,32.91,12.37,2.5,260.1,0,1,0-1
"Pizza, meat and vegetable topping, rising crust, frozen, cooked",11.75,4.586,28.78,12.63,2.3,271.4,0,1,0-1
"McDONALD'S, Hamburger",10.09,3.504,30.28,12.92,1.3,263.6,0,1,0-1
"WENDY'S, CLASSIC SINGLE Hamburger, no cheese",10.6,3.689,16.82,12.63,1.3,213.2,0,1,0-1
"WENDY'S, Homestyle Chicken Fillet Sandwich",8.1,1.618,21.55,13.78,1.3,214.2,0,1,0-1
"WENDY'S, Ultimate Chicken Grill Sandwich",5.0,1.03,18.88,14.73,1.1,179.4,0,1,0-1
"BURGER KING, WHOPPER, no cheese",12.84,4.25,18.55,10.74,1.8,232.7,0,1,0-1
"TACO BELL, Soft Taco with chicken, cheese and lettuce",6.35,2.559,19.69,13.3,1.2,189.1,0,1,0-1
"TACO BELL, Soft Taco with steak",12.1,3.369,17.22,11.81,1.6,225.0,0,1,0-1
"TACO BELL, Bean Burrito",6.05,2.309,31.23,7.35,4.2,208.8,0,1,0-1
"TACO BELL, BURRITO SUPREME with beef",6.8,2.733,23.37,7.03,3.7,182.8,0,1,0-1
"TACO BELL, Taco Salad",9.17,2.979,15.1,6.69,3.0,169.7,0,1,0-1
"DIGIORNO Pizza, cheese topping, thin crispy crust, frozen, baked",9.91,4.601,26.47,12.96,3.0,246.9,0,1,0-1
"DIGIORNO Pizza, pepperoni topping, cheese stuffed crust, frozen, baked",11.71,5.007,29.46,13.92,2.1,278.9,0,1,0-1
"DIGIORNO Pizza, pepperoni topping, rising crust, frozen, baked",10.11,3.761,31.15,12.46,2.3,265.4,0,1,0-1
"Fast foods, taco with beef, cheese and lettuce, soft",9.75,4.155,20.23,9.25,2.9,205.7,0,1,0-1
"Fast foods, taco with chicken, lettuce and cheese, soft",6.35,2.559,19.69,13.3,1.2,189.1,0,1,0-1
"DOMINO'S 14"" Sausage Pizza, Classic Hand-Tossed Crust",11.2,4.607,31.84,11.08,2.4,272.5,0,1,0-1
"DOMINO'S 14"" Sausage Pizza, Ultimate Deep Dish Crust",12.03,4.755,31.17,11.03,2.6,277.1,0,1,0-1
"Fast Food, Pizza Chain, 14"" pizza, cheese topping, stuffed crust",11.63,5.825,30.0,12.23,1.7,273.6,0,1,0-1
"PIZZA HUT 14"" Cheese Pizza, Stuffed Crust",11.63,5.825,30.0,12.23,1.7,273.6,0,1,0-1
"Fast foods, strawberry banana smoothie made with ice and low-fat yogurt",0.14,0.0,15.05,0.86,0.9,64.9,0,0,0-0
"School Lunch, pizza, cheese topping, thick crust, whole grain, frozen, cooked",9.27,4.358,28.08,14.62,2.9,254.2,0,1,0-1
"School Lunch, pizza, pepperoni topping, thin crust, whole grain, frozen, cooked",8.62,2.81,31.24,12.78,4.3,253.7,0,1,0-1
"School Lunch, pizza, pepperoni topping, thick crust, whole grain, frozen, cooked",9.82,4.219,28.3,14.35,4.3,259.0,0,1,0-1
"School Lunch, pizza, sausage topping, thin crust, whole grain, frozen, cooked",7.83,3.488,32.24,12.63,3.9,250.0,0,1,0-1
"School Lunch, pizza, cheese topping, thin crust, whole grain, frozen, cooked",7.91,4.0,31.31,12.72,4.0,247.3,0,1,0-1
"School Lunch, pizza, sausage topping, thick crust, whole grain, frozen, cooked",9.07,4.219,30.58,13.26,4.0,257.0,0,1,0-1
"Cream, fluid, light (coffee cream or table cream)",19.1,10.176,3.66,2.96,0.0,198.4,0,1,0-1
"Milk, filled, fluid, with blend of hydrogenated vegetable oils",3.46,0.768,4.74,3.33,0.0,63.4,0,0,0-0
"Milk, filled, fluid, with lauric acid oil",3.4,3.101,4.74,3.33,0.0,62.9,0,0,0-0
"Dessert topping, powdered, 1.5 ounce prepared with 1/2 cup milk",12.72,10.684,17.13,3.61,0.0,197.4,0,1,0-1
"Sour cream, imitation, cultured",19.52,17.791,6.63,2.4,0.0,211.8,0,1,0-1
"Milk, reduced fat, fluid, 2% milkfat, with added nonfat milk solids and vitamin A and vitamin D",1.92,1.195,4.97,3.48,0.0,51.1,0,0,0-0
"Milk, reduced fat, fluid, 2% milkfat, protein fortified, with added vitamin A and vitamin D",1.98,1.232,5.49,3.95,0.0,55.6,0,0,0-0
"Milk, lowfat, fluid, 1% milkfat, with added nonfat milk solids, vitamin A and vitamin D",0.97,0.604,4.97,3.48,0.0,42.5,0,0,0-0
"Milk, buttermilk, fluid, cultured, lowfat",1.07,0.66,4.79,3.31,0.0,42.0,0,0,0-0
"Milk, low sodium, fluid",3.46,2.154,4.46,3.1,0.0,61.4,0,0,0-0
"Milk, canned, evaporated, nonfat, with added vitamin A and vitamin D",0.2,0.121,11.35,7.55,0.0,77.4,0,0,0-0
"Milk, chocolate, fluid, commercial, whole, with added vitamin A and vitamin D",3.39,2.104,10.34,3.17,0.8,84.6,0,0,0-0
"Milk, chocolate, fluid, commercial, reduced fat, with added vitamin A and vitamin D",1.9,1.177,12.13,2.99,0.7,77.6,0,0,0-0
"Milk, chocolate, lowfat, with added vitamin A and vitamin D",1.11,0.616,10.15,3.46,0.1,64.4,0,0,0-0
"Milk, sheep, fluid",7.0,4.603,5.36,5.98,0.0,108.4,0,0,0-0
"Milk shakes, thick chocolate",2.7,1.681,21.15,3.05,0.3,121.1,0,1,0-1
"Milk shakes, thick vanilla",3.03,1.886,17.75,3.86,0.0,113.7,0,1,0-1
"Whey, acid, fluid",0.09,0.057,5.12,0.76,0.0,24.3,0,0,0-0
"Yogurt, plain, low fat",1.55,1.0,7.04,5.25,0.0,63.1,0,0,0-0
"Yogurt, plain, skim milk",0.18,0.116,7.68,5.73,0.0,55.3,0,0,0-0
"Yogurt, vanilla, low fat.",1.25,0.806,13.8,4.93,0.0,86.2,0,0,0-0
"Yogurt, fruit, low fat,9 g protein/8 oz",1.15,0.742,18.64,3.98,0.0,100.8,0,0,0-0
"Milk dessert bar, frozen, made from lowfat milk",1.47,0.735,32.0,4.41,6.6,158.9,0,1,0-1
"Nutritional supplement for people with diabetes, liquid",3.08,0.232,11.88,4.4,2.2,92.8,0,0,0-0
"Yogurt, Greek, plain, nonfat (Includes foods for USDA's Food Distribution Program)",0.39,0.117,3.6,10.19,0.0,58.7,0,0,0-0
"Yogurt, Greek, strawberry, nonfat",0.15,0.105,12.07,8.05,0.6,81.8,0,0,0-0
"Yogurt, Greek, vanilla, nonfat",0.18,0.133,10.37,8.64,0.5,77.7,0,0,0-0
"Yogurt, Greek, plain, lowfat",1.92,1.23,3.94,9.95,0.0,72.8,0,0,0-0
"Kefir, lowfat, plain, LIFEWAY",1.02,0.658,4.77,3.79,0.0,43.4,0,0,0-0
"Yogurt, vanilla, non-fat",0.0,0.0,17.04,2.94,0.0,79.9,0,0,0-0
"Babyfood, vegetables, peas, strained",0.43,0.07,8.36,3.27,2.0,50.4,0,0,0-0
"Babyfood, peas, dices, toddler",0.8,0.14,10.3,3.9,3.9,64.0,0,0,0-0
"Babyfood, vegetables, spinach, creamed, strained",1.3,0.702,5.7,2.5,1.8,44.5,0,0,0-0
"Babyfood, fruit, apricot with tapioca, junior",0.0,0.0,17.3,0.3,1.5,70.4,0,0,0-0
"Babyfood, fruit, pears, junior",0.1,0.006,11.6,0.3,2.8,48.5,0,0,0-0
"Babyfood, fruit, plums with tapioca, without ascorbic acid, strained",0.0,0.0,19.7,0.1,1.2,79.2,0,0,0-0
"Babyfood, fruit, plums with tapioca, without ascorbic acid, junior",0.0,0.0,20.5,0.1,1.2,82.4,0,0,0-0
"Babyfood, fruit, prunes with tapioca, without ascorbic acid, strained",0.1,0.008,18.5,0.6,2.7,77.3,0,0,0-0
"Babyfood, fruit, applesauce and apricots, strained",0.2,0.024,11.64,0.2,1.8,49.2,0,0,0-0
"Babyfood, fruit, applesauce and apricots, junior",0.2,0.028,12.4,0.2,1.8,52.2,0,0,0-0
"Babyfood, fruit, applesauce and cherries, strained",0.0,0.0,14.1,0.0,1.1,56.4,0,0,0-0
"Babyfood, fruit, applesauce and cherries, junior",0.0,0.0,14.1,0.0,1.1,56.4,0,0,0-0
"Babyfood, fruit, applesauce with banana, junior",0.1,0.04,16.16,0.37,1.6,67.0,0,0,0-0
"Babyfood, fruit and vegetable, apple and sweet potato",0.22,0.041,15.3,0.3,1.4,64.4,0,0,0-0
"Babyfood, fruit, bananas and pineapple with tapioca, junior",0.1,0.036,18.4,0.2,1.6,75.3,0,0,0-0
"Babyfood, fruit, bananas and pineapple with tapioca, strained",0.0,0.0,17.8,0.2,1.6,72.0,0,0,0-0
"Babyfood, fruit, pears and pineapple, strained",0.1,0.007,10.9,0.3,2.6,45.7,0,0,0-0
"Babyfood, fruit, bananas with apples and pears, strained",0.22,0.106,19.31,0.9,1.4,82.8,0,0,0-0
"Babyfood, fruit, apple and blueberry, strained",0.2,0.024,16.3,0.2,1.8,67.8,0,0,0-0
"Babyfood, fruit, apple and blueberry, junior",0.2,0.024,16.6,0.2,1.8,69.0,0,0,0-0
"Babyfood, juice, apple",0.1,0.018,11.7,0.0,0.1,47.7,0,0,0-0
"Babyfood, juice, orange and apple and banana",0.1,0.016,11.5,0.4,0.1,48.5,0,0,0-0
"Babyfood, juice, orange and apricot",0.1,0.011,10.9,0.8,0.1,47.7,0,0,0-0
"Babyfood, juice, orange and pineapple",0.1,0.01,11.7,0.5,0.1,49.7,0,0,0-0
"Babyfood, cereal, mixed, with applesauce and bananas, strained",0.51,0.09,18.38,0.71,1.0,81.0,0,0,0-0
"Babyfood, cereal, mixed, with applesauce and bananas, junior, fortified",0.51,0.072,18.79,0.71,1.0,82.6,0,0,0-0
"Babyfood, cereal, rice, with applesauce and bananas, strained",0.4,0.114,17.1,1.2,1.0,76.8,0,0,0-0
"Babyfood, cereal, with egg yolks, strained",1.8,0.61,7.0,1.9,0.9,51.8,0,0,0-0
"Babyfood, dessert, dutch apple, strained",0.4,0.19,19.74,0.2,1.4,83.4,0,0,0-0
"Babyfood, dessert, dutch apple, junior",0.16,0.025,19.18,0.2,1.4,79.0,0,0,0-0
"Babyfood, cherry cobbler, junior",0.1,0.02,19.2,0.3,0.2,78.9,0,0,0-0
"Babyfood, dessert, cherry vanilla pudding, strained",0.3,0.087,17.8,0.2,0.3,74.7,0,0,0-0
"Babyfood, dessert, fruit pudding, pineapple, strained",0.3,0.099,20.3,1.3,0.7,89.1,0,0,0-0
"Babyfood, dessert, fruit dessert, without ascorbic acid, strained",0.0,0.0,16.0,0.3,0.6,65.2,0,0,0-0
"Babyfood, juice, fruit punch, with calcium",0.1,0.02,12.7,0.2,0.4,52.5,0,0,0-0
"Babyfood, juice, apple, with calcium",0.1,0.018,11.1,0.06,0.4,45.5,0,0,0-0
"Infant Formula, MEAD JOHNSON, ENFAMIL, ENFACARE, ready-to-feed, with ARA and DHA",3.8,1.578,7.73,2.0,0.0,73.1,0,0,0-0
"Babyfood, yogurt, whole milk, with fruit, multigrain cereal and added DHA fortified",3.53,1.84,13.22,3.4,0.3,98.2,0,0,0-0
"Babyfood, mashed cheddar potatoes and broccoli, toddlers",1.47,0.875,7.47,1.11,1.2,47.6,0,0,0-0
"Babyfood, yogurt, whole milk, with fruit, multigrain cereal and added iron fortified",3.08,1.582,13.0,3.05,0.6,91.9,0,0,0-0
"Infant formula, NESTLE, GOOD START SOY, with DHA and ARA, liquid concentrate",6.67,2.897,14.71,3.31,0.0,132.1,0,1,0-1
"Toddler formula, MEAD JOHNSON, ENFAGROW PREMIUM (formerly ENFAMIL, LIPIL, NEXT STEP), ready-to-feed",3.63,1.55,7.18,1.78,0.0,68.5,0,0,0-0
"Infant Formula, MEAD JOHNSON, ENFAMIL, Newborn, with DHA and ARA, ready-to-feed",3.48,1.48,7.81,1.38,0.0,68.1,0,0,0-0
"Infant formula, GERBER, GOOD START 2 Soy, with iron, ready-to-feed",3.28,1.399,7.15,1.84,0.0,65.5,0,0,0-0
"Infant formula, GERBER, GOOD START, PROTECT PLUS, ready-to-feed",3.36,1.443,7.17,1.44,0.0,64.7,0,0,0-0
"Infant Formula, GERBER GOOD START 2, GENTLE PLUS, ready-to-feed",3.34,0.975,7.61,1.44,0.0,66.3,0,0,0-0
"Babyfood, fruit, banana and strawberry, junior",0.37,0.121,25.78,0.71,1.4,109.3,0,0,0-0
"Babyfood, banana with mixed berries, strained",0.36,0.081,21.31,1.01,1.0,92.5,0,0,0-0
"Salad dressing, KRAFT Mayo Fat Free Mayonnaise Dressing",0.0,0.0,15.8,0.2,2.0,64.0,0,0,0-0
"Salad dressing, KRAFT MIRACLE WHIP FREE Nonfat Dressing",2.7,0.6,15.5,0.2,1.9,87.1,0,0,0-0
"Salad dressing, russian dressing, low calorie",4.0,0.6,27.6,0.5,0.3,148.4,0,1,0-1
"Salad dressing, thousand island dressing, reduced fat",11.32,0.746,24.06,0.83,1.2,201.4,0,1,0-1
"Salad dressing, italian dressing, commercial, regular",21.12,2.948,12.12,0.41,0.0,240.2,0,1,0-1
"Salad dressing, french dressing, reduced fat, without salt",13.46,1.099,29.28,0.58,1.1,240.6,0,1,0-1
"Salad dressing, italian dressing, reduced fat, without salt",6.38,0.451,4.57,0.47,0.0,77.6,0,0,0-0
"Salad dressing, honey mustard dressing, reduced calorie",10.0,0.833,28.26,0.98,0.8,207.0,0,1,0-1
"Salad dressing, spray-style dressing, assorted flavors",10.75,1.643,16.6,0.16,0.3,163.8,0,1,0-1
"Salad dressing, caesar, fat-free",0.23,0.096,30.73,1.47,0.2,130.9,0,1,0-1
"Dressing, honey mustard, fat-free",1.47,0.349,38.43,1.07,1.2,171.2,0,1,0-1
"Soup, black bean, canned, condensed",1.32,0.34,15.42,4.83,6.8,92.9,0,0,0-0
"Soup, bean with pork, canned, condensed",4.42,1.14,16.97,5.88,5.9,131.2,0,1,0-1
"Soup, bean with frankfurters, canned, condensed",5.31,1.61,16.75,7.6,4.6,145.2,0,1,0-1
"Soup, bean with ham, canned, chunky, ready-to-serve",3.5,1.37,11.16,5.19,4.6,96.9,0,0,0-0
"Soup, chicken, canned, chunky, ready-to-serve",2.64,0.79,6.88,5.06,0.6,71.5,0,0,0-0
"Soup, cream of chicken, canned, condensed",5.77,1.697,7.16,2.38,0.0,90.1,0,0,0-0
"Soup, chicken gumbo, canned, condensed",1.14,0.26,6.67,2.1,1.6,45.3,0,0,0-0
"Soup, chunky chicken noodle, canned, ready-to-serve",1.16,0.627,4.46,3.09,0.8,40.6,0,0,0-0
"Soup, chicken vegetable, canned, condensed",2.32,0.69,7.01,2.94,0.7,60.7,0,0,0-0
"Soup, chili beef, canned, condensed",2.53,1.242,18.86,5.09,2.5,118.6,0,1,0-1
"Soup, clam chowder, manhattan style, canned, chunky, ready-to-serve",1.41,0.88,7.84,3.02,1.2,56.1,0,0,0-0
"Soup, clam chowder, manhattan, canned, condensed",1.76,0.305,9.74,1.74,1.2,61.8,0,0,0-0
"Soup, minestrone, canned, condensed",2.05,0.44,9.17,3.48,0.8,69.0,0,0,0-0
"Soup, cream of mushroom, canned, condensed",5.3,0.964,6.8,1.35,0.7,80.3,0,0,0-0
"Soup, mushroom with beef stock, canned, condensed",3.21,1.24,7.41,2.51,0.1,68.6,0,0,0-0
"Soup, pea, split with ham, canned, condensed",3.28,1.31,20.81,7.68,1.7,143.5,0,1,0-1
"Soup, cream of potato, canned, condensed",1.88,0.97,12.79,1.51,1.3,74.1,0,0,0-0
"Soup, cream of shrimp, canned, condensed",4.14,2.58,6.53,2.22,0.2,72.3,0,0,0-0
"Soup, tomato beef with noodle, canned, condensed",3.42,1.27,16.87,3.55,1.2,112.5,0,0,0-0
"Soup, vegetarian vegetable, canned, condensed",1.58,0.24,9.78,1.72,0.5,60.2,0,0,0-0
"Soup, chunky beef, canned, ready-to-serve",1.11,0.554,10.08,3.97,0.6,66.2,0,0,0-0
"Soup, vegetable beef, canned, condensed",1.51,0.68,8.11,4.45,1.6,63.8,0,0,0-0
"Soup, vegetable with beef broth, canned, condensed",1.56,0.36,10.7,2.42,1.3,66.5,0,0,0-0
"Sauce, teriyaki, ready-to-serve",0.02,0.0,15.56,5.93,0.1,86.1,0,0,0-0
"Gravy, au jus, canned",0.2,0.1,2.5,1.2,0.0,16.6,0,0,0-0
"Gravy, mushroom, canned",2.71,0.4,5.47,1.26,0.4,51.3,0,0,0-0
"Soup, beef mushroom, canned, condensed",2.4,1.2,5.2,4.6,0.2,60.8,0,0,0-0
"Soup, tomato, canned, prepared with equal volume water, commercial",0.21,0.056,7.45,0.71,0.5,34.5,0,0,0-0
"Soup, broccoli cheese, canned, condensed, commercial",5.3,1.6,7.7,2.1,1.8,86.9,0,0,0-0
"Soup, SWANSON, beef broth, lower sodium",0.08,0.03,0.21,1.2,0.0,6.4,0,0,0-0
"Soup, SWANSON, vegetable broth",0.07,0.031,1.02,0.23,0.0,5.6,0,0,0-0
"SMART SOUP, Indian Bean Masala",0.88,0.18,10.5,3.3,2.6,63.1,0,0,0-0
"SMART SOUP, Moroccan Chick Pea",1.06,0.18,9.7,2.0,3.1,56.3,0,0,0-0
"SMART SOUP, Thai Coconut Curry",1.06,0.35,6.5,0.8,1.0,38.7,0,0,0-0
"SMART SOUP, Vietnamese Carrot Lemongrass",1.06,0.35,8.2,1.3,1.5,47.5,0,0,0-0
"Sauce, hot chile, sriracha",0.93,0.0,19.16,1.93,2.2,92.7,0,0,0-0
"Sauce, hot chile, sriracha, CHA! BY TEXAS PETE",0.98,0.0,22.73,2.02,2.1,107.8,0,0,0-0
"Sauce, hot chile, sriracha, TUONG OT SRIRACHA",0.9,0.0,15.87,1.86,2.2,79.0,0,0,0-0
"Soup, vegetable beef, microwavable, ready-to-serve, single brand",0.7,0.221,3.3,6.2,1.5,44.3,0,0,0-0
"Soup, beef and vegetables, canned, ready-to-serve",1.16,0.407,6.16,3.18,1.2,47.8,0,0,0-0
"Sauce, cheese, ready-to-serve",13.29,6.01,6.83,6.71,0.5,173.8,0,1,0-1
"Sauce, pasta, spaghetti/marinara, ready-to-serve",1.61,0.218,7.43,1.39,1.8,49.8,0,0,0-0
"Cheese, ricotta, part skim milk",7.91,4.927,5.14,11.39,0.0,137.3,0,1,0-1
"Cream, fluid, half and half",11.5,7.032,4.3,3.13,0.0,133.2,0,1,0-1
"Cream, sour, reduced fat, cultured",12.0,7.47,4.26,2.94,0.0,136.8,0,1,0-1
"Cream, sour, cultured",19.35,10.14,4.63,2.44,0.0,202.4,0,1,0-1
Eggnog,4.19,2.591,8.05,4.55,0.0,88.1,0,0,0-0
"Sour dressing, non-butterfat, cultured, filled cream-type",16.57,13.272,4.68,3.25,0.0,180.8,0,1,0-1
"Cream substitute, liquid, with hydrogenated vegetable oil and soy protein",9.97,1.937,11.38,1.0,0.0,139.2,0,1,0-1
"Cream substitute, liquid, with lauric acid oil and sodium caseinate",9.97,9.304,11.38,1.0,0.0,139.2,0,1,0-1
"Milk substitutes, fluid, with lauric acid oil",3.41,3.037,6.16,1.75,0.0,62.3,0,0,0-0
"Milk, producer, fluid, 3.7% milkfat",3.66,2.278,4.65,3.28,0.0,64.7,0,0,0-0
"Milk, lowfat, fluid, 1% milkfat, protein fortified, with added vitamin A and vitamin D",1.17,0.728,5.52,3.93,0.0,48.3,0,0,0-0
"Milk, nonfat, fluid, with added nonfat milk solids, vitamin A and vitamin D (fat free or skim)",0.25,0.162,5.02,3.57,0.0,36.6,0,0,0-0
"Milk, nonfat, fluid, protein fortified, with added vitamin A and vitamin D (fat free and skim)",0.25,0.162,5.56,3.96,0.0,40.3,0,0,0-0
"Milk, canned, evaporated, with added vitamin D and without added vitamin A",7.56,4.591,10.04,6.81,0.0,135.4,0,1,0-1
"Milk, chocolate beverage, hot cocoa, homemade",2.34,1.431,10.74,3.52,1.0,78.1,0,0,0-0
"Milk, goat, fluid, with added vitamin D",4.14,2.667,4.45,3.56,0.0,69.3,0,0,0-0
"Milk, human, mature, fluid (For Reference Only)",4.38,2.009,6.89,1.03,0.0,71.1,0,0,0-0
"Milk, indian buffalo, fluid",6.89,4.597,5.18,3.75,0.0,97.7,0,0,0-0
"Whey, sweet, fluid",0.36,0.23,5.14,0.85,0.0,27.2,0,0,0-0
"Yogurt, fruit, low fat, 10 grams protein per 8 ounce",1.08,0.697,19.05,4.37,0.0,103.4,0,0,0-0
"Yogurt, fruit, low fat, 11g protein/8 oz",1.41,0.909,18.6,4.86,0.0,106.5,0,0,0-0
"Ice cream, light, soft serve, chocolate",3.69,2.349,23.15,3.36,0.0,139.2,0,1,0-1
"Yogurt, Greek, nonfat, vanilla, CHOBANI",0.22,0.178,8.09,9.07,0.3,70.6,0,0,0-0
"Yogurt, Greek, strawberry, DANNON OIKOS",2.92,1.832,11.67,8.25,1.0,106.0,0,1,0-1
"Yogurt, Greek, nonfat, vanilla, DANNON OIKOS",0.14,0.09,12.72,8.12,0.5,84.6,0,0,0-0
"Yogurt, Greek, nonfat, strawberry, DANNON OIKOS",0.22,0.11,12.53,8.03,0.4,84.2,0,0,0-0
"Yogurt, Greek, strawberry, lowfat",2.57,1.599,12.29,8.17,1.0,105.0,0,1,0-1
"Kefir, lowfat, strawberry, LIFEWAY",0.9,0.533,10.2,3.39,0.0,62.5,0,0,0-0
"Milk, evaporated, 2% fat, with added vitamin A and vitamin D",2.0,1.204,15.74,6.67,0.0,107.6,0,1,0-1
"Milk, chocolate, fat free, with added vitamin A and vitamin D",0.0,0.0,13.46,3.39,0.0,67.4,0,0,0-0
"Babyfood, vegetables, corn, creamed, junior",0.4,0.074,16.25,1.4,2.1,74.2,0,0,0-0
"Babyfood, fruit, bananas with tapioca, strained",0.1,0.035,15.3,0.4,1.6,63.7,0,0,0-0
"Babyfood, fruit, peaches, strained",0.33,0.02,14.48,0.94,1.3,64.6,0,0,0-0
"Babyfood, fruit, peaches, junior",0.33,0.02,14.48,0.94,1.3,64.6,0,0,0-0
"Babyfood, fruit, pears, strained",0.2,0.012,10.8,0.3,2.8,46.2,0,0,0-0
"Babyfood, fruit, prunes with tapioca, without ascorbic acid, junior",0.1,0.008,18.7,0.6,2.7,78.1,0,0,0-0
"Babyfood, prunes, without vitamin c, strained",0.2,0.02,23.52,1.0,2.7,99.9,0,0,0-0
"Babyfood, fruit dessert, mango with tapioca",0.2,0.039,19.0,0.3,1.1,79.0,0,0,0-0
"Babyfood, pears, dices, toddler",0.1,0.01,13.6,0.3,1.2,56.5,0,0,0-0
"Babyfood, fruit, applesauce and pineapple, strained",0.1,0.01,10.1,0.1,1.5,41.7,0,0,0-0
"Babyfood, fruit, applesauce and pineapple, junior",0.1,0.011,10.5,0.1,1.5,43.3,0,0,0-0
"Babyfood, fruit, apple and raspberry, strained",0.2,0.033,15.6,0.2,2.1,65.0,0,0,0-0
"Babyfood, fruit, apple and raspberry, junior",0.2,0.032,15.4,0.2,2.1,64.2,0,0,0-0
"Babyfood, fruit, pears and pineapple, junior",0.2,0.013,11.4,0.3,2.6,48.6,0,0,0-0
"Babyfood, peaches, dices, toddler",0.2,0.016,11.8,0.5,0.8,51.0,0,0,0-0
"Babyfood, fruit, papaya and applesauce with tapioca, strained",0.1,0.0,18.9,0.2,1.4,77.3,0,0,0-0
"Babyfood, apple-banana juice",0.1,0.018,12.3,0.2,0.2,50.9,0,0,0-0
"Babyfood, juice, apple and peach",0.1,0.018,10.5,0.2,0.1,43.7,0,0,0-0
"Babyfood, juice, apple and prune",0.1,0.018,18.1,0.2,0.1,74.1,0,0,0-0
"Babyfood, juice, orange",0.3,0.035,10.2,0.6,0.1,45.9,0,0,0-0
"Babyfood, juice, mixed fruit",0.1,0.015,11.7,0.1,0.1,48.1,0,0,0-0
"Babyfood, cereal, oatmeal, with applesauce and bananas, strained",0.89,0.125,15.62,0.89,0.9,74.0,0,0,0-0
"Babyfood, cereal, oatmeal, with applesauce and bananas, junior, fortified",0.89,0.126,16.03,0.89,0.9,75.7,0,0,0-0
"Babyfood, cereal, with egg yolks, junior",1.8,0.61,7.1,1.9,0.9,52.2,0,0,0-0
"Babyfood, cereal, egg yolks and bacon, junior",5.0,1.64,6.2,2.5,0.9,79.8,0,0,0-0
"Babyfood, dessert, cherry vanilla pudding, junior",0.2,0.058,18.4,0.2,0.3,76.2,0,0,0-0
"Babyfood, dessert, fruit pudding, orange, strained",0.9,0.545,17.7,1.1,0.6,83.3,0,0,0-0
"Babyfood, dessert, peach cobbler, strained",0.0,0.0,17.8,0.3,0.7,72.4,0,0,0-0
"Babyfood, dessert, peach cobbler, junior",0.0,0.0,18.3,0.3,0.7,74.4,0,0,0-0
"Babyfood, dessert, fruit dessert, without ascorbic acid, junior",0.0,0.0,17.2,0.3,0.6,70.0,0,0,0-0
"Babyfood, dessert, custard pudding, vanilla, strained",2.0,1.01,16.0,1.6,0.0,88.4,0,0,0-0
"Babyfood, dessert, custard pudding, vanilla, junior",0.98,0.325,17.58,1.76,0.2,86.2,0,0,0-0
"Babyfood, juice, apple and grape",0.2,0.04,11.34,0.1,0.1,47.6,0,0,0-0
"Infant formula, ABBOTT NUTRITION, SIMILAC, ISOMIL, ADVANCE with iron, liquid concentrate",6.98,2.262,13.21,3.13,0.0,128.2,0,1,0-1
"Infant formula, ABBOTT NUTRITION, SIMILAC, ISOMIL, ADVANCE with iron, ready-to-feed",3.59,1.166,6.7,1.61,0.0,65.6,0,0,0-0
"Infant formula, NESTLE, GOOD START SUPREME, with iron, DHA and ARA, ready-to-feed",3.37,1.47,7.39,1.45,0.0,65.7,0,0,0-0
"Infant formula, NESTLE, GOOD START SUPREME, with iron, DHA and ARA, prepared from liquid concentrate",3.37,1.47,7.39,1.45,0.0,65.7,0,0,0-0
"Infant Formula, MEAD JOHNSON, ENFAMIL GENTLEASE, with iron, prepared from powder",3.5,1.5,7.6,1.51,0.0,67.9,0,0,0-0
"Infant formula, MEAD JOHNSON, ENFAMIL, Enfagrow, Soy, Toddler ready-to-feed",2.89,0.855,7.64,2.17,0.0,65.2,0,0,0-0
"Infant formula, MEAD JOHNSON, ENFAMIL, NUTRAMIGEN AA, ready-to-feed",3.48,1.592,6.76,1.84,0.0,65.7,0,0,0-0
"Infant formula, MEAD JOHNSON, ENFAMIL, Premature, with iron, 20 calories, ready-to-feed",3.3,1.51,6.2,2.2,0.0,63.3,0,0,0-0
"Infant formula, MEAD JOHNSON, ENFAMIL, Premature, with iron, 24 calories, ready-to-feed",3.9,1.8,8.88,2.6,0.0,81.0,0,0,0-0
"Infant formula, GERBER, GOOD START 2, PROTECT PLUS, ready-to-feed",3.37,1.443,7.39,1.44,0.0,65.6,0,0,0-0
"Infant formula, ABBOTT NUTRITION, SIMILAC, GO AND GROW, ready-to-feed, with ARA and DHA",3.54,1.018,6.69,1.97,0.0,66.5,0,0,0-0
"Infant formula, ABBOTT NUTRITION, SIMILAC, Expert Care, Diarrhea, ready- to- feed with ARA and DHA",3.6,1.477,6.67,1.76,0.7,66.1,0,0,0-0
"Infant formula, ABBOTT NUTRITION, SIMILAC, For Spit Up, ready-to-feed, with ARA and DHA",3.54,2.3,7.19,1.4,0.0,66.2,0,0,0-0
"Salad dressing, mayonnaise type, regular, with salt",21.6,3.396,14.78,0.65,0.0,256.1,0,1,0-1
"Salad dressing, french dressing, reduced fat",11.52,0.842,31.22,0.58,1.5,230.9,0,1,0-1
"Salad dressing, italian dressing, commercial, reduced fat",6.68,0.833,9.99,0.39,0.0,101.6,0,0,0-0
"Salad dressing, mayonnaise, imitation, soybean",19.2,3.3,16.0,0.3,0.0,238.0,0,1,0-1
"Salad dressing, mayonnaise, imitation, milk cream",5.1,2.8,11.1,2.1,0.0,98.7,0,0,0-0
"Salad dressing, french dressing, fat-free",0.27,0.037,32.14,0.2,2.2,131.8,0,1,0-1
"Turkey and gravy, frozen",2.63,0.85,4.61,5.88,0.0,65.6,0,0,0-0
"Soup, cream of asparagus, canned, condensed",3.26,0.82,8.52,1.82,0.4,70.7,0,0,0-0
"Soup, beef broth or bouillon canned, ready-to-serve",0.22,0.11,0.04,1.14,0.0,6.7,0,0,0-0
"Soup, beef noodle, canned, condensed",2.46,0.91,7.16,3.85,0.6,66.2,0,0,0-0
"Soup, cream of celery, canned, condensed",4.46,1.12,7.03,1.32,0.6,73.5,0,0,0-0
"Soup, cheese, canned, condensed",3.92,2.45,11.3,0.8,2.2,83.7,0,0,0-0
"Soup, chicken broth, canned, condensed",1.04,0.31,0.75,4.42,0.0,30.0,0,0,0-0
"Soup, chicken noodle, canned, condensed",1.55,0.389,6.07,2.37,0.9,47.7,0,0,0-0
"Soup, chicken rice, canned, chunky, ready-to-serve",1.33,0.4,5.41,5.11,0.4,54.0,0,0,0-0
"Soup, chicken with rice, canned, condensed",1.56,0.37,11.57,1.84,0.9,67.7,0,0,0-0
"Soup, chicken and vegetable, canned, ready-to-serve",0.73,0.121,4.68,1.97,0.9,33.2,0,0,0-0
"Soup, clam chowder, new england, canned, condensed",2.06,0.959,10.32,3.17,0.7,72.5,0,0,0-0
"Soup, beef broth bouillon and consomme, canned, condensed",0.0,0.0,0.32,2.52,0.0,11.4,0,0,0-0
"Soup, minestrone, canned, chunky, ready-to-serve",1.17,0.62,8.64,2.13,2.4,53.6,0,0,0-0
"Soup, onion, canned, condensed",1.42,0.21,6.68,3.06,0.7,51.7,0,0,0-0
"Soup, cream of onion, canned, condensed",4.2,1.17,10.4,2.2,0.4,88.2,0,0,0-0
"Soup, oyster stew, canned, condensed",3.13,2.04,3.32,1.72,0.0,48.3,0,0,0-0
"Soup, pea, green, canned, condensed",2.23,1.07,20.18,6.54,3.9,127.0,0,1,0-1
"Soup, pea, split with ham, canned, chunky, ready-to-serve",1.66,0.66,11.17,4.62,1.7,78.1,0,0,0-0
"Soup, tomato rice, canned, condensed",2.12,0.4,17.08,1.64,1.3,94.0,0,0,0-0
"Soup, chunky vegetable, canned, ready-to-serve",0.36,0.045,7.9,1.14,1.1,39.4,0,0,0-0
"Soup, chicken broth cubes, dry",4.7,1.2,23.5,14.6,0.0,194.7,0,1,0-1
"Gravy, beef, canned, ready-to-serve",2.36,1.153,4.81,3.75,0.4,55.5,0,0,0-0
"Gravy, chicken, canned or bottled, ready-to-serve",2.62,0.639,5.29,0.71,0.1,47.6,0,0,0-0
"Gravy, turkey, canned, ready-to-serve",2.1,0.62,5.1,2.6,0.4,49.7,0,0,0-0
"Soup, beef mushroom, canned, prepared with equal volume water",1.23,0.61,2.6,2.37,0.1,31.0,0,0,0-0
"Soup, chicken mushroom, canned, prepared with equal volume water",3.75,0.98,3.8,1.8,0.1,56.2,0,0,0-0
"Soup, tomato bisque, canned, prepared with equal volume water",1.02,0.22,9.6,0.92,0.2,51.3,0,0,0-0
"Sauce, peanut, made from coconut, water, sugar, peanuts",6.34,3.53,28.46,2.02,1.1,179.0,0,1,0-1
"SMART SOUP, Santa Fe Corn Chowder",0.71,0.0,11.2,2.0,2.0,59.2,0,0,0-0
"SMART SOUP, French Lentil",1.06,0.0,9.5,2.9,2.9,59.1,0,0,0-0
"SMART SOUP, Greek Minestrone",0.53,0.0,8.4,1.7,2.7,45.2,0,0,0-0
"Soup, vegetable broth, ready to serve",0.07,0.028,0.93,0.24,0.0,5.3,0,0,0-0
"Soup, chicken corn chowder, chunky, ready-to-serve, single brand",6.3,1.75,7.5,3.1,0.9,99.1,0,0,0-0
"Soup, bean with bacon, condensed, single brand",2.1,0.601,18.0,6.5,4.6,116.9,0,1,0-1
"Soup, tomato, canned, condensed, reduced sodium",0.56,0.155,13.41,1.61,1.2,65.1,0,0,0-0
"Soup, tomato, low sodium, with water",0.28,0.076,6.57,0.79,0.6,32.0,0,0,0-0
"Soup, pea, low sodium, prepared with equal volume water",1.09,0.524,9.88,3.2,1.9,62.1,0,0,0-0
"Soup, chicken noodle, low sodium, canned, prepared with equal volume water",0.95,0.262,2.95,1.27,0.2,25.4,0,0,0-0
"Soup, vegetable soup, condensed, low sodium, prepared with equal volume water",0.45,0.074,6.06,1.1,1.1,32.7,0,0,0-0
"Sauce, tomato chili sauce, bottled, with salt",0.3,0.045,19.79,2.5,2.4,91.9,0,0,0-0
"Soup, vegetable chicken, canned, prepared with water, low sodium",2.0,0.597,8.76,5.1,0.4,73.4,0,0,0-0
"Sauce, pasta, spaghetti/marinara, ready-to-serve, low sodium",1.48,0.17,8.06,1.41,1.8,51.2,0,0,0-0
"Gravy, meat or poultry, low sodium, prepared",2.4,1.003,6.16,3.8,0.3,61.4,0,0,0-0
"Gravy, HEINZ Home Style, savory beef",1.13,0.4,6.24,1.09,0.7,39.5,0,0,0-0
"Soup, cream of chicken, canned, condensed, reduced sodium",1.3,0.5,9.5,1.8,0.4,56.9,0,0,0-0
"Sauce, peppers, hot, chili, mature red, canned",0.6,0.08,3.9,0.9,0.7,24.6,0,0,0-0
"Sauce, chili, peppers, hot, immature green, canned",0.1,0.013,5.0,0.7,1.9,23.7,0,0,0-0
Fish broth,0.6,0.133,0.4,2.0,0.0,15.0,0,0,0-0
"Soup, cream of mushroom, low sodium, ready-to-serve, canned",3.7,1.005,4.53,1.0,0.2,55.4,0,0,0-0
"Soup, chicken broth, low sodium, canned",0.6,0.179,1.2,2.0,0.0,18.2,0,0,0-0
"Sauce, worcestershire",0.0,0.0,19.17,0.0,0.0,76.7,0,0,0-0
"Soup, beef and mushroom, low sodium, chunk style",2.3,1.621,9.58,4.3,0.2,76.2,0,0,0-0
"Soup, beef stroganoff, canned, chunky style, ready-to-serve",4.6,2.324,9.0,5.1,0.6,97.8,0,0,0-0
"Cereals, corn grits, white, regular and quick, enriched, cooked with water, without salt",0.46,0.066,14.76,1.71,0.8,70.0,0,0,0-0
"Cereals, CREAM OF WHEAT, regular (10 minute), cooked with water, without salt",0.21,0.033,10.52,1.44,0.5,49.7,0,0,0-0
"Cereals, farina, enriched, assorted brands including CREAM OF WHEAT, quick (1-3 minutes), cooked with water, without salt",0.34,0.066,10.92,1.82,0.8,54.0,0,0,0-0
"Cereals, oats, instant, fortified, plain, prepared with water (boiling water added or microwaved)",1.36,0.226,11.67,2.37,1.7,68.4,0,0,0-0
"Cereals, WHEATENA, cooked with water",0.5,0.075,11.8,2.0,2.7,59.7,0,0,0-0
"Cereals, whole wheat hot natural cereal, cooked with water, without salt",0.4,0.06,13.7,2.0,1.6,66.4,0,0,0-0
"Cereals, corn grits, white, regular and quick, enriched, cooked with water, with salt",0.46,0.066,14.76,1.71,0.8,70.0,0,0,0-0
"Cereals, corn grits, yellow, regular and quick, enriched, cooked with water, without salt",0.39,0.06,13.86,1.23,0.7,63.9,0,0,0-0
"Cereals, corn grits, yellow, regular, quick, enriched, cooked with water, with salt",0.39,0.06,13.86,1.23,0.7,63.9,0,0,0-0
"Cereals, oats, regular and quick and instant, unenriched, cooked with water (includes boiling and microwaving), with salt",1.52,0.31,12.0,2.54,1.7,71.8,0,0,0-0
"Cereals, WHEATENA, cooked with water, with salt",0.45,0.091,11.74,2.03,2.0,59.1,0,0,0-0
"Cereals, whole wheat hot natural cereal, cooked with water, with salt",0.4,0.06,13.7,2.0,1.6,66.4,0,0,0-0
"Acerola, (west indian cherry), raw",0.3,0.068,7.69,0.4,1.1,35.1,0,0,0-0
"Acerola juice, raw",0.3,0.068,4.8,0.4,0.3,23.5,0,0,0-0
"Apples, raw, with skin (Includes foods for USDA's Food Distribution Program)",0.17,0.028,13.81,0.26,2.4,57.8,0,0,0-0
"Apples, raw, without skin",0.13,0.021,12.76,0.27,1.3,53.3,0,0,0-0
"Apples, dehydrated (low moisture), sulfured, stewed",0.12,0.02,19.91,0.28,2.6,81.8,0,0,0-0
"Apples, dried, sulfured, stewed, without added sugar",0.07,0.012,15.32,0.22,2.0,62.8,0,0,0-0
"Apples, dried, sulfured, stewed, with added sugar",0.07,0.011,20.73,0.2,1.9,84.4,0,0,0-0
"Apples, frozen, unsweetened, unheated (Includes foods for USDA's Food Distribution Program)",0.32,0.053,12.31,0.28,1.3,53.2,0,0,0-0
"Applesauce, canned, unsweetened, without added ascorbic acid (Includes foods for USDA's Food Distribution Program)",0.1,0.008,11.27,0.17,1.1,46.7,0,0,0-0
"Applesauce, canned, sweetened, without salt",0.17,0.03,17.49,0.16,1.2,72.1,0,0,0-0
"Apricots, raw",0.39,0.027,11.12,1.4,2.0,53.6,0,0,0-0
"Apricots, canned, water pack, with skin, solids and liquids",0.16,0.011,6.39,0.71,1.6,29.8,0,0,0-0
"Apricots, canned, heavy syrup pack, with skin, solids and liquids",0.08,0.005,21.47,0.53,1.6,88.7,0,0,0-0
"Apricots, canned, heavy syrup pack, without skin, solids and liquids",0.09,0.006,21.45,0.51,1.6,88.6,0,0,0-0
"Apricots, canned, extra heavy syrup pack, without skin, solids and liquids",0.04,0.003,24.85,0.55,1.6,102.0,0,0,0-0
"Apricots, frozen, sweetened",0.1,0.007,25.1,0.7,2.2,104.1,0,0,0-0
"Apricot nectar, canned, with added ascorbic acid",0.45,0.033,13.63,0.17,0.1,59.2,0,0,0-0
"Avocados, raw, all commercial varieties",14.66,2.126,8.53,2.0,6.7,174.1,0,1,0-1
"Avocados, raw, California",15.41,2.126,8.64,1.96,6.8,181.1,0,1,0-1
"Avocados, raw, Florida",10.06,1.96,7.82,2.23,5.6,130.7,0,1,0-1
"Blackberries, canned, heavy syrup, solids and liquids",0.14,0.005,23.1,1.31,3.4,98.9,0,0,0-0
"Blackberries, frozen, unsweetened",0.43,0.015,15.67,1.18,5.0,71.3,0,0,0-0
"Boysenberries, canned, heavy syrup",0.12,0.004,22.31,0.99,2.6,94.3,0,0,0-0
"Boysenberries, frozen, unsweetened",0.26,0.009,12.19,1.1,5.3,55.5,0,0,0-0
"Breadfruit, raw",0.23,0.048,27.12,1.07,4.9,114.8,0,1,0-1
"Carambola, (starfruit), raw",0.33,0.019,6.73,1.04,2.8,34.0,0,0,0-0
"Cherries, sour, red, canned, heavy syrup pack, solids and liquids",0.1,0.021,23.27,0.73,1.1,96.9,0,0,0-0
"Cherries, sour, red, canned, extra heavy syrup pack, solids and liquids",0.09,0.021,29.23,0.71,0.8,120.6,0,1,0-1
"Cherries, sour, red, frozen, unsweetened (Includes foods for USDA's Food Distribution Program)",0.44,0.1,11.02,0.92,1.6,51.7,0,0,0-0
"Cherries, sweet, raw",0.2,0.038,16.01,1.06,2.1,70.1,0,0,0-0
"Cherries, sweet, canned, extra heavy syrup pack, solids and liquids",0.15,0.033,26.23,0.59,1.5,108.6,0,0,0-0
"Cranberries, raw",0.13,0.008,11.97,0.46,3.6,50.9,0,0,0-0
"Elderberries, raw",0.5,0.023,18.4,0.66,7.0,80.7,0,0,0-0
"Soup, wonton, Chinese restaurant",0.26,0.062,5.25,2.08,0.2,31.7,0,0,0-0
"Sauce, salsa, verde, ready-to-serve",0.89,0.0,6.36,1.13,1.9,38.0,0,0,0-0
"Sauce, steak, tomato based",0.23,0.0,22.04,1.25,1.5,95.2,0,0,0-0
"Sauce, tartar, ready-to-serve",16.7,3.333,13.3,1.0,0.5,207.5,0,1,0-1
"Sauce, barbecue, BULL'S-EYE, original",0.67,0.101,39.95,0.91,1.0,169.5,0,1,0-1
"Sauce, barbecue, KC MASTERPIECE, original",0.52,0.0,37.92,1.0,1.4,160.4,0,1,0-1
"Sauce, barbecue, OPEN PIT, original",1.41,0.0,29.45,0.44,0.5,132.2,0,1,0-1
"Dip, bean, original flavor",3.7,0.529,15.89,5.44,4.9,118.6,0,1,0-1
"Dip, FRITO'S, bean, original flavor",3.7,0.529,15.89,5.44,4.9,118.6,0,1,0-1
"Bread, wheat, sprouted",0.0,0.0,33.88,13.16,5.3,188.2,0,1,0-1
"Bread, wheat, sprouted, toasted",0.0,0.0,36.82,14.3,5.7,204.5,0,1,0-1
"Beverages, carbonated, tonic water",0.0,0.0,8.8,0.0,0.0,35.2,0,0,0-0
"Beverages, Energy drink, RED BULL, sugar free, with added caffeine, niacin, pantothenic acid, vitamins B6 and B12",0.08,0.0,0.7,0.25,0.0,4.5,0,0,0-0
"Beverages, carbonated, root beer",0.0,0.0,10.6,0.0,0.0,42.4,0,0,0-0
"Alcoholic Beverage, wine, table, red, Gamay",0.0,0.0,2.38,0.07,0.0,9.8,0,0,0-0
"Beverages, chocolate drink, milk and soy based, ready to drink, fortified",1.69,0.422,17.3,4.22,1.3,101.3,0,0,0-0
"Beverages, chocolate malt powder, prepared with 1% milk, fortified",0.97,0.63,8.81,3.32,0.0,57.2,0,0,0-0
"Beverages, carbonated, limeade, high caffeine",0.11,0.0,4.11,0.0,0.0,17.4,0,0,0-0
"Beverages, carbonated, low calorie, cola or pepper-types, with sodium saccharin, contains caffeine",0.0,0.0,0.1,0.0,0.0,0.4,0,0,0-0
"Beverages, coffee, ready to drink, vanilla, light, milk based, sweetened",1.07,0.0,4.27,2.14,0.0,35.3,0,0,0-0
"Beverages, Lemonade fruit juice drink light, fortified with vitamin E and C",0.0,0.0,5.0,0.0,0.0,20.0,0,0,0-0
"Beverages, chocolate-flavor beverage mix, powder, prepared with whole milk",3.24,1.86,11.96,3.23,0.4,89.9,0,0,0-0
"Beverages, coffee, ready to drink, milk based, sweetened",1.38,0.0,12.6,1.98,0.0,70.7,0,0,0-0
"Beverages, coffee, brewed, breakfast blend",0.0,0.0,0.17,0.3,0.0,1.9,0,0,0-0
"Beverages, Clam and tomato juice, canned",0.2,0.0,10.95,0.6,0.4,48.0,0,0,0-0
"Beverages, tea, green, ready to drink, ginseng and honey, sweetened",0.18,0.0,7.16,0.0,0.0,30.3,0,0,0-0
"Beverages, The COCA-COLA company, Minute Maid, Lemonade",0.0,0.0,12.08,0.0,0.0,48.3,0,0,0-0
"Beverages, tea, green, ready-to-drink, diet",0.0,0.0,0.93,0.0,0.0,3.7,0,0,0-0
"Beverages, tea, black, ready-to-drink, lemon, sweetened",0.22,0.0,10.8,0.0,0.0,45.2,0,0,0-0
"Beverages, coffee, brewed, prepared with tap water, decaffeinated",0.0,0.002,0.0,0.1,0.0,0.4,0,0,0-0
"Beverages, coffee, brewed, prepared with tap water",0.02,0.002,0.0,0.12,0.0,0.7,0,0,0-0
"Beverages, coffee, brewed, espresso, restaurant-prepared",0.18,0.092,1.67,0.12,0.0,8.8,0,0,0-0
"Beverages, tea, black, ready-to-drink, lemon, diet",0.0,0.0,0.22,0.0,0.0,0.9,0,0,0-0
"Beverages, coffee, instant, decaffeinated, prepared with water",0.0,0.001,0.43,0.12,0.0,2.2,0,0,0-0
"Beverages, OCEAN SPRAY, Cranberry-Apple Juice Drink, bottled",0.0,0.001,13.68,0.29,0.6,55.9,0,0,0-0
"Beverages, OCEAN SPRAY, Diet Cranberry Juice",0.0,0.001,0.8,0.07,0.6,3.5,0,0,0-0
"Beverages, OCEAN SPRAY, Cran Raspberry Juice Drink",0.0,0.001,11.96,0.28,0.6,49.0,0,0,0-0
"Beverages, OCEAN SPRAY, Cran Lemonade",0.0,0.001,11.12,0.07,0.6,44.8,0,0,0-0
"Beverages, OCEAN SPRAY, Diet Cran Cherry",0.0,0.001,0.7,0.21,0.6,3.6,0,0,0-0
"Beverages, cranberry-grape juice drink, bottled",0.1,0.033,14.0,0.2,0.1,57.7,0,0,0-0
"Cranberry juice cocktail, bottled",0.1,0.009,13.52,0.0,0.0,55.0,0,0,0-0
"Cranberry juice cocktail, bottled, low calorie, with calcium, saccharin and corn sweetener",0.01,0.0,4.6,0.02,0.0,18.6,0,0,0-0
"Beverages, Eggnog-flavor mix, powder, prepared with whole milk",3.02,1.701,14.2,2.93,0.0,95.7,0,0,0-0
"Alcoholic beverages, beer, higher alcohol",0.0,0.0,0.27,0.9,0.0,4.7,0,0,0-0
"Beverages, Malt liquor beverage",0.0,0.0,0.0,0.35,0.0,1.4,0,0,0-0
"Alcoholic beverages, wine, rose",0.0,0.0,3.8,0.36,0.0,16.6,0,0,0-0
"Beverages, OCEAN SPRAY, Cran Pomegranate",0.01,0.001,12.56,0.07,0.6,50.6,0,0,0-0
"Beverages, tea, green, brewed, decaffeinated",0.0,0.0,0.0,0.0,0.0,0.0,0,0,0-0
"Beverages, tea, green, ready to drink, unsweetened",0.0,0.0,0.0,0.0,0.0,0.0,0,0,0-0
"Beverages, citrus fruit juice drink, frozen concentrate",0.1,0.007,40.2,1.2,0.2,166.5,0,1,0-1
"Beverages, citrus fruit juice drink, frozen concentrate, prepared with water",0.03,0.002,11.42,0.34,0.1,47.3,0,0,0-0
"Beverages, fruit punch drink, without added nutrients, canned",0.0,0.0,11.97,0.0,0.0,47.9,0,0,0-0
"Beverages, Tropical Punch, ready-to-drink",0.0,0.0,2.5,0.0,0.0,10.0,0,0,0-0
"Beverages, grape drink, canned",0.0,0.0,15.72,0.0,0.0,62.9,0,0,0-0
"Beverages, tea, green, brewed, regular",0.0,0.0,0.0,0.22,0.0,0.9,0,0,0-0
"Alcoholic beverage, distilled, all (gin, rum, vodka, whiskey) 86 proof",0.0,0.0,0.1,0.0,0.0,0.4,0,0,0-0
"Alcoholic beverage, distilled, all (gin, rum, vodka, whiskey) 90 proof",0.0,0.0,0.0,0.0,0.0,0.0,0,0,0-0
"Carbonated beverage, chocolate-flavored soda",0.0,0.0,10.7,0.0,0.0,42.8,0,0,0-0
"Beverages, water, bottled, non-carbonated, EVIAN",0.0,0.0,0.0,0.0,0.0,0.0,0,0,0-0
"Beverages, Powerade Zero Ion4, calorie-free, assorted flavors",0.0,0.0,0.0,0.0,0.0,0.0,0,0,0-0
"Beverages, WENDY'S, tea, ready-to-drink, unsweetened",0.0,0.0,0.0,0.22,0.0,0.9,0,0,0-0
"Alcoholic Beverage, wine, table, red, Merlot",0.0,0.0,2.51,0.07,0.0,10.3,0,0,0-0
"Water, non-carbonated, bottles, natural fruit flavors, sweetened with low calorie sweetener",0.0,0.0,0.13,0.0,0.0,0.5,0,0,0-0
"Beverages, V8 SPLASH Juice Drinks, Diet Tropical Blend",0.0,0.0,1.26,0.0,0.0,5.0,0,0,0-0
"Beverages, V8 V-FUSION Juices, Peach Mango",0.0,0.0,11.38,0.41,0.0,47.2,0,0,0-0
"Beverages, V8 V-FUSION Juices, Strawberry Banana",0.0,0.0,11.79,0.41,0.0,48.8,0,0,0-0
"Beverages, Energy Drink, Monster, fortified with vitamins C, B2, B3, B6, B12",0.0,0.0,11.28,0.47,0.0,47.0,0,0,0-0
"Beverages, Energy drink, AMP, sugar free",0.0,0.0,1.03,0.0,0.0,4.1,0,0,0-0
"Beverages, Energy drink, ROCKSTAR",0.22,0.0,12.7,0.34,0.0,54.1,0,0,0-0
"Beverages, Energy drink, ROCKSTAR, sugar free",0.08,0.0,0.7,0.25,0.0,4.5,0,0,0-0
"Water, with corn syrup and/or sugar and low calorie sweetener, fruit flavored",0.0,0.0,4.5,0.0,0.0,18.0,0,0,0-0
"Beverages, Horchata, as served in restaurant",0.71,0.0,11.52,0.48,0.0,54.4,0,0,0-0
"Beverages, rice milk, unsweetened",0.97,0.0,9.17,0.28,0.3,46.5,0,0,0-0
"Beverages, Energy drink, VAULT, citrus flavor",0.0,0.0,12.99,0.0,0.0,52.0,0,0,0-0
"Beverages, Fruit flavored drink, reduced sugar, greater than 3% fruit juice, high vitamin C, added calcium",0.37,0.0,6.67,0.0,0.0,30.0,0,0,0-0
"Beverages, fruit juice drink, greater than 3% fruit juice, high vitamin C and added thiamin",0.0,0.0,13.16,0.13,0.1,53.2,0,0,0-0
"Beverages, tea, hibiscus, brewed",0.0,0.0,0.0,0.0,0.0,0.0,0,0,0-0
"Beverages, fruit juice drink, greater than 3% juice, high vitamin C",0.11,0.017,11.35,0.13,0.1,46.9,0,0,0-0
"Fish, gefiltefish, commercial, sweet recipe",1.73,0.412,7.41,9.07,0.0,81.5,0,0,0-0
"Crustaceans, shrimp, mixed species, imitation, made from surimi",1.47,0.29,9.13,12.39,0.0,99.3,0,1,0-1
"Mollusks, clam, mixed species, canned, liquid",0.02,0.002,0.1,0.4,0.0,2.2,0,0,0-0
"Mollusks, oyster, eastern, wild, raw",1.71,0.474,2.72,5.71,0.0,49.1,0,0,0-0
"Mollusks, oyster, eastern, wild, cooked, moist heat",3.42,0.948,5.45,11.42,0.0,98.3,0,1,0-1
"Mollusks, oyster, eastern, canned",2.47,0.631,3.91,7.06,0.0,66.1,0,0,0-0
"Pasta, cooked, unenriched, with added salt",0.93,0.176,30.59,5.8,1.8,153.9,0,1,0-1
"Pasta, whole grain, 51% whole wheat, remaining enriched semolina, cooked (Includes foods for USDA's Food Distribution Program)",1.48,0.0,30.87,5.67,4.5,159.5,0,1,0-1
"Pasta, gluten-free, brown rice flour, cooked, TINKYADA",1.67,0.203,32.2,3.46,1.7,157.7,0,1,0-1
"Pasta, gluten-free, corn flour and quinoa flour, cooked, ANCIENT HARVEST",2.07,0.152,31.11,3.23,3.3,156.0,0,1,0-1
"Fast foods, english muffin, with egg, cheese, and canadian bacon",9.66,3.592,21.67,13.64,0.4,228.2,0,1,0-1
"Fast foods, sundae, strawberry",5.13,2.444,29.18,4.09,0.0,179.2,0,1,0-1
"Fast foods, burrito, with beans and cheese",6.05,2.309,31.23,7.35,4.2,208.8,0,1,0-1
"PIZZA HUT 12"" Cheese Pizza, Hand-Tossed Crust",10.89,5.04,31.22,11.93,1.8,270.6,0,1,0-1
"PIZZA HUT 12"" Cheese Pizza, Pan Crust",12.56,5.184,29.93,11.73,1.7,279.7,0,1,0-1
"DOMINO'S 14"" Pepperoni Pizza, Classic Hand-Tossed Crust",11.18,4.779,31.86,11.25,2.1,273.1,0,1,0-1
"DOMINO'S 14"" Pepperoni Pizza, Ultimate Deep Dish Crust",12.1,4.856,31.89,11.52,2.4,282.5,0,1,0-1
"DOMINO'S 14"" EXTRAVAGANZZA FEAST Pizza, Classic Hand-Tossed Crust",11.1,4.386,25.72,10.33,2.0,244.1,0,1,0-1
"LITTLE CAESARS 14"" Original Round Cheese Pizza, Regular Crust",9.54,4.206,31.5,13.39,1.7,265.4,0,1,0-1
"LITTLE CAESARS 14"" Original Round Pepperoni Pizza, Regular Crust",10.5,4.541,31.01,13.59,1.7,272.9,0,1,0-1
"LITTLE CAESARS 14"" Original Round Meat and Vegetable Pizza, Regular Crust",11.35,4.561,23.1,12.12,2.1,243.0,0,1,0-1
"LITTLE CAESARS 14"" Cheese Pizza, Large Deep Dish Crust",10.22,4.237,30.1,12.63,1.3,262.9,0,1,0-1
"PIZZA HUT 14"" Super Supreme Pizza, Hand-Tossed Crust",10.95,4.217,26.01,11.34,2.3,248.0,0,1,0-1
"Fast Food, Pizza Chain, 14"" pizza, meat and vegetable topping, regular crust",10.9,4.407,25.38,11.02,2.2,243.7,0,1,0-1
"Fast foods, griddle cake sandwich, egg, cheese, and bacon",13.19,4.121,26.19,12.03,0.8,271.6,0,1,0-1
"McDONALD'S, Vanilla Reduced Fat Ice Cream Cone",4.86,2.41,26.36,4.24,0.1,166.1,0,1,0-1
"McDONALD'S, Strawberry Sundae",3.95,2.008,28.09,3.19,0.0,160.7,0,1,0-1
"McDONALD'S, BIG MAC (without Big Mac Sauce)",11.57,4.162,21.01,12.79,1.7,239.3,0,1,0-1
McDONALD'S Bacon Ranch Salad with Crispy Chicken,6.3,1.622,6.08,8.82,1.0,116.3,0,1,0-1
"McDONALD'S, Bacon Ranch Salad without chicken",3.64,1.507,4.2,4.14,1.5,66.1,0,0,0-0
"McDONALD'S, Side Salad",0.19,0.02,4.3,1.03,1.6,23.0,0,0,0-0
"McDONALD'S, Fruit 'n Yogurt Parfait",1.3,0.041,20.72,2.73,1.0,105.5,0,0,0-0
"Light Ice Cream, soft serve, blended with cookie pieces",5.66,2.754,25.55,3.97,0.1,169.0,0,1,0-1
"POPEYES, Coleslaw",11.18,1.887,14.12,0.98,1.7,161.0,0,1,0-1
"Spaghetti with meat sauce, frozen entree",1.01,0.35,15.24,5.05,1.8,90.2,0,0,0-0
"Beef macaroni with tomato sauce, frozen entree, reduced fat",1.96,0.443,17.99,5.89,1.4,113.2,0,1,0-1
"Pasta with Sliced Franks in Tomato Sauce, canned entree",2.38,0.791,12.7,4.37,1.6,89.7,0,0,0-0
"Turkey Pot Pie, frozen entree",8.8,2.88,17.7,6.5,1.1,176.0,0,1,0-1
"Broadbeans, immature seeds, cooked, boiled, drained, without salt",0.5,0.142,10.1,4.8,3.6,64.1,0,0,0-0
"Butterbur, cooked, boiled, drained, without salt",0.02,0.0,2.16,0.23,0.0,9.7,0,0,0-0
"Potatoes, o'brien, frozen, unprepared",0.14,0.032,17.47,1.83,1.9,78.5,0,0,0-0
"Potatoes, o'brien, frozen, prepared",13.21,3.313,21.86,2.22,1.7,215.2,0,1,0-1
"Vinespinach, (basella), raw",0.3,0.0,3.4,1.8,0.0,23.5,0,0,0-0
"Borage, cooked, boiled, drained, without salt",0.81,0.197,3.55,2.09,0.0,29.8,0,0,0-0
"Yogurt, Greek, 2% fat, apricot, CHOBANI",1.71,1.03,12.15,7.22,0.6,92.9,0,0,0-0
"Yogurt, Greek, 2% fat,mixed berry blend, CHOBANI",1.83,1.1,10.94,8.26,0.6,93.3,0,0,0-0
"Yogurt, Greek, fruit, whole milk",3.0,1.599,12.29,7.33,0.0,105.5,0,1,0-1
"Yogurt, Greek, vanilla, lowfat",2.5,1.465,9.54,8.64,0.0,95.2,0,0,0-0
"Yogurt, frozen, flavors other than chocolate, lowfat",2.5,1.509,21.0,8.0,0.0,138.5,0,1,0-1
"Yogurt, Greek, 2% fat, pineapple, CHOBANI",1.82,1.12,12.27,7.05,0.7,93.7,0,0,0-0
"Milk, chocolate, lowfat, reduced sugar",1.04,0.616,7.68,3.43,0.0,53.8,0,0,0-0
"Yogurt, Greek, 2% fat, strawberry banana, CHOBANI",1.71,1.03,10.24,8.0,0.7,88.4,0,0,0-0
"Yogurt, Greek, nonfat, Fruit on Bottom, Pomegranate, CHOBANI",0.18,0.1,12.13,7.45,0.8,79.9,0,0,0-0
"Yogurt, Greek, Blueberry, CHOBANI",0.24,0.037,12.78,7.23,0.5,82.2,0,0,0-0
"Yogurt, Greek, nonfat, Fruit on Bottom, Strawberry, CHOBANI",0.23,0.15,11.86,7.28,0.4,78.6,0,0,0-0
"Yogurt, Greek, nonfat, Fruit on Bottom, Blackberry, CHOBANI",0.37,0.19,15.43,7.54,0.4,95.2,0,0,0-0
"Yogurt, Greek, 2%fat, coconut blend, CHOBANI",1.71,0.0,11.04,8.11,0.5,92.0,0,0,0-0
Ice cream sundae cone,14.0,2.717,28.89,3.0,1.0,253.6,0,1,0-1
"Light ice cream, Creamsicle",3.08,1.813,32.75,1.54,0.0,164.9,0,1,0-1
"Cream, half and half, lowfat",5.0,3.276,3.33,3.33,0.0,71.6,0,0,0-0
"Yogurt, Greek, whole, plain, CHOBANI",4.01,2.46,3.24,8.24,0.8,82.0,0,0,0-0
"Yogurt, Greek, nonfat, lemon blend, CHOBANI",0.15,0.09,10.66,8.62,0.5,78.5,0,0,0-0
"Yogurt, Greek, nonfat, peach, CHOBANI",0.11,0.06,11.9,7.76,0.7,79.6,0,0,0-0
"Yogurt, Greek, nonfat, plain, CHOBANI",0.24,0.145,3.43,9.53,0.2,54.0,0,0,0-0
"Yogurt, Greek, nonfat, raspberry, CHOBANI",0.22,0.13,11.98,7.65,0.5,80.5,0,0,0-0
"Salad dressing, mayonnaise-type, light",10.0,1.484,16.4,0.65,0.0,158.2,0,1,0-1
"Custard-apple, (bullock's-heart), raw",0.6,0.231,25.2,1.7,2.4,113.0,0,0,0-0
"Beef Pot Pie, frozen entree, prepared",11.39,4.149,22.05,7.25,0.8,219.7,0,1,0-1
"Pizza, meat topping, thick crust, frozen, cooked",11.52,4.283,30.76,11.76,2.3,273.8,0,1,0-1
"Chili con carne with beans, canned entree",3.47,1.253,13.1,5.8,3.3,106.8,0,0,0-0
"Chili, no beans, canned entree",7.1,2.255,6.1,7.53,0.5,118.4,0,1,0-1
"Spaghetti, with meatballs in tomato sauce, canned",4.11,1.459,11.45,4.37,2.7,100.3,0,0,0-0
"Pasta with tomato sauce, no meat, canned",0.71,0.167,13.94,2.22,0.9,71.0,0,0,0-0
"Lasagna with meat & sauce, low-fat, frozen entree",2.23,0.967,13.5,6.81,1.3,101.3,0,0,0-0
"Egg rolls, pork, refrigerated, heated",8.18,1.65,28.49,9.94,0.0,227.3,0,1,0-1
"Egg rolls, chicken, refrigerated, heated",4.51,0.964,28.54,10.44,2.4,196.5,0,1,0-1
"Egg rolls, vegetable, frozen, prepared",6.97,1.138,31.77,5.95,2.4,213.6,0,1,0-1
"Lasagna, Vegetable, frozen, baked",6.04,2.866,14.18,6.87,1.9,138.6,0,1,0-1
"HOT POCKETS, meatballs & mozzarella stuffed sandwich, frozen",10.23,3.93,30.68,9.32,2.2,252.1,0,1,0-1
"LEAN POCKETS, Ham N Cheddar",6.53,2.389,32.52,10.28,1.7,230.0,0,1,0-1
"Lean Pockets, Meatballs & Mozzarella",7.7,3.087,32.28,10.49,2.0,240.4,0,1,0-1
"Chili with beans, microwavable bowls",3.68,1.372,10.88,5.85,2.9,100.0,0,0,0-0
"Ravioli, cheese with tomato sauce, frozen, not prepared, includes regular and light entrees",2.61,1.191,17.31,4.52,1.4,110.8,0,1,0-1
"Lasagna with meat sauce, frozen, prepared",4.92,2.348,15.36,7.28,1.7,134.8,0,1,0-1
"Cheese, cottage, creamed, large or small curd",4.3,1.718,3.38,11.12,0.0,96.7,0,1,0-1
"Cheese, cottage, creamed, with fruit",3.85,2.311,4.61,10.69,0.2,95.8,0,1,0-1
"Cheese, cottage, nonfat, uncreamed, dry, large or small curd",0.29,0.169,6.66,10.34,0.0,70.6,0,0,0-0
"Cheese, cottage, lowfat, 2% milkfat",2.27,1.235,4.76,10.45,0.0,81.3,0,0,0-0
"Egg, white, raw, fresh",0.17,0.0,0.73,10.9,0.0,48.1,0,0,0-0
"Milk, reduced fat, fluid, 2% milkfat, with added nonfat milk solids, without added vitamin A",1.98,1.232,5.49,3.95,0.0,55.6,0,0,0-0
"Milk, canned, evaporated, with added vitamin A",7.56,4.591,10.04,6.81,0.0,135.4,0,1,0-1
"Cheese substitute, mozzarella",12.22,3.711,23.67,11.47,0.0,250.5,0,1,0-1
"Egg, white, raw, frozen, pasteurized",0.0,0.0,1.04,10.2,0.0,45.0,0,0,0-0
"Milk, reduced fat, fluid, 2% milkfat, without added vitamin A and vitamin D",1.98,1.257,4.8,3.3,0.0,50.2,0,0,0-0
"Cheese, cream, fat free",1.0,0.644,7.66,15.69,0.0,102.4,0,1,0-1
"Yogurt, chocolate, nonfat milk",0.0,0.0,23.53,3.53,1.2,108.2,0,0,0-0
KRAFT BREAKSTONE'S Reduced Fat Sour Cream,12.0,7.6,6.5,4.5,0.1,152.0,0,1,0-1
KRAFT BREAKSTONE'S FREE Fat Free Sour Cream,1.3,0.8,15.1,4.7,0.0,90.9,0,0,0-0
"Cream, half and half, fat free",1.4,0.841,9.0,2.6,0.0,59.0,0,0,0-0
Reddi Wip Fat Free Whipped Topping,5.0,2.869,25.0,3.0,0.4,157.0,0,1,0-1
"Milk, whole, 3.25% milkfat, without added vitamin A and vitamin D",3.27,1.865,4.78,3.15,0.0,61.2,0,0,0-0
"Yogurt, fruit, lowfat, with low calorie sweetener, fortified with vitamin D",1.41,0.909,18.6,4.86,0.0,106.5,0,0,0-0
"Yogurt, vanilla, low fat, fortified with vitamin D",1.25,0.806,13.8,4.93,0.0,86.2,0,0,0-0
"Yogurt, vanilla or lemon flavor, nonfat milk, sweetened with low-calorie sweetener, fortified with vitamin D",0.18,0.116,7.5,3.86,0.0,47.1,0,0,0-0
"Yogurt, chocolate, nonfat milk, fortified with vitamin D",0.0,0.0,23.53,3.53,1.2,108.2,0,0,0-0
"Milk, buttermilk, fluid, whole",3.31,1.899,4.88,3.21,0.0,62.2,0,0,0-0
Ice cream sandwich,8.57,2.317,37.14,4.29,0.0,242.8,0,1,0-1
Ice cream cookie sandwich,7.4,1.663,39.6,3.7,1.2,239.8,0,1,0-1
"Ice cream sandwich, made with light ice cream, vanilla",3.04,0.821,39.64,4.29,0.0,203.1,0,1,0-1
"Basil, fresh",0.64,0.041,2.65,3.15,1.6,29.0,0,0,0-0
"Dill weed, fresh",1.12,0.06,7.02,3.46,2.1,52.0,0,0,0-0
"Mustard, prepared, yellow",3.34,0.214,5.83,3.74,4.0,68.3,0,0,0-0
"Vanilla extract, imitation, alcohol",0.0,0.0,2.41,0.05,0.0,9.8,0,0,0-0
"Vanilla extract, imitation, no alcohol",0.0,0.0,14.4,0.03,0.0,57.7,0,0,0-0
"Vinegar, distilled",0.0,0.0,0.04,0.0,0.0,0.2,0,0,0-0
"Capers, canned",0.86,0.233,4.89,2.36,3.2,36.7,0,0,0-0
"Vinegar, red wine",0.0,0.0,0.27,0.04,0.0,1.2,0,0,0-0
"Seasoning mix, dry, sazon, coriander & annatto",0.0,0.0,0.0,0.0,0.0,0.0,0,0,0-0
"Babyfood, meat, beef, junior",2.52,1.18,2.43,12.03,0.0,80.5,0,0,0-0
"Babyfood, meat, veal, strained",2.45,1.063,1.51,13.12,0.0,80.6,0,0,0-0
"Babyfood, meat, ham, strained",3.8,1.267,3.7,11.3,0.0,94.2,0,0,0-0
"Babyfood, meat, turkey, strained",6.2,1.641,1.4,11.5,0.0,107.4,0,1,0-1
"Babyfood, meat, turkey, junior",6.2,1.641,1.4,11.5,0.0,107.4,0,1,0-1
"Babyfood, water, bottled, GERBER, without added fluoride",0.0,0.0,0.0,0.0,0.0,0.0,0,0,0-0
"Babyfood, GERBER, 3rd Foods, apple, mango and kiwi",0.0,0.0,12.88,0.47,2.0,53.4,0,0,0-0
"Babyfood, tropical fruit medley",0.14,0.0,12.22,0.31,1.3,51.4,0,0,0-0
"Babyfood, ravioli, cheese filled, with tomato sauce",2.2,0.96,16.3,3.6,0.1,99.4,0,0,0-0
"Babyfood, dinner, beef noodle, strained",2.26,0.937,8.18,2.44,1.3,62.8,0,0,0-0
"Babyfood, macaroni and cheese, toddler",2.6,1.53,11.2,3.5,0.5,82.2,0,0,0-0
"Babyfood, dinner, beef with vegetables",6.93,2.84,6.36,2.03,1.8,95.9,0,0,0-0
"Babyfood, dinner, vegetables and lamb, junior",1.7,0.696,7.1,2.1,1.1,52.1,0,0,0-0
"Babyfood, dinner, chicken noodle, strained",3.22,0.341,7.81,3.53,1.7,74.3,0,0,0-0
"Babyfood, dinner, chicken noodle, junior",3.23,0.341,7.8,3.53,1.7,74.4,0,0,0-0
"Babyfood, dinner, vegetables, noodles and chicken, junior",2.2,0.0,9.1,1.7,1.1,63.0,0,0,0-0
"Babyfood, dinner, pasta with vegetables",2.1,1.23,8.4,1.7,1.5,59.3,0,0,0-0
"Babyfood, dinner, vegetables and noodles and turkey, strained",1.2,0.0,6.8,1.2,1.1,42.8,0,0,0-0
"Babyfood, dinner, vegetables and noodles and turkey, junior",1.5,0.0,7.6,1.8,1.1,51.1,0,0,0-0
"Babyfood, dinner, turkey and rice, strained",1.24,0.338,7.94,2.27,0.9,52.0,0,0,0-0
"Babyfood, dinner, macaroni and cheese, junior",2.0,1.175,8.2,2.6,0.3,61.2,0,0,0-0
"Babyfood, vegetables, green beans, strained",0.17,0.039,6.29,1.2,2.2,31.5,0,0,0-0
"Babyfood, vegetables, green beans, junior",0.1,0.023,5.8,1.2,1.9,28.9,0,0,0-0
"Babyfood, green beans, dices, toddler",0.2,0.044,5.7,1.2,1.3,29.4,0,0,0-0
"Babyfood, vegetables, squash, strained",0.2,0.02,5.73,0.81,0.9,28.0,0,0,0-0
"Babyfood, vegetables, squash, junior",0.2,0.02,5.73,0.81,0.9,28.0,0,0,0-0
"Babyfood, vegetables, sweet potatoes strained",0.1,0.021,13.2,1.1,1.5,58.1,0,0,0-0
"Babyfood, vegetables, sweet potatoes, junior",0.1,0.021,14.0,1.1,1.5,61.3,0,0,0-0
"Babyfood, fruit, applesauce, junior",0.0,0.0,10.3,0.0,1.7,41.2,0,0,0-0
"Babyfood, fruit, apricot with tapioca, strained",0.0,0.0,16.3,0.3,1.5,66.4,0,0,0-0
"Babyfood, vegetables, corn, creamed, strained",0.4,0.076,14.1,1.4,2.1,65.6,0,0,0-0
"Babyfood, dinner, mixed vegetable, junior",0.11,0.0,7.88,1.01,1.0,36.6,0,0,0-0
"Babyfood, fruit, bananas with tapioca, junior",0.2,0.076,17.8,0.4,1.6,74.6,0,0,0-0
"Babyfood, vegetables, mix vegetables junior",0.4,0.079,8.2,1.4,1.5,42.0,0,0,0-0
"Babyfood, vegetables, garden vegetable, strained",0.2,0.035,6.8,2.3,1.5,38.2,0,0,0-0
"Babyfood, plums, bananas and rice, strained",0.3,0.06,12.7,1.1,1.3,57.9,0,0,0-0
"Babyfood, dinner, turkey, rice, and vegetables, toddler",1.6,0.5,7.5,3.8,0.8,59.6,0,0,0-0
"Babyfood, dinner, apples and chicken, strained",1.38,0.347,10.88,2.16,1.8,64.6,0,0,0-0
"Babyfood, dinner, broccoli and chicken, junior",2.48,0.51,6.34,3.59,1.4,62.0,0,0,0-0
"Babyfood, cereal, barley, prepared with whole milk",3.26,1.76,9.94,3.73,0.6,84.0,0,0,0-0
"Babyfood, cereal, oatmeal, with bananas, prepared with whole milk",3.46,1.82,10.0,3.82,0.4,86.4,0,0,0-0
"Babyfood, cereal, rice, prepared with whole milk",3.38,1.793,10.31,3.45,0.0,85.5,0,0,0-0
"Infant formula, MEAD JOHNSON, ENFAMIL, Infant, with iron, liquid concentrate, with ARA and DHA, reconstituted",3.5,1.48,7.86,1.31,0.0,68.2,0,0,0-0
"Infant formula, MEAD JOHNSON, ENFAMIL LIPIL, with iron, ready-to-feed, with ARA and DHA",3.5,1.453,7.1,1.38,0.0,65.4,0,0,0-0
"Infant formula, MEAD JOHNSON, ENFAMIL, LIPIL, low iron, ready to feed, with ARA and DHA",3.5,1.453,7.18,1.38,0.0,65.7,0,0,0-0
"Infant formula, MEAD JOHNSON, ENFAMIL, Infant, ready-to-feed, with ARA and DHA",3.5,1.48,7.86,1.31,0.0,68.2,0,0,0-0
"Infant formula, MEAD JOHNSON, ENFAMIL, NUTRAMIGEN, with iron, ready-to-feed, with ARA and DHA",3.5,1.48,7.21,1.83,0.0,67.7,0,0,0-0
"Infant formula, ABBOTT NUTRITION, SIMILAC, ALIMENTUM, with iron, ready-to-feed",3.63,1.838,6.77,1.8,0.0,67.0,0,0,0-0
"Infant formula, ABBOTT NUTRITION, SIMILAC, with iron, liquid concentrate, not reconstituted",6.89,2.401,13.76,2.64,0.0,127.6,0,1,0-1
"Child formula, ABBOTT NUTRITION, PEDIASURE, ready-to-feed",4.77,1.256,11.15,2.86,0.0,99.0,0,0,0-0
"Infant formula, MEAD JOHNSON, NEXT STEP, PROSOBEE, LIPIL, ready to feed, with ARA and DHA",2.91,1.242,8.09,2.14,0.0,67.1,0,0,0-0
"Babyfood, corn and sweet potatoes, strained",0.28,0.053,15.23,1.26,1.8,68.5,0,0,0-0
"Infant formula, ABBOTT NUTRITION, SIMILAC, ALIMENTUM, ADVANCE, ready-to-feed, with ARA and DHA",3.63,1.838,6.77,1.8,0.0,67.0,0,0,0-0
"Infant formula, PBM PRODUCTS, store brand, ready-to-feed",3.5,1.6,6.39,1.4,0.0,62.7,0,0,0-0
"Infant formula, PBM PRODUCTS, store brand, liquid concentrate, not reconstituted",7.0,3.2,13.9,2.9,0.0,130.2,0,1,0-1
"Infant formula, MEAD JOHNSON, ENFAMIL, AR, ready-to-feed, with ARA and DHA",3.3,1.38,8.73,1.64,0.4,71.2,0,0,0-0
"Infant formula, ABBOTT NUTRITION, SIMILAC NEOSURE, ready-to-feed, with ARA and DHA",3.77,2.447,6.94,1.92,0.0,69.4,0,0,0-0
"Infant formula, ABBOTT NUTRITION, SIMILAC, SENSITIVE (LACTOSE FREE) ready-to-feed, with ARA and DHA",3.74,2.43,7.4,1.48,0.0,69.2,0,0,0-0
"Infant formula, ABBOTT NUTRITION, SIMILAC, ADVANCE, with iron, liquid concentrate, not reconstituted",6.89,2.401,13.52,2.64,0.0,126.6,0,1,0-1
"Margarine-like, vegetable oil spread, fat free, liquid, with salt",3.0,0.416,2.5,1.5,0.0,43.0,0,0,0-0
"Margarine-like, vegetable oil spread, fat-free, tub",3.04,2.128,4.34,0.1,0.0,45.1,0,0,0-0
"Margarine-like, vegetable oil spread, 20% fat, with salt",19.5,2.87,0.4,0.0,0.0,177.1,0,1,0-1
"Margarine-like, vegetable oil spread, 20% fat, without salt",19.5,2.87,0.4,0.0,0.0,177.1,0,1,0-1
"Salad dressing, thousand island dressing, fat-free",1.45,0.198,29.27,0.55,3.3,132.3,0,1,0-1
"Lentils, mature seeds, cooked, boiled, without salt",0.38,0.053,20.13,9.02,7.9,120.0,0,1,0-1
"Lima beans, thin seeded (baby), mature seeds, cooked, boiled, without salt",0.38,0.088,23.31,8.04,7.7,128.8,0,1,0-1
"Lupins, mature seeds, cooked, boiled, without salt",2.92,0.346,9.88,15.57,2.8,128.1,0,1,0-1
"Mungo beans, mature seeds, cooked, boiled, without salt",0.55,0.038,18.34,7.54,6.4,108.5,0,1,0-1
"Peas, split, mature seeds, cooked, boiled, without salt",0.39,0.054,21.1,8.34,8.3,121.3,0,1,0-1
"Pigeon peas (red gram), mature seeds, cooked, boiled, without salt",0.38,0.083,23.25,6.76,6.7,123.5,0,1,0-1
"Refried beans, canned, traditional style",2.01,0.631,13.55,4.98,3.7,92.2,0,0,0-0
Miso,6.01,1.025,25.37,12.79,5.4,206.7,0,1,0-1
"Soymilk, original and vanilla, unfortified",1.75,0.205,6.28,3.27,0.6,54.0,0,0,0-0
"Tofu, firm, prepared with calcium sulfate and magnesium chloride (nigari)",4.17,0.793,2.85,9.04,0.9,85.1,0,0,0-0
"Tofu, soft, prepared with calcium sulfate and magnesium chloride (nigari)",3.69,0.533,1.18,7.17,0.2,66.6,0,0,0-0
"Hummus, home prepared",8.59,1.141,20.12,4.86,4.0,177.2,0,1,0-1
"Soymilk, original and vanilla, with added calcium, vitamins A and D",1.47,0.205,4.92,2.6,0.2,43.3,0,0,0-0
"MORI-NU, Tofu, silken, firm",2.7,0.406,2.4,6.9,0.1,61.5,0,0,0-0
"MORI-NU, Tofu, silken, extra firm",1.9,0.3,2.0,7.4,0.1,54.7,0,0,0-0
"MORI-NU, Tofu, silken, lite firm",0.8,0.133,1.1,6.3,0.0,36.8,0,0,0-0
"MORI-NU, Tofu, silken, lite extra firm",0.7,0.116,1.0,7.0,0.0,38.3,0,0,0-0
"Refried beans, canned, fat-free",0.45,0.093,13.5,5.34,4.7,79.4,0,0,0-0
"Frijoles rojos volteados (Refried beans, red, canned)",6.93,0.926,15.47,5.0,4.7,144.2,0,1,0-1
"Vitasoy USA, Nasoya Lite Firm Tofu",1.7,0.2,1.3,8.3,0.6,53.7,0,0,0-0
"Pigeon peas (red gram), mature seeds, cooked, boiled, with salt",0.38,0.083,23.25,6.76,6.7,123.5,0,1,0-1
"Soy sauce made from soy and wheat (shoyu), low sodium",0.3,0.035,5.59,9.05,0.7,61.3,0,0,0-0
"Soy sauce, reduced sodium, made from hydrolyzed vegetable protein",0.31,0.02,14.44,8.19,0.3,93.3,0,0,0-0
"Tofu, raw, regular, prepared with calcium sulfate",4.78,0.691,1.87,8.08,0.3,82.8,0,0,0-0
"Lamb, New Zealand, imported, testes, raw",2.38,0.793,0.14,11.4,0.0,67.6,0,0,0-0
"Bread, stuffing, cornbread, dry mix, prepared",8.8,1.755,21.9,2.9,2.9,178.4,0,1,0-1
"Cake, cheesecake, prepared from mix, no-bake type",12.7,6.691,35.5,5.5,1.9,278.3,0,1,0-1
"Muffins, English, whole-wheat",2.1,0.334,40.4,8.8,6.7,215.7,0,1,0-1
"French toast, frozen, ready-to-heat",6.1,1.533,32.1,7.4,1.1,212.9,0,1,0-1
"Pancakes plain, frozen, ready-to-heat (includes buttermilk)",6.83,1.162,37.75,5.23,1.0,233.4,0,1,0-1
"Pie, banana cream, prepared from recipe",13.6,3.758,32.9,4.4,0.7,271.6,0,1,0-1
"Pie, blueberry, commercially prepared",10.0,1.679,34.9,1.8,1.0,236.8,0,1,0-1
"Pie, coconut custard, commercially prepared",13.2,5.854,30.2,5.9,1.8,263.2,0,1,0-1
"Pie, egg custard, commercially prepared",11.6,2.349,20.8,5.5,1.6,209.6,0,1,0-1
"Pie, pumpkin, commercially prepared",9.75,1.988,34.83,3.9,1.8,242.7,0,1,0-1
"Pie, vanilla cream, prepared from recipe",14.4,4.03,32.6,4.8,0.6,279.2,0,1,0-1
"Leavening agents, baking powder, double-acting, sodium aluminum sulfate",0.0,0.0,27.7,0.0,0.2,110.8,0,0,0-0
"Leavening agents, baking powder, double-acting, straight phosphate",0.0,0.0,24.1,0.1,0.2,96.8,0,0,0-0
"Sauce, plum, ready-to-serve",1.04,0.153,42.81,0.89,0.7,184.2,0,1,0-1
"Sauce, pizza, canned, ready-to-serve",1.15,0.46,8.66,2.18,2.0,53.7,0,0,0-0
"Soup, tomato bisque, canned, condensed",1.95,0.42,18.47,1.76,0.8,98.5,0,0,0-0
"Soup, tomato, canned, condensed",0.44,0.115,15.22,1.46,1.1,70.7,0,0,0-0
"Soup, stock, beef, home-prepared",0.09,0.035,1.2,1.97,0.0,13.5,0,0,0-0
"Soup, stock, chicken, home-prepared",1.2,0.321,3.53,2.52,0.0,35.0,0,0,0-0
"Soup, stock, fish, home-prepared",0.81,0.203,0.0,2.26,0.0,16.3,0,0,0-0
"Soup, cream of mushroom, canned, condensed, reduced sodium",1.69,0.53,8.1,1.21,0.6,52.4,0,0,0-0
"Soup, chicken broth, less/reduced sodium, ready to serve",0.0,0.0,0.38,1.36,0.0,7.0,0,0,0-0
"Soup, beef broth, less/reduced sodium, ready to serve",0.07,0.042,0.2,1.14,0.0,6.0,0,0,0-0
"Sauce, teriyaki, ready-to-serve, reduced sodium",0.02,0.0,15.58,5.93,0.1,86.2,0,0,0-0
"Soup, cream of asparagus, canned, prepared with equal volume milk",3.3,1.34,6.61,2.55,0.3,66.3,0,0,0-0
"Soup, chicken vegetable with potato and cheese, chunky, ready-to-serve",4.46,1.636,5.2,1.16,0.3,65.6,0,0,0-0
"Soup, cream of celery, canned, prepared with equal volume milk",3.91,1.59,5.86,2.29,0.3,67.8,0,0,0-0
"Soup, cheese, canned, prepared with equal volume milk",5.8,3.63,6.47,3.77,0.4,93.2,0,0,0-0
"Soup, oyster stew, canned, prepared with equal volume milk",3.24,2.06,3.99,2.51,0.0,55.2,0,0,0-0
"Soup, pea, green, canned, prepared with equal volume milk",2.77,1.58,12.69,4.97,1.1,95.6,0,0,0-0
"Soup, cream of potato, canned, prepared with equal volume milk",2.6,1.52,6.92,2.33,0.2,60.4,0,0,0-0
"Soup, cream of shrimp, canned, prepared with equal volume low fat (2%) milk",3.23,1.93,5.64,2.78,0.1,62.7,0,0,0-0
"Soup, HEALTHY CHOICE Chicken and Rice Soup, canned",0.55,0.17,5.71,2.53,0.8,37.9,0,0,0-0
"Soup, HEALTHY CHOICE Garden Vegetable Soup, canned",0.21,0.05,10.04,2.13,1.9,50.6,0,0,0-0
"CAMPBELL'S, Cream of Mushroom Soup, condensed",5.5,0.951,6.59,1.29,0.6,81.0,0,0,0-0
"Soup, tomato bisque, canned, prepared with equal volume milk",2.63,1.25,11.73,2.51,0.2,80.6,0,0,0-0
"Soup, black bean, canned, prepared with equal volume water",0.66,0.17,7.71,2.42,3.4,46.5,0,0,0-0
"Soup, bean with pork, canned, prepared with equal volume water",2.16,0.558,8.31,2.88,2.9,64.2,0,0,0-0
"Soup, beef noodle, canned, prepared with equal volume water",1.23,0.455,3.58,1.93,0.3,33.1,0,0,0-0
"Soup, cream of celery, canned, prepared with equal volume water",2.29,0.58,3.62,0.68,0.3,37.8,0,0,0-0
"Soup, chicken gumbo, canned, prepared with equal volume water",0.59,0.13,3.43,1.08,0.8,23.4,0,0,0-0
"Soup, chicken noodle, canned, prepared with equal volume water",0.76,0.191,2.97,1.16,0.5,23.4,0,0,0-0
"Soup, chicken with rice, canned, prepared with equal volume water",0.78,0.185,2.92,1.45,0.3,24.5,0,0,0-0
"Soup, chili beef, canned, prepared with equal volume water",1.24,0.608,9.23,2.49,1.2,58.0,0,0,0-0
"CAMPBELL'S CHUNKY, Old Fashioned Vegetable Beef Soup",1.23,0.408,6.24,3.16,1.3,48.7,0,0,0-0
"Soup, minestrone, canned, prepared with equal volume water",1.04,0.23,4.66,1.77,0.4,35.1,0,0,0-0
"Soup, mushroom barley, canned, prepared with equal volume water",0.93,0.18,4.8,0.77,0.3,30.6,0,0,0-0
"Soup, cream of mushroom, canned, prepared with equal volume water",2.59,0.472,3.33,0.66,0.3,39.3,0,0,0-0
"Soup, pea, split with ham, canned, prepared with equal volume water",1.74,0.7,11.05,4.08,0.9,76.2,0,0,0-0
"Soup, cream of potato, canned, prepared with equal volume water",0.97,0.5,4.7,0.72,0.2,30.4,0,0,0-0
"Soup, cream of shrimp, canned, prepared with equal volume water",2.07,1.29,3.27,1.11,0.1,36.2,0,0,0-0
"Soup, tomato beef with noodle, canned, prepared with equal volume water",1.71,0.635,8.44,1.78,0.6,56.3,0,0,0-0
"Soup, tomato rice, canned, prepared with equal volume water",1.06,0.2,8.54,0.82,0.7,47.0,0,0,0-0
"Soup, vegetable with beef broth, canned, prepared with equal volume water",0.78,0.18,5.35,1.21,0.7,33.3,0,0,0-0
"Soup, beef broth or bouillon, powder, prepared with water",0.08,0.04,0.25,0.21,0.0,2.6,0,0,0-0
"Soup, beef broth, cubed, prepared with water",0.08,0.04,0.25,0.21,0.0,2.6,0,0,0-0
"Soup, chicken broth or bouillon, dry, prepared with water",0.23,0.057,0.3,0.28,0.0,4.4,0,0,0-0
"Soup, chicken noodle, dry, mix, prepared with water",0.55,0.122,3.67,0.84,0.1,23.0,0,0,0-0
"Sausage, turkey, pork, and beef, low fat, smoked",2.5,0.85,11.54,8.0,0.6,100.7,0,0,0-0
"Frankfurter, beef, pork, and turkey, fat free",1.59,0.5,11.21,12.5,0.0,109.2,0,1,0-1
"Scrapple, pork",13.87,4.732,14.06,8.06,0.3,213.3,0,1,0-1
"Cereals, MALT-O-MEAL, chocolate, prepared with water, without salt",0.1,0.03,9.22,1.37,0.4,43.3,0,0,0-0
"Cereals, CREAM OF WHEAT, 2 1/2 minute cook time, cooked with water, stove-top, without salt",0.2,0.051,11.74,1.44,0.7,54.5,0,0,0-0
"Cereals, CREAM OF WHEAT, 2 1/2 minute cook time, cooked with water, microwaved, without salt",0.37,0.099,10.1,1.88,0.7,51.2,0,0,0-0
"Cereals, CREAM OF WHEAT, 1 minute cook time, cooked with water, stove-top, without salt",0.42,0.106,11.16,1.65,0.4,55.0,0,0,0-0
"Cereals, CREAM OF WHEAT, 1 minute cook time, cooked with water, microwaved, without salt",0.37,0.094,10.67,1.95,1.5,53.8,0,0,0-0
"Figs, raw",0.3,0.06,19.18,0.75,2.9,82.4,0,0,0-0
"Figs, canned, water pack, solids and liquids",0.1,0.02,13.99,0.4,2.2,58.5,0,0,0-0
"Figs, canned, light syrup pack, solids and liquids",0.1,0.02,17.95,0.39,1.8,74.3,0,0,0-0
"Figs, canned, heavy syrup pack, solids and liquids",0.1,0.02,22.9,0.38,2.2,94.0,0,0,0-0
"Fruit cocktail, (peach and pineapple and pear and grape and cherry), canned, extra light syrup, solids and liquids",0.07,0.01,11.63,0.4,1.1,48.8,0,0,0-0
"Fruit cocktail, (peach and pineapple and pear and grape and cherry), canned, light syrup, solids and liquids",0.07,0.01,14.93,0.4,1.0,62.0,0,0,0-0
"Fruit cocktail, (peach and pineapple and pear and grape and cherry), canned, heavy syrup, solids and liquids",0.07,0.01,18.91,0.39,1.0,77.8,0,0,0-0
"Fruit cocktail, (peach and pineapple and pear and grape and cherry), canned, extra heavy syrup, solids and liquids",0.07,0.01,22.89,0.39,1.1,93.8,0,0,0-0
"Gooseberries, raw",0.58,0.038,10.18,0.88,4.3,49.5,0,0,0-0
"Gooseberries, canned, light syrup pack, solids and liquids",0.2,0.013,18.75,0.65,2.4,79.4,0,0,0-0
"Grapefruit, raw, pink and red and white, all areas",0.1,0.014,8.08,0.63,1.1,35.7,0,0,0-0
"Grapefruit, sections, canned, water pack, solids and liquids",0.1,0.014,9.15,0.58,0.4,39.8,0,0,0-0
"Grapefruit, sections, canned, juice pack, solids and liquids",0.09,0.012,9.21,0.7,0.4,40.4,0,0,0-0
"Grapefruit, sections, canned, light syrup pack, solids and liquids",0.1,0.014,15.44,0.56,0.4,64.9,0,0,0-0
"Grapefruit juice, pink or red, with added calcium",0.68,0.173,7.74,0.51,0.3,39.1,0,0,0-0
"Grapefruit juice, white, raw",0.1,0.014,9.2,0.5,0.1,39.7,0,0,0-0
"Grapes, muscadine, raw",0.47,0.0,13.93,0.81,3.9,63.2,0,0,0-0
"Grape juice, canned or bottled, unsweetened, with added ascorbic acid",0.13,0.025,14.77,0.37,0.2,61.7,0,0,0-0
"Grape juice, canned or bottled, unsweetened, without added ascorbic acid",0.13,0.025,14.77,0.37,0.2,61.7,0,0,0-0
"Guavas, common, raw",0.95,0.272,14.32,2.55,5.4,76.0,0,0,0-0
"Guavas, strawberry, raw",0.6,0.172,17.36,0.58,5.4,77.2,0,0,0-0
"Beverages, MONSTER energy drink, low carb",0.0,0.0,1.38,0.0,0.0,5.5,0,0,0-0
"Alcoholic beverage, whiskey sour, prepared with water, whiskey and powder mix",0.02,0.003,15.85,0.1,0.0,64.0,0,0,0-0
"Beverages, THE COCA-COLA COMPANY, NOS energy drink, Original, grape, loaded cherry, charged citrus, fortified with vitamins B6 and B12",0.0,0.0,11.25,0.0,0.0,45.0,0,0,0-0
"Beverages, water, bottled, yumberry, pomegranate with anti-oxidants, zero calories",0.0,0.0,1.25,0.0,0.0,5.0,0,0,0-0
"Alcoholic beverage, creme de menthe, 72 proof",0.3,0.014,41.6,0.0,0.0,169.1,0,1,0-1
"Beverages, NESTLE, Boost plus, nutritional drink, ready-to-drink",5.38,0.42,17.29,5.38,1.2,139.1,0,1,0-1
"Beverages, SLIMFAST, Meal replacement,  High Protein Shake, Ready-To-Drink, 3-2-1 plan",3.38,0.508,0.85,6.59,0.4,60.2,0,0,0-0
"Beverages, UNILEVER, SLIMFAST, meal replacement, regular, ready-to-drink,  3-2-1 Plan",1.93,0.54,7.74,3.32,1.6,61.6,0,0,0-0
"Beverages, FUZE, orange mango, fortified with vitamins A, C, E, B6",0.06,0.007,9.2,0.68,0.2,40.1,0,0,0-0
"Beverages, Acai berry drink, fortified",0.83,0.0,12.83,0.83,1.2,62.1,0,0,0-0
"Alcoholic beverage, wine, dessert, sweet",0.0,0.0,13.69,0.2,0.0,55.6,0,0,0-0
"Beverages, Orange juice, light, No pulp",0.0,0.0,5.42,0.21,0.0,22.5,0,0,0-0
"Beverages, The COCA-COLA company, Hi-C Flashin' Fruit Punch",0.0,0.0,12.5,0.0,0.0,50.0,0,0,0-0
"Beverages, chocolate malt, powder, prepared with fat free milk",0.17,0.112,8.64,3.25,0.0,49.1,0,0,0-0
"Alcoholic beverage, wine, table, all",0.0,0.0,2.72,0.07,0.0,11.2,0,0,0-0
"Beverages, V8 SPLASH Smoothies, Peach Mango",0.0,0.0,7.76,1.22,0.0,35.9,0,0,0-0
"Beverages, chocolate almond milk, unsweetened, shelf-stable, fortified with vitamin D2 and E",1.46,0.0,1.25,0.83,0.4,21.5,0,0,0-0
"Beverages, The COCA-COLA company, Glaceau Vitamin Water, Revive Fruit Punch, fortified",0.0,0.0,0.0,0.0,0.0,0.0,0,0,0-0
"Beverages, MINUTE MAID, Lemonada, Limeade",0.0,0.0,13.75,0.0,0.0,55.0,0,0,0-0
"Alcoholic beverage, wine, table, red",0.0,0.0,2.61,0.07,0.0,10.7,0,0,0-0
"Alcoholic Beverage, wine, table, red, Barbera",0.0,0.0,2.79,0.07,0.0,11.4,0,0,0-0
"Alcoholic Beverage, wine, table, red, Zinfandel",0.0,0.0,2.86,0.07,0.0,11.7,0,0,0-0
"Alcoholic Beverage, wine, table, red, Petite Sirah",0.0,0.0,2.68,0.07,0.0,11.0,0,0,0-0
"Alcoholic Beverage, wine, table, red, Claret",0.0,0.0,3.01,0.07,0.0,12.3,0,0,0-0
"Alcoholic beverage, wine, table, white, Chenin Blanc",0.0,0.0,3.31,0.07,0.0,13.5,0,0,0-0
"Alcoholic beverage, wine, table, white, Fume Blanc",0.0,0.0,2.27,0.07,0.0,9.4,0,0,0-0
"Beverages, Mixed vegetable and fruit juice drink, with added nutrients",0.01,0.0,7.47,0.04,0.0,30.1,0,0,0-0
"Alcoholic beverage, wine, table, white, Muller Thurgau",0.0,0.0,3.48,0.07,0.0,14.2,0,0,0-0
"Carbonated beverage, cream soda",0.0,0.0,13.3,0.0,0.0,53.2,0,0,0-0
"Alcoholic beverage, wine, table, white, Riesling",0.0,0.0,3.74,0.07,0.0,15.2,0,0,0-0
"Alcoholic beverage, wine, table, white, Sauvignon Blanc",0.0,0.0,2.05,0.07,0.0,8.5,0,0,0-0
"Beverages, carbonated, grape soda",0.0,0.0,11.2,0.0,0.0,44.8,0,0,0-0
"Beverages, carbonated, low calorie, other than cola or pepper,  without caffeine",0.0,0.0,0.0,0.1,0.0,0.4,0,0,0-0
"Beverages, carbonated, lemon-lime soda, no caffeine",0.0,0.0,10.42,0.09,0.0,42.0,0,0,0-0
"Beverages, carbonated, SPRITE, lemon-lime, without caffeine",0.02,0.0,10.14,0.05,0.0,40.9,0,0,0-0
"Beverages, carbonated, low calorie, other than cola or pepper, with aspartame, contains caffeine",0.0,0.0,0.0,0.1,0.0,0.4,0,0,0-0
"Alcoholic Beverage, wine, table, red, Burgundy",0.0,0.0,3.69,0.07,0.0,15.0,0,0,0-0
"Beverages, carbonated, pepper-type, contains caffeine",0.1,0.07,10.4,0.0,0.0,42.5,0,0,0-0
"Beverages, Energy drink, RED BULL",0.0,0.0,10.23,0.46,0.0,42.8,0,0,0-0
"Beverages, tea, black, ready to drink, decaffeinated, diet",0.0,0.0,0.83,0.0,0.0,3.3,0,0,0-0
"Beverages, tea, black, ready to drink, decaffeinated",0.0,0.0,8.75,0.0,0.0,35.0,0,0,0-0
"Beverages, grape juice drink, canned",0.0,0.0,14.55,0.0,0.1,58.2,0,0,0-0
"Lemonade, frozen concentrate, white, prepared with water",0.04,0.006,10.42,0.07,0.0,42.3,0,0,0-0
"Beverages, Malted drink mix, natural, with added nutrients, powder, prepared with whole milk",3.21,1.83,10.67,3.67,0.0,86.2,0,0,0-0
"Beverages, Malted drink mix, natural, powder, prepared with whole milk",3.62,2.039,10.23,3.86,0.1,88.9,0,0,0-0
"Beverages, orange and apricot juice drink, canned",0.1,0.01,12.7,0.3,0.1,52.9,0,0,0-0
"Beverages, pineapple and grapefruit juice drink, canned",0.1,0.006,11.6,0.2,0.1,48.1,0,0,0-0
"Beverages, pineapple and orange juice drink, canned",0.0,0.0,11.8,1.3,0.1,52.4,0,0,0-0
"Shake, fast food, vanilla",6.52,3.962,19.59,3.37,0.9,150.5,0,1,0-1
"Beverages, tea, black, brewed, prepared with tap water",0.0,0.002,0.3,0.0,0.0,1.2,0,0,0-0
"Beverages, tea, instant, lemon, diet",0.0,0.0,0.44,0.02,0.0,1.8,0,0,0-0
"Beverages, tea, herb, other than chamomile, brewed",0.0,0.002,0.2,0.0,0.0,0.8,0,0,0-0
"Beverages, water, bottled, PERRIER",0.0,0.0,0.0,0.0,0.0,0.0,0,0,0-0
"Beverages, water, bottled, POLAND SPRING",0.0,0.0,0.0,0.0,0.0,0.0,0,0,0-0
"Beverages, orange-flavor drink, breakfast type, powder, prepared with water",0.0,0.0,12.65,0.0,0.1,50.6,0,0,0-0
"Pie, apple, commercially prepared, unenriched flour",11.0,3.797,34.0,1.9,1.6,242.6,0,1,0-1
"Rice, brown, parboiled, cooked, UNCLE BENS",0.85,0.213,31.33,3.09,1.7,145.3,0,1,0-1
"Pasta, gluten-free, rice flour and rice bran extract, cooked, DE BOLES",1.7,0.0,40.75,4.21,1.9,195.1,0,1,0-1
"Pasta, gluten-free, corn and rice flour, cooked",1.0,0.15,38.05,3.2,1.4,174.0,0,1,0-1
"Fast foods, potatoes, hash browns, round pieces or patty",17.04,2.54,28.88,2.58,2.7,279.2,0,1,0-1
"Fast foods, vanilla, light, soft-serve ice cream, with cone",4.86,2.542,26.36,4.24,0.1,166.1,0,1,0-1
"Fast foods, sundae, caramel",5.98,2.91,31.81,4.71,0.0,199.9,0,1,0-1
"Fast foods, sundae, hot fudge",5.46,3.179,30.17,3.57,0.0,184.1,0,1,0-1
"Fast foods, burrito, with beans and beef",7.47,2.905,19.52,11.52,3.0,191.4,0,1,0-1
"Fast foods, burrito, with beans, cheese, and beef",6.8,2.733,23.37,7.03,3.7,182.8,0,1,0-1
"PIZZA HUT 12"" Pepperoni Pizza, Hand-Tossed Crust",11.38,5.161,31.55,12.86,1.7,280.1,0,1,0-1
"PIZZA HUT 12"" Super Supreme Pizza, Hand-Tossed Crust",10.72,4.554,25.62,10.9,2.0,242.6,0,1,0-1
"DOMINO'S 14"" Cheese Pizza, Classic Hand-Tossed Crust",8.97,4.11,33.24,10.8,2.2,256.9,0,1,0-1
"DOMINO'S 14"" Cheese Pizza, Ultimate Deep Dish Crust",9.83,4.062,33.48,10.76,2.4,265.4,0,1,0-1
"PAPA JOHN'S 14"" Cheese Pizza, Original Crust",9.25,3.871,32.74,11.53,1.9,260.3,0,1,0-1
"PAPA JOHN'S 14"" Pepperoni Pizza, Original Crust",11.86,4.908,30.04,11.97,1.2,274.8,0,1,0-1
"PAPA JOHN'S 14"" The Works Pizza, Original Crust",10.21,3.765,26.69,10.27,2.5,239.7,0,1,0-1
"LITTLE CAESARS 14"" Pepperoni Pizza, Large Deep Dish Crust",10.81,4.314,29.03,12.93,1.5,265.1,0,1,0-1
"PIZZA HUT 14"" Cheese Pizza, Hand-Tossed Crust",10.42,4.819,33.42,11.98,2.4,275.4,0,1,0-1
"PIZZA HUT 14"" Cheese Pizza, Pan Crust",11.25,4.39,32.85,10.85,2.1,276.0,0,1,0-1
"Fast Food, Pizza Chain, 14"" pizza, cheese topping, regular crust",9.69,4.465,33.33,11.39,2.3,266.1,0,1,0-1
"Fast Food, Pizza Chain, 14"" pizza, cheese topping, thick crust",10.54,4.226,33.17,10.81,2.2,270.8,0,1,0-1
"Fast Food, Pizza Chain, 14"" pizza, pepperoni topping, regular crust",11.91,5.092,31.98,11.74,2.3,282.1,0,1,0-1
"Fast Food, Pizza Chain, 14"" pizza, pepperoni topping, thick crust",12.58,4.839,31.84,11.49,2.2,286.5,0,1,0-1
"McDONALD'S, Hash Brown",16.3,2.327,28.56,2.48,2.8,270.9,0,1,0-1
"McDONALD'S, Hotcakes (plain)",5.84,1.158,38.27,6.0,1.4,229.6,0,1,0-1
"McDONALD'S, Bacon, Egg & Cheese McGRIDDLES",13.19,4.201,26.19,12.03,0.8,271.6,0,1,0-1
"McDONALD'S, Hot Caramel Sundae",4.89,2.468,33.36,3.58,0.0,191.8,0,1,0-1
"McDONALD'S, Hot Fudge Sundae",5.91,3.592,30.05,4.14,0.4,190.0,0,1,0-1
"McDONALD'S, McFLURRY with M&M'S CANDIES",6.46,3.402,26.82,4.02,0.2,181.5,0,1,0-1
"McDONALD'S, McFLURRY with OREO cookies",5.66,2.577,25.55,3.97,0.1,169.0,0,1,0-1
"McDONALD'S, McCHICKEN Sandwich",13.21,2.346,27.97,10.43,1.3,272.5,0,1,0-1
"McDONALD'S, McCHICKEN Sandwich (without mayonnaise)",8.46,1.636,30.95,11.08,1.4,244.3,0,1,0-1
"McDONALD'S, Egg McMUFFIN",9.66,3.592,21.67,13.64,1.1,228.2,0,1,0-1
"McDONALD'S, Deluxe Breakfast, with syrup and margarine",15.23,4.642,29.48,7.56,1.0,285.2,0,1,0-1
"McDONALD'S, Bacon Ranch Salad with Grilled Chicken",3.14,1.235,3.64,10.28,1.0,83.9,0,0,0-0
"McDONALD'S, Fruit 'n Yogurt Parfait (without granola)",1.13,0.004,17.67,2.47,0.9,90.7,0,0,0-0
"McDONALD'S, FILET-O-FISH (without tartar sauce)",7.62,1.773,31.08,12.47,1.0,242.8,0,1,0-1
"Fast foods, hamburger; single, large patty; with condiments, vegetables and mayonnaise",12.37,3.972,17.33,11.34,1.5,226.0,0,1,0-1
"Fast foods, hamburger; single, regular patty; double decker bun with condiments and special sauce",13.3,4.24,22.69,12.17,1.4,259.1,0,1,0-1
"Light Ice Cream, soft serve, blended with milk chocolate candies",6.46,3.633,26.82,4.02,0.2,181.5,0,1,0-1
"Macaroni and Cheese, canned entree",2.46,0.881,11.52,3.38,0.5,81.7,0,0,0-0
"HOT POCKETS, CROISSANT POCKETS Chicken, Broccoli, and Cheddar Stuffed Sandwich, frozen",8.6,2.62,30.4,8.9,1.1,234.6,0,1,0-1
"HOT POCKETS Ham 'N Cheese Stuffed Sandwich, frozen",15.0,3.545,24.69,9.16,1.5,270.4,0,1,0-1
"Ravioli, cheese-filled, canned",1.45,0.723,13.64,2.48,1.3,77.5,0,0,0-0
"Ravioli, meat-filled, with tomato sauce or meat sauce, canned",3.41,1.46,13.26,3.24,1.5,96.7,0,0,0-0
"Beef stew, canned entree",5.53,2.185,7.85,4.41,0.9,98.8,0,0,0-0
"Chicken pot pie, frozen entree, prepared",11.85,4.365,19.21,5.11,1.1,203.9,0,1,0-1
"Beef, corned beef hash, with potato, canned",10.24,4.32,9.27,8.73,1.1,164.2,0,1,0-1
"Lasagna, cheese, frozen, prepared",5.33,2.11,13.84,6.54,1.7,129.5,0,1,0-1
"Lasagna with meat & sauce, frozen entree",4.42,2.067,14.39,6.63,1.4,123.9,0,1,0-1
"Burrito, beef and bean, frozen",9.61,2.949,30.84,7.26,4.2,238.9,0,1,0-1
"Burrito, bean and cheese, frozen",6.3,1.343,34.01,7.07,3.4,221.0,0,1,0-1
"Macaroni and Cheese, canned, microwavable",5.99,3.665,13.96,5.98,0.4,133.7,0,1,0-1
"Turkey, stuffing, mashed potatoes w/gravy, assorted vegetables, frozen, microwaved",3.89,0.877,16.32,6.97,1.3,128.2,0,1,0-1
"Rice bowl with chicken, frozen entree, prepared (includes fried, teriyaki, and sweet and sour varieties)",1.56,0.327,22.46,5.65,0.7,126.5,0,1,0-1
"Macaroni and cheese, dry mix, prepared with 2% milk and 80% stick margarine from dry mix",8.28,1.816,23.93,4.89,1.2,189.8,0,1,0-1
"Macaroni and cheese, frozen entree",6.41,2.608,17.28,5.6,1.1,149.2,0,1,0-1
Potato salad with egg,9.4,1.437,16.18,1.96,1.3,157.2,0,1,0-1
Pulled pork in barbecue sauce,4.42,1.416,18.74,13.19,1.2,167.5,0,1,0-1
"Corn dogs, frozen, prepared",12.02,3.466,26.96,8.57,1.0,250.3,0,1,0-1
"Rice and vermicelli mix, chicken flavor, prepared with 80% margarine",3.45,0.746,23.54,2.65,0.7,135.8,0,1,0-1
"Cheese, cottage, lowfat, 1% milkfat",1.02,0.645,2.72,12.39,0.0,69.6,0,0,0-0
"Milk, nonfat, fluid, without added vitamin A and vitamin D (fat free or skim)",0.18,0.117,4.86,3.37,0.0,34.5,0,0,0-0
"Milk, fluid, 1% fat, without added vitamin A and vitamin D",0.97,0.633,4.99,3.37,0.0,42.2,0,0,0-0
"Sour cream, reduced fat",14.1,8.7,7.0,7.0,0.0,182.9,0,1,0-1
"Sour cream, light",10.6,6.6,7.1,3.5,0.0,137.8,0,1,0-1
"Sour cream, fat free",0.0,0.0,15.6,3.1,0.0,74.8,0,0,0-0
"Yogurt, vanilla or lemon flavor, nonfat milk, sweetened with low-calorie sweetener",0.18,0.116,7.5,3.86,0.0,47.1,0,0,0-0
"Milk, chocolate, fluid, commercial, reduced fat, with added calcium",1.9,1.177,12.13,2.99,0.7,77.6,0,0,0-0
"Yogurt, fruit, lowfat, with low calorie sweetener",1.41,0.909,18.6,4.86,0.0,106.5,0,0,0-0
"Cream substitute, flavored, liquid",13.5,2.635,35.07,0.69,1.1,264.5,0,1,0-1
"Yogurt, fruit, low fat, 9 grams protein per 8 ounce, fortified with vitamin D",1.15,0.742,18.64,3.98,0.0,100.8,0,0,0-0
"Yogurt, fruit, low fat, 10 grams protein per 8 ounce, fortified with vitamin D",1.08,0.697,19.05,4.37,0.0,103.4,0,0,0-0
"Yogurt, fruit variety, nonfat, fortified with vitamin D",0.2,0.119,19.0,4.4,0.0,95.4,0,0,0-0
"Egg substitute, liquid or frozen, fat free",0.0,0.0,2.0,10.0,0.0,48.0,0,0,0-0
"Yogurt, vanilla flavor, lowfat milk, sweetened with low calorie sweetener",1.25,0.752,13.8,4.93,0.0,86.2,0,0,0-0
"Yogurt, frozen, flavors not chocolate, nonfat milk, with low-calorie sweetener",0.8,0.488,19.7,4.4,2.0,103.6,0,0,0-0
"Ice cream, soft serve, chocolate",13.0,7.46,22.2,4.1,0.7,222.2,0,1,0-1
"Fat free ice cream, no sugar added, flavors other than chocolate",0.0,0.0,28.86,4.41,7.4,133.1,0,1,0-1
"Salt, table",0.0,0.0,0.0,0.0,0.0,0.0,0,0,0-0
"Vinegar, cider",0.0,0.0,0.93,0.0,0.0,3.7,0,0,0-0
"Thyme, fresh",1.68,0.467,24.45,5.56,14.0,135.2,0,1,0-1
Vanilla extract,0.06,0.01,12.65,0.06,0.0,51.4,0,0,0-0
"Horseradish, prepared",0.69,0.09,11.29,1.18,3.3,56.1,0,0,0-0
"Rosemary, fresh",5.86,2.838,20.7,3.31,14.1,148.8,0,1,0-1
"Peppermint, fresh",0.94,0.246,14.89,3.75,8.0,83.0,0,0,0-0
"Spearmint, fresh",0.73,0.191,8.41,3.29,6.8,53.4,0,0,0-0
"Babyfood, meat, beef, strained",2.52,1.18,2.43,12.03,0.0,80.5,0,0,0-0
"Babyfood, meat, ham, junior",3.8,1.271,3.7,11.3,0.0,94.2,0,0,0-0
"Babyfood, GERBER, 2nd Foods, apple, carrot and squash, organic",0.0,0.0,14.82,1.1,1.2,63.7,0,0,0-0
"Babyfood, dinner, macaroni and tomato and beef, strained",1.47,0.486,9.45,2.36,1.2,60.5,0,0,0-0
"Babyfood, dinner, macaroni and tomato and beef, junior",1.1,0.411,9.4,2.5,1.1,57.5,0,0,0-0
"Babyfood, dinner, spaghetti and tomato and meat, junior",1.37,0.543,11.42,2.57,1.1,68.3,0,0,0-0
"Babyfood, dinner, vegetables and beef, strained",3.6,0.87,8.84,2.21,1.3,76.6,0,0,0-0
"Babyfood, dinner, vegetables and beef, junior",3.6,1.367,8.84,2.21,1.3,76.6,0,0,0-0
"Babyfood, dinner, chicken soup, strained",1.7,0.278,7.2,1.6,1.1,50.5,0,0,0-0
"Babyfood, dinner, chicken stew, toddler",3.7,1.1,6.4,5.2,0.6,79.7,0,0,0-0
"Babyfood, dinner, vegetables chicken, strained",1.73,0.496,8.42,2.47,2.1,59.1,0,0,0-0
"Babyfood, dinner, vegetables, noodles and chicken, strained",2.5,0.0,7.9,2.0,1.1,62.1,0,0,0-0
"Babyfood, dinner, turkey and rice, junior",0.92,0.239,9.57,2.37,1.0,56.0,0,0,0-0
"Babyfood, dinner, vegetables and turkey, strained",0.9,0.236,7.62,2.32,1.5,47.9,0,0,0-0
"Babyfood, dinner, vegetables and turkey, junior",1.74,0.485,7.55,1.72,0.9,52.7,0,0,0-0
"Babyfood, dinner, macaroni and cheese, strained",2.11,1.291,8.95,3.14,0.7,67.4,0,0,0-0
"Babyfood, vegetable, green beans and potatoes",1.9,1.117,9.0,2.2,1.4,61.9,0,0,0-0
"Babyfood, vegetables, beets, strained",0.1,0.016,7.7,1.3,1.9,36.9,0,0,0-0
"Babyfood, vegetables, carrots, strained",0.1,0.018,6.0,0.8,1.7,28.1,0,0,0-0
"Babyfood, vegetables, carrots, junior",0.2,0.036,7.2,0.8,1.7,33.8,0,0,0-0
"Babyfood, potatoes, toddler",0.1,0.015,11.73,1.0,0.9,51.8,0,0,0-0
"Babyfood, vegetable, butternut squash and corn",0.6,0.095,9.26,2.0,2.0,50.4,0,0,0-0
"Babyfood, apples, dices, toddler",0.36,0.02,11.56,0.19,1.9,50.2,0,0,0-0
"Babyfood, fruit, applesauce, strained",0.2,0.032,10.8,0.2,1.7,45.8,0,0,0-0
"Babyfood, dinner, vegetables and chicken, junior",1.12,0.302,8.66,2.04,1.1,52.9,0,0,0-0
"Babyfood, vegetables, mix vegetables strained",0.5,0.089,8.25,1.0,1.5,41.5,0,0,0-0
"Babyfood, dinner, beef noodle, junior",1.9,0.766,7.3,2.5,1.1,56.3,0,0,0-0
"Babyfood, apples with ham, strained",0.9,0.25,10.9,2.6,1.8,62.1,0,0,0-0
"Babyfood, carrots and beef, strained",2.5,0.96,5.7,3.4,2.6,58.9,0,0,0-0
"Babyfood, beverage, GERBER, GRADUATES, FRUIT SPLASHERS",0.0,0.0,7.35,0.0,0.0,29.4,0,0,0-0
"Babyfood, dinner, sweet potatoes and chicken, strained",2.17,0.572,11.04,2.51,1.3,73.7,0,0,0-0
"Infant formula, MEAD JOHNSON, Enfamil 24, ready to feed, with ARA and DHA",4.1,1.72,6.93,1.64,0.0,71.2,0,0,0-0
"Babyfood, cereal, mixed, prepared with whole milk",3.38,1.745,12.3,4.14,0.8,96.2,0,0,0-0
"Babyfood, cereal, mixed, with bananas, prepared with whole milk",3.46,1.808,10.0,3.82,0.4,86.4,0,0,0-0
"Babyfood, cereal, oatmeal, prepared with whole milk",4.1,2.258,15.3,5.0,1.1,118.1,0,1,0-1
"Babyfood, cereal, rice, with bananas, prepared with whole milk",3.32,1.798,10.49,3.57,0.1,86.1,0,0,0-0
"Infant formula, NESTLE, GOOD START SUPREME, with iron, liquid concentrate, not reconstituted",6.5,2.97,14.2,2.79,0.0,126.5,0,1,0-1
"Infant formula, MEAD JOHNSON, ENFAMIL, LIPIL, low iron, liquid concentrate, with ARA and DHA",7.16,3.078,14.24,2.76,0.0,132.4,0,1,0-1
"Infant formula, MEAD JOHNSON, PREGESTIMIL, with iron, with ARA and DHA, prepared from powder",3.7,2.2,6.54,1.86,0.0,66.9,0,0,0-0
"Infant formula, MEAD JOHNSON, PROSOBEE, with iron, ready-to-feed",3.5,1.443,6.11,1.64,0.0,62.5,0,0,0-0
"Infant formula, ABBOTT NUTRITION, SIMILAC, ISOMIL, with iron, ready-to-feed",3.59,1.166,6.7,1.61,0.0,65.6,0,0,0-0
"Infant formula, ABBOTT NUTRITION, SIMILAC, ISOMIL, with iron, liquid concentrate",6.98,2.262,13.21,3.13,0.0,128.2,0,1,0-1
"Infant formula, MEAD JOHNSON, ENFAMIL, NUTRAMIGEN, with iron, liquid concentrate not reconstituted, with ARA and DHA",3.5,1.48,7.2,1.84,0.0,67.7,0,0,0-0
"Infant formula, MEAD JOHNSON, ENFAMIL, PROSOBEE, liquid concentrate, reconstituted, with ARA and DHA",3.4,1.43,7.58,1.63,0.0,67.4,0,0,0-0
"Infant formula, MEAD JOHNSON, PROSOBEE, with iron, ready to feed, with ARA and DHA",3.5,1.48,6.47,1.64,0.0,63.9,0,0,0-0
"Infant formula, NESTLE, GOOD START SOY, with DHA and ARA, ready-to-feed",3.28,1.4,7.13,1.6,0.0,64.4,0,0,0-0
"Child formula, ABBOTT NUTRITION, PEDIASURE, ready-to-feed, with iron and fiber",4.7,1.256,11.28,2.8,0.5,98.6,0,0,0-0
"Infant formula, MEAD JOHNSON,NEXT STEP PROSOBEE, prepared from powder",2.91,1.243,8.08,2.14,0.0,67.1,0,0,0-0
"Infant formula, PBM PRODUCTS, store brand, soy, ready-to-feed",3.5,1.6,6.09,1.8,0.0,63.1,0,0,0-0
"Infant formula, PBM PRODUCTS, store brand, soy, liquid concentrate, not reconstituted",7.0,3.2,12.18,3.6,0.0,126.1,0,1,0-1
"Infant formula, ABBOTT NUTRITION, SIMILAC, SENSITIVE, (LACTOSE FREE), liquid concentrate, with ARA and DHA",6.95,4.522,13.64,2.73,0.0,128.0,0,1,0-1
"Infant formula, ABBOTT NUTRITION, SIMILAC, ADVANCE, with iron, ready-to-feed",3.7,1.237,6.77,1.36,0.0,65.8,0,0,0-0
"Salad dressing, italian dressing, fat-free",0.87,0.295,8.75,0.97,0.6,46.7,0,0,0-0
"Salad dressing, ranch dressing, fat-free",1.92,0.447,26.51,0.25,0.1,124.3,0,1,0-1
"Salad dressing, ranch dressing, reduced fat",12.42,1.25,21.33,1.25,1.1,202.1,0,1,0-1
"Salad dressing, mayonnaise, light",22.22,3.446,9.23,0.37,0.0,238.4,0,1,0-1
"Margarine-like spread, SMART BEAT Super Light without saturated fat",17.1,2.22,0.0,0.0,0.0,153.9,0,1,0-1
"Margarine-like spread, SMART BEAT Smart Squeeze",2.1,0.31,7.1,0.0,0.0,47.3,0,0,0-0
"Beverages, water, tap, drinking",0.0,0.0,0.0,0.0,0.0,0.0,0,0,0-0
"Beverages, coffee substitute, cereal grain beverage, powder, prepared with whole milk",3.3,2.061,5.6,3.3,0.1,65.3,0,0,0-0
"Beverages, dairy drink mix, chocolate, reduced calorie, with aspartame, powder, prepared with water and ice",0.23,0.164,4.51,2.19,0.8,28.9,0,0,0-0
"Beverages, Orange-flavor drink, breakfast type, with pulp, frozen concentrate.",0.5,0.078,42.9,0.1,0.2,176.5,0,1,0-1
"Beverages, Orange-flavor drink, breakfast type, with pulp, frozen concentrate, prepared with water",0.14,0.022,12.21,0.03,0.0,50.2,0,0,0-0
"Cranberry juice cocktail, frozen concentrate, prepared with water",0.0,0.0,11.81,0.01,0.0,47.3,0,0,0-0
"Beverages, water, bottled, non-carbonated, DANNON",0.0,0.0,0.0,0.0,0.0,0.0,0,0,0-0
"Beverages, water, bottled, non-carbonated, PEPSI, AQUAFINA",0.0,0.0,0.0,0.0,0.0,0.0,0,0,0-0
"Water, bottled, non-carbonated, NAYA",0.0,0.0,0.0,0.0,0.0,0.0,0,0,0-0
"Beverages, DANNON, water, bottled, non-carbonated, with Fluoride",0.0,0.0,0.03,0.0,0.0,0.1,0,0,0-0
"Beverages, PEPSICO QUAKER, Gatorade, G performance O 2, ready-to-drink.",0.0,0.0,6.43,0.0,0.0,25.7,0,0,0-0
"Whiskey sour mix, bottled, with added potassium and sodium",0.1,0.008,21.4,0.1,0.0,86.9,0,0,0-0
"Alcoholic beverage, whiskey sour",0.03,0.005,13.17,0.0,0.0,53.0,0,0,0-0
"Alcoholic beverage, distilled, all (gin, rum, vodka, whiskey) 94 proof",0.0,0.0,0.0,0.0,0.0,0.0,0,0,0-0
"Alcoholic beverage, distilled, all (gin, rum, vodka, whiskey) 100 proof",0.0,0.0,0.0,0.0,0.0,0.0,0,0,0-0
"Alcoholic beverage, liqueur, coffee, 63 proof",0.3,0.106,32.2,0.1,0.0,131.9,0,1,0-1
"Beverages, lemonade, frozen concentrate, pink, prepared with water",0.15,0.006,10.81,0.05,0.1,44.8,0,0,0-0
"Fish, surimi",0.9,0.191,6.85,15.18,0.0,96.2,0,1,0-1
"Beans, adzuki, mature seeds, cooked, boiled, without salt",0.1,0.036,24.77,7.52,7.3,130.1,0,1,0-1
"Beans, baked, home prepared",5.15,1.948,21.63,5.54,5.5,155.0,0,1,0-1
"Beans, baked, canned, with pork and sweet sauce",0.89,0.231,21.57,4.52,4.4,112.4,0,1,0-1
"Beans, baked, canned, with pork and tomato sauce",0.93,0.293,18.69,5.15,4.0,103.7,0,0,0-0
"Beans, black, mature seeds, cooked, boiled, without salt",0.54,0.139,23.71,8.86,8.7,135.1,0,1,0-1
"Beans, cranberry (roman), mature seeds, cooked, boiled, without salt",0.46,0.119,24.46,9.34,8.6,139.3,0,1,0-1
"Beans, cranberry (roman), mature seeds, canned",0.28,0.072,15.12,5.54,6.3,85.2,0,0,0-0
"Beans, french, mature seeds, cooked, boiled, without salt",0.76,0.083,24.02,7.05,9.4,131.1,0,1,0-1
"Beans, kidney, all types, mature seeds, cooked, boiled, without salt",0.5,0.073,22.8,8.67,6.4,130.4,0,1,0-1
"Beans, kidney, all types, mature seeds, canned",0.6,0.141,14.5,5.22,4.3,84.3,0,0,0-0
"Beans, kidney, california red, mature seeds, cooked, boiled, without salt",0.09,0.014,22.41,9.13,9.3,127.0,0,1,0-1
"Beans, navy, mature seeds, cooked, boiled, without salt",0.62,0.098,26.05,8.23,10.5,142.7,0,1,0-1
"Beans, navy, mature seeds, canned",0.43,0.112,20.45,7.53,5.1,115.8,0,1,0-1
"Beans, small white, mature seeds, cooked, boiled, without salt",0.64,0.166,25.81,8.97,10.4,144.9,0,1,0-1
"Beans, yellow, mature seeds, cooked, boiled, without salt",1.08,0.279,25.28,9.16,10.4,147.5,0,1,0-1
"Broadbeans (fava beans), mature seeds, cooked, boiled, without salt",0.4,0.066,19.65,7.6,5.4,112.6,0,1,0-1
"Broadbeans (fava beans), mature seeds, canned",0.22,0.037,12.41,5.47,3.7,73.5,0,0,0-0
"Chickpeas (garbanzo beans, bengal gram), mature seeds, cooked, boiled, without salt",2.59,0.269,27.42,8.86,7.6,168.4,0,1,0-1
"Cowpeas, common (blackeyes, crowder, southern), mature seeds, cooked, boiled, without salt",0.53,0.138,20.76,7.73,6.5,118.7,0,1,0-1
"Cowpeas, common (blackeyes, crowder, southern), mature seeds, canned, plain",0.55,0.144,13.63,4.74,3.3,78.4,0,0,0-0
"Cowpeas, common (blackeyes, crowder, southern), mature seeds, canned with pork",1.6,0.605,16.53,2.74,3.3,91.5,0,0,0-0
"Vitasoy USA, Organic Nasoya Extra Firm Tofu",5.2,0.7,2.6,10.1,1.3,97.6,0,0,0-0
"Vitasoy USA, Organic Nasoya Firm Tofu",4.4,0.5,2.3,8.9,0.8,84.4,0,0,0-0
"Vitasoy USA, Organic Nasoya Silken Tofu",2.5,0.3,1.4,4.8,0.3,47.3,0,0,0-0
"Soymilk (All flavors), enhanced",1.99,0.206,3.45,2.94,0.4,43.5,0,0,0-0
"Soymilk, original and vanilla, light, with added calcium, vitamins A and D",0.77,0.005,3.51,2.38,0.3,30.5,0,0,0-0
"Soymilk, chocolate and other flavors, light, with added calcium, vitamins A and D",0.64,0.032,8.24,2.1,0.7,47.1,0,0,0-0
"Soymilk, original and vanilla, light, unsweetened, with added calcium, vitamins A and D",0.85,0.078,3.85,2.62,0.6,33.5,0,0,0-0
"Soymilk (All flavors), lowfat, with added calcium, vitamins A and D",0.62,0.0,7.2,1.65,0.8,41.0,0,0,0-0
"SILK Chocolate, soymilk",1.44,0.206,9.47,2.06,0.8,59.1,0,0,0-0
"SILK Light Plain, soymilk",0.82,0.0,3.29,2.47,0.4,30.4,0,0,0-0
"SILK Light Vanilla, soymilk",0.82,0.0,4.12,2.47,0.4,33.7,0,0,0-0
"SILK Light Chocolate, soymilk",0.62,0.0,9.05,2.06,0.8,50.0,0,0,0-0
"SILK Very Vanilla, soymilk",1.65,0.206,7.82,2.47,0.4,56.0,0,0,0-0
"SILK Nog, soymilk",1.64,0.0,12.3,2.46,0.0,73.8,0,0,0-0
"SILK Chai, soymilk",1.44,0.206,7.82,2.47,0.0,54.1,0,0,0-0
"SILK Mocha, soymilk",1.44,0.206,9.05,2.06,0.0,57.4,0,0,0-0
SILK Raspberry soy yogurt,1.18,0.0,17.65,2.35,0.6,90.6,0,0,0-0
SILK Peach soy yogurt,1.18,0.0,18.82,2.35,0.6,95.3,0,0,0-0
SILK Black Cherry soy yogurt,1.18,0.0,17.06,2.35,0.6,88.3,0,0,0-0
SILK Blueberry soy yogurt,1.18,0.0,17.06,2.35,0.6,88.3,0,0,0-0
SILK Hazelnut Creamer,6.67,0.0,20.0,0.0,0.0,140.0,0,1,0-1
"Vitasoy USA Organic Nasoya, Soft Tofu",3.5,0.5,0.74,8.76,0.6,69.5,0,0,0-0
"Vitasoy USA Nasoya, Lite Silken Tofu",1.1,0.2,0.0,8.21,0.0,42.7,0,0,0-0
"Vitasoy USA Organic Nasoya, Tofu Plus Extra Firm",4.9,0.6,1.82,10.18,1.0,92.1,0,0,0-0
"Vitasoy USA Azumaya, Silken Tofu",2.4,0.3,0.58,4.82,0.2,43.2,0,0,0-0
HOUSE FOODS Premium Soft Tofu,2.71,0.48,2.19,6.38,0.8,58.7,0,0,0-0
HOUSE FOODS Premium Firm Tofu,4.19,0.71,0.97,10.92,0.9,85.3,0,0,0-0
"Beans, adzuki, mature seed, cooked, boiled, with salt",0.1,0.036,24.77,7.52,7.3,130.1,0,1,0-1
"Beans, great northern, mature seeds, cooked, boiled, with salt",0.45,0.14,21.09,8.33,7.0,121.7,0,1,0-1
"Beans, great northern, mature seeds, canned, low sodium",0.39,0.12,21.02,7.37,4.9,117.1,0,1,0-1
"Beans, kidney, all types, mature seeds, cooked, boiled, with salt",0.5,0.072,22.8,8.67,6.4,130.4,0,1,0-1
"Beans, kidney, california red, mature seeds, cooked, boiled, with salt",0.09,0.014,22.41,9.13,9.3,127.0,0,1,0-1
"Beans, navy, mature seeds, cooked, boiled, with salt",0.62,0.032,26.05,8.23,10.5,142.7,0,1,0-1
"Beans, pink, mature seeds, cooked, boiled, with salt",0.49,0.126,27.91,9.06,5.3,152.3,0,1,0-1
"Beans, pinto, mature seeds, cooked, boiled, with salt",0.65,0.109,26.22,9.01,9.0,146.8,0,1,0-1
"Broadbeans (fava beans), mature seeds, cooked, boiled, with salt",0.4,0.066,19.65,7.6,5.4,112.6,0,1,0-1
"Chickpeas (garbanzo beans, bengal gram), mature seeds, cooked, boiled, with salt",2.59,0.269,27.42,8.86,7.6,168.4,0,1,0-1
"Chickpeas (garbanzo beans, bengal gram), mature seeds, canned, drained solids",2.77,0.214,22.53,7.05,6.4,143.2,0,1,0-1
"Chickpeas (garbanzo beans, bengal gram), mature seeds, canned, drained, rinsed in tap water",2.47,0.213,22.87,7.04,6.3,141.9,0,1,0-1
"Lima beans, large, mature seeds, cooked, boiled, with salt",0.38,0.089,20.88,7.8,7.0,118.1,0,1,0-1
"Lima beans, thin seeded (baby), mature seeds, cooked, boiled, with salt",0.38,0.088,23.31,8.04,7.7,128.8,0,1,0-1
"Lupins, mature seeds, cooked, boiled, with salt",2.92,0.346,9.29,15.57,2.8,125.7,0,1,0-1
"Yogurt, Greek, 2% fat, mango, CHOBANI",1.69,1.02,11.84,7.64,0.5,93.1,0,0,0-0
"Cereals, Oat Bran, QUAKER, QUAKER/MOTHER'S Oat Bran, prepared with water, salt",0.95,0.17,7.49,2.03,1.7,46.6,0,0,0-0
"Cereals, QUAKER, QUAKER MultiGrain Oatmeal, prepared with water, no salt",0.47,0.096,13.49,2.08,2.2,66.5,0,0,0-0
"Cereals, QUAKER, QUAKER MultiGrain Oatmeal, prepared with water, salt",0.47,0.095,13.47,2.07,2.2,66.4,0,0,0-0
"Beverages, GEROLSTEINER BRUNNEN GmbH & Co. KG (Gerolsteiner), naturally sparkling, mineral bottled water",0.0,0.0,0.0,0.0,0.0,0.0,0,0,0-0
"Beverages, SNAPPLE, tea, black and green, ready to drink, peach, diet",0.0,0.0,0.1,0.1,0.0,0.8,0,0,0-0
"Beverages, SNAPPLE, tea, black and green, ready to drink, lemon, diet",0.0,0.0,0.1,0.1,0.0,0.8,0,0,0-0
"Yogurt, Greek, 2% fat, key lime blend, CHOBANI",1.47,0.87,11.91,7.75,0.5,91.9,0,0,0-0
"Cereals, QUAKER, corn grits, instant, plain, prepared (microwaved or boiling water added), without salt",0.49,0.076,15.95,1.58,1.1,74.5,0,0,0-0
"Cereals, CREAM OF WHEAT, instant, prepared with water, without salt",0.24,0.038,13.08,1.84,0.6,61.8,0,0,0-0
"Cereals, oats, regular and quick, unenriched, cooked with water (includes boiling and microwaving), without salt",1.52,0.31,12.0,2.54,1.7,71.8,0,0,0-0
"Cereals, oats, instant, fortified, with cinnamon and spice, prepared with water",1.21,0.191,18.95,2.37,2.0,96.2,0,0,0-0
"Cereals, oats, instant, fortified, with raisins and spice, prepared with water",0.95,0.15,17.91,1.98,1.3,88.1,0,0,0-0
"Cereals, CREAM OF RICE, cooked with water, with salt",0.1,0.02,11.5,0.9,0.1,50.5,0,0,0-0
"Cereals, CREAM OF WHEAT, regular (10 minute), cooked with water, with salt",0.21,0.033,10.66,1.46,0.5,50.4,0,0,0-0
"Cereals, farina, enriched, cooked with water, with salt",0.34,0.066,10.92,1.82,0.8,54.0,0,0,0-0
"Apples, raw, without skin, cooked, boiled",0.36,0.058,13.64,0.26,2.4,58.8,0,0,0-0
"Apples, raw, without skin, cooked, microwave",0.42,0.068,14.41,0.28,2.8,62.5,0,0,0-0
"Apples, canned, sweetened, sliced, drained, heated",0.43,0.07,16.84,0.18,2.0,72.0,0,0,0-0
"Apples, frozen, unsweetened, heated (Includes foods for USDA's Food Distribution Program)",0.33,0.053,12.0,0.29,1.3,52.1,0,0,0-0
"Apple juice, canned or bottled, unsweetened, without added ascorbic acid",0.13,0.022,11.3,0.1,0.2,46.8,0,0,0-0
"Apple juice, frozen concentrate, unsweetened, undiluted, without added ascorbic acid",0.37,0.06,41.0,0.51,0.4,169.4,0,1,0-1
"Apple juice, frozen concentrate, unsweetened, diluted with 3 volume water without added ascorbic acid",0.1,0.018,11.54,0.14,0.1,47.6,0,0,0-0
"Apricots, canned, water pack, without skin, solids and liquids",0.03,0.002,5.48,0.69,1.1,25.0,0,0,0-0
"Apricots, canned, juice pack, with skin, solids and liquids",0.04,0.003,12.34,0.63,1.6,52.2,0,0,0-0
"Apricots, canned, extra light syrup pack, with skin, solids and liquids (Includes foods for USDA's Food Distribution Program)",0.1,0.007,12.5,0.6,1.6,53.3,0,0,0-0
"Apricots, canned, light syrup pack, with skin, solids and liquids",0.05,0.003,16.49,0.53,1.6,68.5,0,0,0-0
"Apricots, dried, sulfured, stewed, without added sugar",0.18,0.006,22.15,1.2,2.6,95.0,0,0,0-0
"Apricots, dried, sulfured, stewed, with added sugar",0.15,0.01,29.26,1.17,4.1,123.1,0,1,0-1
"Bananas, raw",0.33,0.112,22.84,1.09,2.6,98.7,0,0,0-0
"Blackberries, raw",0.49,0.014,9.61,1.39,5.3,48.4,0,0,0-0
"Blackberry juice, canned",0.6,0.018,7.8,0.3,0.1,37.8,0,0,0-0
"Blueberries, canned, heavy syrup, solids and liquids",0.33,0.027,22.06,0.65,1.6,93.8,0,0,0-0
"Blueberries, wild, frozen (Includes foods for USDA's Food Distribution Program)",0.16,0.03,13.85,0.0,4.4,56.8,0,0,0-0
"Blueberries, frozen, unsweetened (Includes foods for USDA's Food Distribution Program)",0.64,0.053,12.17,0.42,2.7,56.1,0,0,0-0
"Blueberries, frozen, sweetened",0.13,0.011,21.95,0.4,2.2,90.6,0,0,0-0
"Cherimoya, raw",0.68,0.233,17.71,1.57,3.0,83.2,0,0,0-0
"Cherries, sour, red, raw",0.3,0.068,12.18,1.0,1.6,55.4,0,0,0-0
"Cherries, sour, red, canned, water pack, solids and liquids",0.1,0.023,8.94,0.77,1.1,39.7,0,0,0-0
"Cherries, sour, red, canned, light syrup pack, solids and liquids",0.1,0.022,19.3,0.74,0.8,81.1,0,0,0-0
"Cherries, sweet, canned, water pack, solids and liquids",0.13,0.028,11.76,0.77,1.5,51.3,0,0,0-0
"Cherries, sweet, canned, juice pack, solids and liquids",0.02,0.004,13.81,0.91,1.5,59.1,0,0,0-0
"Cherries, sweet, canned, light syrup pack, solids and liquids",0.15,0.034,17.29,0.61,1.5,72.9,0,0,0-0
"Cherries, sweet, canned, pitted, heavy syrup pack, solids and liquids",0.15,0.034,21.27,0.6,1.4,88.8,0,0,0-0
"Cranberry sauce, canned, sweetened",0.15,0.007,40.4,0.9,1.1,166.5,0,1,0-1
"Currants, red and white, raw",0.2,0.017,13.8,1.4,4.3,62.6,0,0,0-0
"Soup, clam chowder, new england, reduced sodium, canned, ready-to-serve",4.23,0.701,5.68,2.33,0.8,70.1,0,0,0-0
"Soup, chicken noodle, reduced sodium, canned, ready-to-serve",1.34,0.394,3.84,3.29,0.8,40.6,0,0,0-0
"Soup, beef and vegetables, reduced sodium, canned, ready-to-serve",0.95,0.0,4.99,3.26,0.8,41.6,0,0,0-0
"Sauce, sweet and sour, ready-to-serve",0.02,0.0,38.22,0.27,0.1,154.1,0,1,0-1
"Sauce, cocktail, ready-to-serve",1.05,0.0,28.22,1.36,1.8,127.8,0,1,0-1
"Dip, salsa con queso, cheese and salsa- medium",9.51,2.491,11.14,3.14,0.7,142.7,0,1,0-1
"Dip, TOSTITOS, salsa con queso, medium",8.26,2.442,11.72,2.92,0.6,132.9,0,1,0-1
"Sauce, peanut, made from peanut butter, water, soy sauce",16.02,2.907,22.02,6.31,1.8,257.5,0,1,0-1
"Soup, chunky vegetable, reduced sodium, canned, ready-to-serve",0.51,0.217,10.28,1.16,1.1,50.3,0,0,0-0
"Soup, beef barley, ready to serve",0.96,0.329,7.94,2.81,0.9,51.6,0,0,0-0
"Sauce, enchilada, red, mild, ready to serve",0.91,0.111,4.87,0.62,0.5,30.2,0,0,0-0
"Pancakes, gluten-free, frozen, ready-to-heat",4.55,0.48,40.32,3.31,1.5,215.5,0,1,0-1
"Beverages,  Energy drink, Citrus",0.0,0.0,11.27,0.0,0.0,45.1,0,0,0-0
"Alcoholic Beverage, wine, table, red, Mouvedre",0.0,0.0,2.64,0.07,0.0,10.8,0,0,0-0
"Alcoholic beverage, wine, table, white, Chardonnay",0.0,0.0,2.16,0.07,0.0,8.9,0,0,0-0
"Beverages, Kiwi Strawberry Juice Drink",0.0,0.0,12.26,0.0,0.0,49.0,0,0,0-0
"Beverages, Apple juice drink, light, fortified with vitamin C",0.1,0.0,5.1,0.0,0.0,21.3,0,0,0-0
"Beverages, POWERADE, Zero, Mixed Berry",0.0,0.0,0.14,0.0,0.0,0.6,0,0,0-0
"Beverages, Carob-flavor beverage mix, powder, prepared with whole milk",3.11,1.779,8.68,3.16,0.4,75.4,0,0,0-0
"Beverages, coconut milk, sweetened, fortified with calcium, vitamins A, B12, D2",2.08,2.083,2.92,0.21,0.0,31.2,0,0,0-0
"Beverages, chocolate syrup, prepared with whole milk",2.96,1.681,12.78,3.07,0.3,90.0,0,0,0-0
"Beverages, coffee, ready to drink, iced, mocha, milk based",0.98,0.0,11.42,1.48,0.0,60.4,0,0,0-0
"Beverages, tea, green, ready-to-drink, citrus, diet, fortified with vitamin C",0.0,0.0,0.31,0.0,0.0,1.2,0,0,0-0
"Beverages, Cocoa mix, powder, prepared with water",0.55,0.328,11.54,0.92,0.5,54.8,0,0,0-0
"Beverages, coffee, brewed, espresso, restaurant-prepared, decaffeinated",0.18,0.092,1.69,0.1,0.0,8.8,0,0,0-0
"Beverages, tea, green, ready-to-drink, sweetened",0.22,0.0,6.2,0.0,0.0,26.8,0,0,0-0
"Beverages, tea, ready-to-drink, lemon, diet",0.0,0.0,0.41,0.0,0.0,1.6,0,0,0-0
"Beverages, coffee, instant, regular, prepared with water",0.0,0.002,0.34,0.1,0.0,1.8,0,0,0-0
"Beverages, aloe vera juice drink, fortified with Vitamin C",0.0,0.0,3.75,0.0,0.0,15.0,0,0,0-0
"Beverages, OCEAN SPRAY, Cran Grape",0.0,0.001,13.16,0.21,0.6,53.5,0,0,0-0
"Beverages, coffee, instant, chicory",0.0,0.001,0.75,0.09,0.0,3.4,0,0,0-0
"Beverages, OCEAN SPRAY, Light Cranberry and Raspberry Flavored Juice",0.0,0.001,5.77,0.73,0.7,26.0,0,0,0-0
"Beverages, OCEAN SPRAY, White Cranberry Strawberry Flavored Juice Drink",0.01,0.001,11.98,0.22,0.6,48.9,0,0,0-0
"Beverages, coffee substitute, cereal grain beverage, prepared with water",0.04,0.01,1.3,0.1,0.4,6.0,0,0,0-0
"Beverages, cranberry-apple juice drink, bottled",0.11,0.013,15.85,0.0,0.0,64.4,0,0,0-0
"Alcoholic beverage, malt beer, hard lemonade",0.0,0.0,10.07,0.0,0.0,40.3,0,0,0-0
"Beverages, cranberry-apricot juice drink, bottled",0.0,0.0,16.2,0.2,0.1,65.6,0,0,0-0
"Beverages, tea, black, ready to drink",0.0,0.0,0.0,0.0,0.0,0.0,0,0,0-0
"Alcoholic beverage, beer, light, higher alcohol",0.0,0.0,0.77,0.25,0.0,4.1,0,0,0-0
"Beverages, AMBER, hard cider",0.0,0.0,5.92,0.0,0.0,23.7,0,0,0-0
"Beverages, OCEAN SPRAY, Cran Cherry",0.0,0.001,12.76,0.19,0.6,51.8,0,0,0-0
"Beverages, OCEAN SPRAY, Light Cranberry",0.01,0.004,4.72,0.22,0.7,19.8,0,0,0-0
"Beverages, OCEAN SPRAY, White Cranberry Peach",0.01,0.002,11.88,0.13,0.6,48.1,0,0,0-0
"Beverages, OCEAN SPRAY, Light Cranberry, Concord Grape",0.02,0.006,5.78,0.36,0.7,24.7,0,0,0-0
"Beverages, Fruit punch drink, with added nutrients, canned",0.0,0.0,11.94,0.0,0.2,47.8,0,0,0-0
"Beverages, Fruit punch drink, frozen concentrate",0.0,0.003,41.4,0.2,0.4,166.4,0,1,0-1
"Beverages, Fruit punch drink, frozen concentrate, prepared with water",0.0,0.001,11.66,0.06,0.1,46.9,0,0,0-0
"Beverages, tea, black, brewed, prepared with distilled water",0.0,0.002,0.3,0.0,0.0,1.2,0,0,0-0
"Beverages, tea, herb, brewed, chamomile",0.0,0.002,0.2,0.0,0.0,0.8,0,0,0-0
"Beverages, Wine, non-alcoholic",0.0,0.0,1.1,0.5,0.0,6.4,0,0,0-0
"Water, bottled, generic",0.0,0.0,0.0,0.0,0.0,0.0,0,0,0-0
"Beverages, chocolate-flavor beverage mix for milk, powder, with added nutrients, prepared with whole milk",3.17,1.899,11.87,3.27,0.4,89.1,0,0,0-0
"Beverages, Water with added vitamins and minerals, bottles, sweetened, assorted fruit flavors",0.0,0.0,5.49,0.0,0.0,22.0,0,0,0-0
"Beverages, V8 SPLASH Juice Drinks, Diet Berry Blend",0.0,0.0,1.23,0.0,0.0,4.9,0,0,0-0
"Beverages, V8 SPLASH Juice Drinks, Diet Fruit Medley",0.0,0.0,1.26,0.0,0.0,5.0,0,0,0-0
"Beverages, V8 SPLASH Juice Drinks, Diet Strawberry Kiwi",0.0,0.0,1.26,0.0,0.0,5.0,0,0,0-0
"Beverages, V8 V-FUSION Juices, Tropical",0.0,0.0,11.38,0.41,0.0,47.2,0,0,0-0
"Beverages, V8 V- FUSION Juices, Acai Berry",0.0,0.0,10.98,0.0,0.0,43.9,0,0,0-0
"Beverages, Energy drink, AMP",0.08,0.0,12.08,0.25,0.0,50.0,0,0,0-0
"Beverages, Energy drink, FULL THROTTLE",0.08,0.0,12.08,0.25,0.0,50.0,0,0,0-0
"Beverages, Vegetable and fruit juice drink, reduced calorie, with low-calorie sweetener, added vitamin C",0.0,0.0,1.1,0.0,0.0,4.4,0,0,0-0
"Beverages, milk beverage, reduced fat, flavored and sweetened, Ready-to-drink,  added calcium, vitamin A and vitamin D",1.83,1.124,12.08,3.05,0.4,77.0,0,0,0-0
"Beverages, vegetable and fruit juice blend, 100% juice, with added vitamins A, C, E",0.01,0.0,11.15,0.3,0.0,45.9,0,0,0-0
"Beverages, fruit juice drink, reduced sugar, with vitamin E added",0.07,0.008,10.0,0.0,0.0,40.6,0,0,0-0
"Beverages, Energy drink, VAULT Zero, sugar-free, citrus flavor",0.08,0.0,0.7,0.25,0.0,4.5,0,0,0-0
"Beverages, PEPSICO QUAKER, Gatorade G2, low calorie",0.01,0.0,1.94,0.05,0.0,8.0,0,0,0-0
"Beverages, Fruit flavored drink, less than 3% juice, not fortified with vitamin C",0.0,0.0,16.03,0.0,0.0,64.1,0,0,0-0
"Beverages, Fruit flavored drink containing less than 3% fruit juice, with high vitamin C",0.0,0.0,6.67,0.0,0.0,26.7,0,0,0-0
"Fish, flatfish (flounder and sole species), raw",1.93,0.441,0.0,12.41,0.0,67.0,0,0,0-0
"Crustaceans, crab, alaska king, imitation, made from surimi",0.46,0.216,15.0,7.62,0.5,94.6,0,0,0-0
"Crustaceans, shrimp, mixed species, raw (may contain additives to retain moisture)",1.01,0.261,0.91,13.61,0.0,67.2,0,0,0-0
"Mollusks, clam, mixed species, raw",0.96,0.187,3.57,14.67,0.0,81.6,0,0,0-0
"Mollusks, mussel, blue, raw",2.24,0.425,3.69,11.9,0.0,82.5,0,0,0-0
"Mollusks, octopus, common, raw",1.04,0.227,2.2,14.91,0.0,77.8,0,0,0-0
"Mollusks, oyster, Pacific, raw",2.3,0.51,4.95,9.45,0.0,78.3,0,0,0-0
"Mollusks, scallop, mixed species, raw",0.49,0.128,3.18,12.06,0.0,65.4,0,0,0-0
"Mollusks, scallop, mixed species, imitation, made from surimi",0.41,0.08,10.62,12.77,0.0,97.2,0,1,0-1
"Lima beans, large, mature seeds, cooked, boiled, without salt",0.38,0.089,20.88,7.8,7.0,118.1,0,1,0-1
"Lima beans, large, mature seeds, canned",0.17,0.039,14.91,4.93,4.8,80.9,0,0,0-0
"Mung beans, mature seeds, cooked, boiled, without salt",0.38,0.116,19.15,7.02,7.6,108.1,0,1,0-1
Soy sauce made from soy and wheat (shoyu),0.57,0.073,4.93,8.14,0.8,57.4,0,0,0-0
Soy sauce made from soy (tamari),0.1,0.011,5.57,10.51,0.8,65.2,0,0,0-0
Soy sauce made from hydrolyzed vegetable protein,0.51,0.04,7.84,7.0,0.5,64.0,0,0,0-0
"Tofu, salted and fermented (fuyu)",8.0,1.157,4.38,8.92,0.0,125.2,0,1,0-1
"Yardlong beans, mature seeds, cooked, boiled, without salt",0.45,0.116,21.09,8.29,3.8,121.6,0,1,0-1
"Beans, kidney, red, mature seeds, canned, drained solids",1.05,0.181,21.49,7.98,5.5,127.3,0,1,0-1
"Beans, pinto, canned, drained solids",0.9,0.158,20.22,6.99,5.5,116.9,0,1,0-1
"Hummus, commercial",17.82,2.562,15.0,7.78,5.5,251.5,0,1,0-1
"Tofu, extra firm, prepared with nigari",5.26,0.919,1.18,9.98,1.0,92.0,0,0,0-0
"MORI-NU, Tofu, silken, soft",2.7,0.357,2.9,4.8,0.1,55.1,0,0,0-0
"Soymilk, chocolate, unfortified",1.53,0.24,9.95,2.26,0.4,62.6,0,0,0-0
"Soymilk, chocolate, with added calcium, vitamins A and D",1.53,0.24,9.95,2.26,0.4,62.6,0,0,0-0
"Refried beans, canned, vegetarian",0.87,0.142,13.5,5.28,4.7,83.0,0,0,0-0
"Refried beans, canned, traditional, reduced sodium",2.01,0.631,13.55,4.98,3.7,92.2,0,0,0-0
"Yardlong beans, mature seeds, cooked, boiled, with salt",0.45,0.116,21.09,8.29,3.8,121.6,0,1,0-1
"Veal, variety meats and by-products, brain, raw",8.21,1.91,0.0,10.32,0.0,115.2,0,1,0-1
"Lamb, New Zealand, imported, sweetbread, raw",3.16,1.602,0.0,11.0,0.0,72.4,0,0,0-0
"Soup, chicken mushroom, canned, condensed",4.84,1.246,11.95,1.61,3.2,97.8,0,0,0-0
"Sauce, barbecue",0.63,0.045,40.77,0.82,0.9,172.0,0,1,0-1
"Sauce, homemade, white, medium",10.63,2.854,9.17,3.84,0.2,147.7,0,1,0-1
"Sauce, homemade, white, thick",13.83,3.416,11.61,3.99,0.3,186.9,0,1,0-1
"Sauce, ready-to-serve, pepper or hot",0.37,0.052,1.75,0.51,0.3,12.4,0,0,0-0
"Sauce, ready-to-serve, pepper, TABASCO",0.76,0.106,0.8,1.29,0.6,15.2,0,0,0-0
"Sauce, oyster, ready-to-serve",0.25,0.043,10.92,1.35,0.3,51.3,0,0,0-0
"Soup, minestrone, canned, reduced sodium, ready-to-serve",0.8,0.14,9.0,2.0,2.4,51.2,0,0,0-0
"Sauce, fish, ready-to-serve",0.01,0.003,3.64,5.06,0.0,34.9,0,0,0-0
"Soup, shark fin, restaurant-prepared",2.0,0.501,3.8,3.2,0.0,46.0,0,0,0-0
"Soup, bean & ham, canned, reduced sodium, prepared with water or ready-to-serve",1.03,0.252,13.66,4.19,4.0,80.7,0,0,0-0
"Split pea soup, canned, reduced sodium, prepared with water or ready-to serve",0.92,0.3,11.83,3.85,1.9,71.0,0,0,0-0
"Split pea with ham soup, canned, reduced sodium, prepared with water or ready-to-serve",0.7,0.294,11.4,4.0,1.9,67.9,0,0,0-0
"Soup, chicken broth, ready-to-serve",0.21,0.013,0.44,0.64,0.0,6.2,0,0,0-0
"Soup, cream of chicken, canned, prepared with equal volume milk",4.62,1.87,6.04,3.01,0.1,77.8,0,0,0-0
"Soup, vegetable, canned, low sodium, condensed",0.9,0.147,12.11,2.2,2.1,65.3,0,0,0-0
"Soup, clam chowder, new england, canned, prepared with equal volume low fat (2%) milk",2.02,1.094,7.46,3.24,0.3,61.0,0,0,0-0
"Soup, cream of mushroom, canned, prepared with equal volume low fat (2%) milk",3.58,1.116,5.76,2.36,0.3,64.7,0,0,0-0
"Soup, cream of onion, canned, prepared with equal volume milk",3.78,1.63,7.4,2.74,0.3,74.6,0,0,0-0
"Sauce, barbecue, KRAFT, original",0.62,0.038,40.77,0.74,0.4,171.6,0,1,0-1
"Soup, HEALTHY CHOICE Chicken Noodle Soup, canned",0.63,0.4,5.2,3.69,0.8,41.2,0,0,0-0
"Soup, tomato, canned, prepared with equal volume low fat (2%) milk",1.24,0.707,9.82,2.42,0.5,60.1,0,0,0-0
"CAMPBELL'S, Tomato Soup, condensed",0.44,0.0,15.22,1.46,1.1,70.7,0,0,0-0
"CAMPBELL'S CHUNKY, Classic Chicken Noodle Soup",1.3,0.408,5.41,3.41,1.0,47.0,0,0,0-0
"Soup, cream of asparagus, canned, prepared with equal volume water",1.68,0.43,4.38,0.94,0.2,36.4,0,0,0-0
"Soup, cheese, canned, prepared with equal volume water",4.24,2.7,4.26,2.19,0.4,64.0,0,0,0-0
"Soup, chicken broth, canned, prepared with equal volume water",0.57,0.16,0.38,2.02,0.0,14.7,0,0,0-0
"CAMPBELL'S CHUNKY, Hearty Beef Barley Soup",0.92,0.377,8.98,2.89,1.0,55.8,0,0,0-0
"Soup, cream of chicken, canned, prepared with equal volume water",3.02,0.85,3.8,1.41,0.1,48.0,0,0,0-0
"Soup, clam chowder, manhattan, canned, prepared with equal volume water",0.86,0.149,4.77,0.85,0.6,30.2,0,0,0-0
"Soup, clam chowder, new england, canned, prepared with equal volume water",1.01,0.468,5.05,1.55,0.3,35.5,0,0,0-0
"Soup, beef broth, bouillon, consomme, prepared with equal volume water",0.0,0.0,0.73,2.22,0.0,11.8,0,0,0-0
"Soup, mushroom with beef stock, canned, prepared with equal volume water",1.65,0.64,3.81,1.29,0.3,35.2,0,0,0-0
"Soup, cream of onion, canned, prepared with equal volume water",2.16,0.6,5.2,1.13,0.4,44.8,0,0,0-0
"Soup, oyster stew, canned, prepared with equal volume water",1.59,1.04,1.69,0.87,0.0,24.6,0,0,0-0
"Soup, pea, green, canned, prepared with equal volume water",1.09,0.524,9.88,3.2,1.9,62.1,0,0,0-0
"Soup, turkey noodle, canned, prepared with equal volume water",0.82,0.23,3.54,1.6,0.3,27.9,0,0,0-0
"Soup, turkey vegetable, canned, prepared with equal volume water",1.26,0.37,3.58,1.28,0.2,30.8,0,0,0-0
"Soup, vegetarian vegetable, canned, prepared with equal volume water",0.79,0.12,4.89,0.86,0.3,30.1,0,0,0-0
"Soup, vegetable beef, canned, prepared with equal volume water",0.76,0.34,4.06,2.23,0.8,32.0,0,0,0-0
"Soup, chicken broth cubes, dry, prepared with water",0.12,0.03,0.62,0.39,0.0,5.1,0,0,0-0
"Soup, cream of chicken, dry, mix, prepared with water",2.04,1.3,5.11,0.68,0.1,41.5,0,0,0-0
"Soup, onion, dry, mix, prepared with water",0.01,0.004,2.77,0.32,0.3,12.4,0,0,0-0
"Soup, tomato, dry, mix, prepared with water",0.61,0.286,7.17,0.93,0.4,37.9,0,0,0-0
"Turkey, white, rotisserie, deli cut",3.0,0.118,7.7,13.5,0.4,111.8,0,1,0-1
"Cereals, MALT-O-MEAL, original, plain, prepared with water, without salt",0.09,0.01,10.09,1.67,0.3,47.8,0,0,0-0
"Figs, dried, stewed",0.4,0.062,27.57,1.42,4.2,119.6,0,1,0-1
"Fruit cocktail, (peach and pineapple and pear and grape and cherry), canned, water pack, solids and liquids",0.05,0.006,8.51,0.42,1.0,36.2,0,0,0-0
"Fruit cocktail, (peach and pineapple and pear and grape and cherry), canned, juice pack, solids and liquids",0.01,0.001,11.86,0.46,1.0,49.4,0,0,0-0
"Fruit salad, (peach and pear and apricot and pineapple and cherry), canned, water pack, solids and liquids",0.07,0.009,7.87,0.35,1.0,33.5,0,0,0-0
"Fruit salad, (peach and pear and apricot and pineapple and cherry), canned, juice pack, solids and liquids",0.03,0.004,13.05,0.51,1.0,54.5,0,0,0-0
"Fruit salad, (peach and pear and apricot and pineapple and cherry), canned, light syrup, solids and liquids",0.07,0.009,15.14,0.34,1.0,62.6,0,0,0-0
"Fruit salad, (peach and pear and apricot and pineapple and cherry), canned, extra heavy syrup, solids and liquids",0.06,0.009,22.77,0.33,1.0,92.9,0,0,0-0
"Grapefruit, raw, pink and red, all areas",0.14,0.021,10.66,0.77,1.6,47.0,0,0,0-0
"Grapefruit, raw, pink and red, Florida",0.1,0.014,7.5,0.55,1.1,33.1,0,0,0-0
"Grapefruit, raw, white, all areas",0.1,0.014,8.41,0.69,1.1,37.3,0,0,0-0
"Grapefruit juice, white, canned or bottled, unsweetened",0.66,0.082,7.54,0.55,0.6,38.3,0,0,0-0
"Grapefruit juice, white, canned, sweetened",0.09,0.012,11.13,0.58,0.1,47.7,0,0,0-0
"Grapefruit juice, white, frozen concentrate, unsweetened, undiluted",0.48,0.064,34.56,1.97,0.4,150.4,0,1,0-1
"Grapefruit juice, white, frozen concentrate, unsweetened, diluted with 3 volume water",0.13,0.019,9.73,0.55,0.1,42.3,0,0,0-0
"Grapes, american type (slip skin), raw",0.35,0.114,17.15,0.63,0.9,74.3,0,0,0-0
"Grapes, red or green (European type, such as Thompson seedless), raw",0.16,0.054,18.1,0.72,0.9,76.7,0,0,0-0
"Grapes, canned, thompson seedless, water pack, solids and liquids",0.11,0.035,10.3,0.5,0.6,44.2,0,0,0-0
"Grapes, canned, thompson seedless, heavy syrup pack, solids and liquids",0.1,0.033,19.65,0.48,0.6,81.4,0,0,0-0
"Guava sauce, cooked",0.14,0.04,9.48,0.32,3.6,40.5,0,0,0-0
"Jackfruit, raw",0.64,0.195,23.25,1.72,1.5,105.6,0,0,0-0
"Beef, variety meats and by-products, tripe, cooked, simmered",4.05,1.357,1.99,11.71,0.0,91.2,0,0,0-0
"Soup, egg drop, Chinese restaurant",0.61,0.166,4.29,1.16,0.4,27.3,0,0,0-0
"Soup, hot and sour, Chinese restaurant",1.21,0.229,4.35,2.58,0.5,38.6,0,0,0-0
"Beverages, THE COCA-COLA COMPANY, NOS Zero, energy drink, sugar-free with guarana, fortified with vitamins B6 and B12",0.0,0.0,1.03,0.0,0.0,4.1,0,0,0-0
"Alcoholic beverage, whiskey sour, canned",0.0,0.0,13.4,0.0,0.1,53.6,0,0,0-0
"Beverages, Whiskey sour mix, bottled",0.1,0.008,21.4,0.1,0.0,86.9,0,0,0-0
"Alcoholic beverage, whiskey sour, prepared from item 14028",0.06,0.005,12.82,0.06,0.0,52.1,0,0,0-0
"Beverages, CYTOSPORT, Muscle Milk, ready-to-drink",2.17,0.362,2.28,5.87,0.2,52.1,0,0,0-0
"Alcoholic beverage, distilled, all (gin, rum, vodka, whiskey) 80 proof",0.0,0.0,0.0,0.0,0.0,0.0,0,0,0-0
"Beverages, OCEAN SPRAY, Cran-Energy, Cranberry Energy Juice Drink",0.0,0.0,3.75,0.0,0.0,15.0,0,0,0-0
"Alcoholic beverage, distilled, rum, 80 proof",0.0,0.0,0.0,0.0,0.0,0.0,0,0,0-0
"Alcoholic beverage, distilled, vodka, 80 proof",0.0,0.0,0.0,0.0,0.0,0.0,0,0,0-0
"Alcoholic beverage, distilled, whiskey, 86 proof",0.0,0.0,0.1,0.0,0.0,0.4,0,0,0-0
"Beverages, almond milk, chocolate, ready-to-drink",1.25,0.0,9.38,0.63,0.4,51.3,0,0,0-0
"Beverages, Energy Drink with carbonated water and high fructose corn syrup",0.0,0.0,15.0,0.42,0.0,61.7,0,0,0-0
"Beverages, Energy Drink, sugar free",0.0,0.0,0.42,0.42,0.0,3.4,0,0,0-0
"Beverages, ABBOTT, ENSURE, Nutritional Shake, Ready-to-Drink",2.53,0.422,16.88,3.8,0.0,105.5,0,0,0-0
"Beverages, ZEVIA, cola",0.0,0.0,1.13,0.0,0.0,4.5,0,0,0-0
"Beverages, ZEVIA, cola, caffeine free",0.0,0.0,1.13,0.0,0.0,4.5,0,0,0-0
"Beverages, GEROLSTEINER BRUNNEN GmbH & Co. KG,Gerolsteiner naturally sparkling mineral water,",0.0,0.0,0.0,0.0,0.0,0.0,0,0,0-0
"Beverages, yellow green colored citrus soft drink with caffeine",0.0,0.0,12.83,0.0,0.0,51.3,0,0,0-0
"Beverages, V8 SPLASH Smoothies, Strawberry Banana",0.0,0.0,8.16,1.22,0.0,37.5,0,0,0-0
"Beverages, V8 SPLASH Smoothies, Tropical Colada",0.0,0.0,8.54,1.22,0.4,39.0,0,0,0-0
"Beverages, Coconut water, ready-to-drink, unsweetened",0.0,0.0,4.24,0.22,0.0,17.8,0,0,0-0
"Beverages, almond milk, unsweetened, shelf stable",0.96,0.08,1.31,0.4,0.2,15.5,0,0,0-0
"Alcoholic Beverage, wine, table, red, Cabernet Sauvignon",0.0,0.0,2.6,0.07,0.0,10.7,0,0,0-0
"Alcoholic Beverage, wine, table, red, Cabernet Franc",0.0,0.0,2.45,0.07,0.0,10.1,0,0,0-0
"Alcoholic Beverage, wine, table, red, Pinot Noir",0.0,0.0,2.31,0.07,0.0,9.5,0,0,0-0
"Alcoholic Beverage, wine, table, red, Syrah",0.0,0.0,2.58,0.07,0.0,10.6,0,0,0-0
"Alcoholic beverage, wine, table, white",0.0,0.0,2.6,0.07,0.0,10.7,0,0,0-0
"Alcoholic Beverage, wine, table, red, Lemberger",0.0,0.0,2.46,0.07,0.0,10.1,0,0,0-0
"Alcoholic Beverage, wine, table, red, Sangiovese",0.0,0.0,2.62,0.07,0.0,10.8,0,0,0-0
"Alcoholic Beverage, wine, table, red, Carignane",0.0,0.0,2.4,0.07,0.0,9.9,0,0,0-0
"Alcoholic beverage, wine, table, white, Pinot Gris (Grigio)",0.0,0.0,2.06,0.07,0.0,8.5,0,0,0-0
"Beverages, carbonated, club soda",0.0,0.0,0.0,0.0,0.0,0.0,0,0,0-0
"Alcoholic beverage, wine, table, white, Gewurztraminer",0.0,0.0,2.6,0.07,0.0,10.7,0,0,0-0
"Alcoholic beverage, wine, table, white, Semillon",0.0,0.0,3.12,0.07,0.0,12.8,0,0,0-0
"Beverages, carbonated, ginger ale",0.0,0.0,8.76,0.0,0.0,35.0,0,0,0-0
"Beverages, NESTEA, tea, black, ready-to-drink, lemon",0.0,0.0,9.09,0.0,0.0,36.4,0,0,0-0
"Alcoholic beverage, wine, table, white, Pinot Blanc",0.0,0.0,1.94,0.07,0.0,8.0,0,0,0-0
"Beverages, carbonated, low calorie, cola or pepper-type, with aspartame, without caffeine",0.0,0.0,0.12,0.12,0.0,1.0,0,0,0-0
"Beverages, carbonated, cola, without caffeine",0.0,0.0,10.58,0.0,0.0,42.3,0,0,0-0
"Beverages, carbonated, cola, regular",0.25,0.0,10.36,0.0,0.0,43.7,0,0,0-0
"Beverages, carbonated, reduced sugar, cola, contains caffeine and sweeteners",0.0,0.0,5.16,0.0,0.0,20.6,0,0,0-0
"Beverages, carbonated, orange",0.0,0.0,12.3,0.0,0.0,49.2,0,0,0-0
"Beverages, tea, black, ready-to-drink, peach, diet",0.0,0.0,0.25,0.0,0.0,1.0,0,0,0-0
"Beverages, OCEAN SPRAY, Ruby Red cranberry",0.01,0.003,11.58,0.07,0.6,46.7,0,0,0-0
"Lemonade, powder, prepared with water",0.04,0.0,3.59,0.0,0.0,14.7,0,0,0-0
"Beverages, lemonade-flavor drink, powder, prepared with water",0.07,0.0,6.9,0.0,0.0,28.2,0,0,0-0
"Limeade, frozen concentrate, prepared with water",0.0,0.0,13.79,0.0,0.0,55.2,0,0,0-0
"Malt beverage, includes non-alcoholic beer",0.12,0.024,8.05,0.21,0.0,34.1,0,0,0-0
"Beverages, Malted drink mix, chocolate, with added nutrients, powder, prepared with whole milk",3.26,1.873,11.19,3.29,0.4,87.3,0,0,0-0
"Beverages, Malted drink mix, chocolate, powder, prepared with whole milk",3.29,1.883,11.2,3.37,0.5,87.9,0,0,0-0
"Beverages, orange drink, canned, with added vitamin C",0.07,0.002,12.34,0.0,0.0,50.0,0,0,0-0
"Beverages, Strawberry-flavor beverage mix, powder, prepared with whole milk",3.1,1.91,12.3,3.0,0.0,89.1,0,0,0-0
"Beverages, tea, black, brewed, prepared with tap water, decaffeinated",0.0,0.002,0.3,0.0,0.0,1.2,0,0,0-0
"Beverages, tea, instant, unsweetened, prepared with water",0.0,0.0,0.17,0.06,0.0,0.9,0,0,0-0
"Beverages, tea, Oolong, brewed",0.0,0.0,0.15,0.0,0.0,0.6,0,0,0-0
"Sauce, white, thin, prepared-from-recipe, with butter",2.56,1.6,8.29,3.95,0.1,72.0,0,0,0-0
"Sauce, sweet and sour, prepared-from-recipe",0.58,0.144,16.72,1.84,0.4,79.5,0,0,0-0
"Cereals, QUAKER, Oat Bran, QUAKER/MOTHER'S Oat Bran, prepared with water, no salt",0.95,0.17,7.49,2.03,1.7,46.6,0,0,0-0
"Beverages, MOTTS, Apple juice light, fortified with vitamin C",0.1,0.0,5.1,0.0,0.0,21.3,0,0,0-0
"Bread, stuffing, dry mix, prepared",12.05,2.319,18.84,2.73,0.8,194.7,0,1,0-1
"Croissants, apple",8.7,4.994,37.1,7.4,2.5,256.3,0,1,0-1
"Pancakes, plain, dry mix, complete, prepared",2.5,0.507,36.7,5.2,1.3,190.1,0,1,0-1
"Pancakes, plain, dry mix, incomplete, prepared",7.7,2.045,28.9,7.8,1.9,216.1,0,1,0-1
"Pancakes, whole-wheat, dry mix, incomplete, prepared",6.5,1.749,29.4,8.5,2.8,210.1,0,1,0-1
"Pie, apple, commercially prepared, enriched flour",11.0,3.797,34.0,1.9,1.6,242.6,0,1,0-1
"Pie, banana cream, prepared from mix, no-bake type",12.9,6.904,31.6,3.4,0.6,256.1,0,1,0-1
"Pie, peach",10.0,1.508,32.9,1.9,0.8,229.2,0,1,0-1
"Leavening agents, baking soda",0.0,0.0,0.0,0.0,0.0,0.0,0,0,0-0
"Leavening agents, yeast, baker's, compressed",1.9,0.243,18.1,8.4,8.1,123.1,0,1,0-1
"Beverages, tea, instant, lemon, sweetened, prepared with water",0.06,0.008,8.61,0.01,0.1,35.0,0,0,0-0
"Beverages, cocoa mix, with aspartame, powder, prepared with water",0.23,0.139,5.61,1.21,0.6,29.4,0,0,0-0
"Beverages, carbonated, cola, fast-food cola",0.02,0.0,9.56,0.07,0.0,38.7,0,0,0-0
"Beverages, fruit punch juice drink, frozen concentrate",0.7,0.087,43.1,0.3,0.2,179.9,0,1,0-1
"Beverages, fruit punch juice drink, frozen concentrate, prepared with water",0.17,0.021,11.4,0.07,0.0,47.4,0,0,0-0
"Beverages, water, tap, well",0.0,0.0,0.0,0.0,0.0,0.0,0,0,0-0
"Alcoholic beverage, liqueur, coffee with cream, 34 proof",15.7,9.664,20.9,2.8,0.0,236.1,0,1,0-1
"Beverages, carbonated, low calorie, cola or pepper-type, with aspartame, contains caffeine",0.03,0.0,0.29,0.11,0.0,1.9,0,0,0-0
"Beverages, Orange drink, breakfast type, with juice and pulp, frozen concentrate",0.0,0.002,39.0,0.4,0.1,157.6,0,1,0-1
"Beverages, Orange drink, breakfast type, with juice and pulp, frozen concentrate, prepared with water",0.0,0.001,11.32,0.12,0.0,45.8,0,0,0-0
"Beverages, shake, fast food, strawberry",2.8,1.734,18.9,3.4,0.4,114.4,0,1,0-1
"Beverages, water, tap, municipal",0.0,0.0,0.0,0.0,0.0,0.0,0,0,0-0
"Beverages, The COCA-COLA company, DASANI, water, bottled, non-carbonated",0.0,0.0,0.0,0.0,0.0,0.0,0,0,0-0
"Beverages, orange breakfast drink, ready-to-drink, with added nutrients",0.0,0.0,13.2,0.0,0.1,52.8,0,0,0-0
"Beverages, water, bottled, non-carbonated, CALISTOGA",0.0,0.0,0.0,0.0,0.0,0.0,0,0,0-0
"Beverages, water, bottled, non-carbonated, CRYSTAL GEYSER",0.0,0.0,0.0,0.0,0.0,0.0,0,0,0-0
"Beverages, COCA-COLA, POWERADE, lemon-lime flavored, ready-to-drink",0.05,0.008,7.84,0.0,0.0,31.8,0,0,0-0
"Beverages, Propel Zero, fruit-flavored, non-carbonated",0.0,0.0,1.14,0.0,0.0,4.6,0,0,0-0
"Beverages, ARIZONA, tea, ready-to-drink, lemon",0.0,0.0,9.77,0.0,0.0,39.1,0,0,0-0
"Beverages, LIPTON BRISK, tea, black, ready-to-drink, lemon",0.0,0.0,8.81,0.0,0.0,35.2,0,0,0-0
"Alcoholic beverage, wine, dessert, dry",0.0,0.0,11.67,0.2,0.0,47.5,0,0,0-0
"Carbonated beverage, low calorie, other than cola or pepper, with sodium saccharin, without caffeine",0.0,0.0,0.1,0.0,0.0,0.4,0,0,0-0
"Beverages, fruit punch-flavor drink, powder, without added sodium, prepared with water",0.01,0.006,9.47,0.0,0.0,38.0,0,0,0-0
"Fish, pollock, Alaska, raw (may contain additives to retain moisture)",0.41,0.124,0.0,12.19,0.0,52.4,0,0,0-0
"Mollusks, oyster, eastern, wild, cooked, dry heat",2.65,0.736,4.23,8.87,0.0,76.2,0,0,0-0
"Mollusks, oyster, eastern, farmed, raw",1.55,0.443,5.53,5.22,0.0,57.0,0,0,0-0
"Mollusks, oyster, eastern, farmed, cooked, dry heat",2.12,0.683,7.28,7.0,0.0,76.2,0,0,0-0
"Beans, baked, canned, plain or vegetarian",0.37,0.071,21.14,4.75,4.1,106.9,0,1,0-1
"Beans, baked, canned, with franks",6.57,2.352,15.39,6.75,6.9,147.7,0,1,0-1
"Beans, baked, canned, with pork",1.55,0.599,19.99,5.19,5.5,114.7,0,1,0-1
"Beans, black turtle, mature seeds, cooked, boiled, without salt",0.35,0.089,24.35,8.18,8.3,133.3,0,1,0-1
"Beans, black turtle, mature seeds, canned",0.29,0.075,16.55,6.03,6.9,92.9,0,0,0-0
"Beans, great northern, mature seeds, cooked, boiled, without salt",0.45,0.14,21.09,8.33,7.0,121.7,0,1,0-1
"Beans, great northern, mature seeds, canned",0.39,0.12,21.02,7.37,4.9,117.1,0,1,0-1
"Beans, kidney, red, mature seeds, cooked, boiled, without salt",0.5,0.072,22.8,8.67,7.4,130.4,0,1,0-1
"Beans, kidney, red, mature seeds, canned, solids and liquids",0.36,0.125,14.83,5.22,4.3,83.4,0,0,0-0
"Beans, kidney, royal red, mature seeds, cooked, boiled, without salt",0.17,0.024,21.85,9.49,9.3,126.9,0,1,0-1
"Beans, pink, mature seeds, cooked, boiled, without salt",0.49,0.126,27.91,9.06,5.3,152.3,0,1,0-1
"Beans, pinto, mature seeds, cooked, boiled, without salt",0.65,0.136,26.22,9.01,9.0,146.8,0,1,0-1
"Beans, pinto, mature seeds, canned, solids and liquids",0.56,0.123,15.18,4.6,4.6,84.2,0,0,0-0
"Beans, white, mature seeds, cooked, boiled, without salt",0.35,0.091,25.09,9.73,6.3,142.4,0,1,0-1
"Beans, white, mature seeds, canned",0.29,0.074,21.2,7.26,4.8,116.4,0,1,0-1
"Chickpeas (garbanzo beans, bengal gram), mature seeds, canned, solids and liquids",1.95,0.204,13.49,4.92,4.4,91.2,0,0,0-0
"Chili with beans, canned",3.76,1.133,13.24,6.12,3.3,111.3,0,1,0-1
"Cowpeas, catjang, mature seeds, cooked, boiled, without salt",0.71,0.185,20.32,8.13,3.6,120.2,0,1,0-1
"Vitasoy USA, Vitasoy Organic Creamy Original Soymilk",1.6,0.2,4.5,2.9,0.4,44.0,0,0,0-0
"Vitasoy USA, Vitasoy Organic Classic Original Soymilk",1.8,0.21,4.5,3.2,0.4,47.0,0,0,0-0
"Vitasoy USA, Vitasoy Light Vanilla Soymilk",0.82,0.18,4.1,1.6,0.1,30.2,0,0,0-0
"Soymilk (all flavors), unsweetened, with added calcium, vitamins A and D",1.61,0.206,1.74,2.86,0.5,32.9,0,0,0-0
"Soymilk (all flavors), nonfat, with added calcium, vitamins A and D",0.04,0.0,4.14,2.47,0.2,26.8,0,0,0-0
"Soymilk, chocolate, nonfat, with added calcium, vitamins A and D",0.04,0.0,8.51,2.47,0.2,44.3,0,0,0-0
"SILK Plain, soymilk",1.65,0.206,3.29,2.88,0.4,39.5,0,0,0-0
"SILK Vanilla, soymilk",1.44,0.206,4.12,2.47,0.4,39.3,0,0,0-0
"SILK Plus Omega-3 DHA, soymilk",2.06,0.206,3.29,2.88,0.4,43.2,0,0,0-0
"SILK Plus for Bone Health, soymilk",1.44,0.206,4.53,2.47,0.8,41.0,0,0,0-0
"SILK Plus Fiber, soymilk",1.44,0.206,5.76,2.47,2.1,45.9,0,0,0-0
"SILK Unsweetened, soymilk",1.65,0.206,1.65,2.88,0.4,33.0,0,0,0-0
"SILK Coffee, soymilk",1.44,0.206,10.29,2.06,0.0,62.4,0,0,0-0
SILK Vanilla soy yogurt (family size),1.76,0.22,13.66,2.64,0.4,81.0,0,0,0-0
SILK Vanilla soy yogurt (single serving size),1.76,0.0,14.71,2.94,0.6,86.4,0,0,0-0
SILK Plain soy yogurt,1.76,0.22,9.69,2.64,0.4,65.2,0,0,0-0
SILK Strawberry soy yogurt,1.18,0.0,18.24,2.35,0.6,93.0,0,0,0-0
SILK Key Lime soy yogurt,1.18,0.0,17.65,2.35,0.6,90.6,0,0,0-0
SILK Banana-Strawberry soy yogurt,1.18,0.0,17.06,2.35,0.6,88.3,0,0,0-0
SILK Original Creamer,6.67,0.0,6.67,0.0,0.0,86.7,0,0,0-0
SILK French Vanilla Creamer,6.67,0.0,20.0,0.0,0.0,140.0,0,1,0-1
"Vitasoy USA Organic Nasoya, Tofu Plus Firm",3.4,0.3,1.71,9.19,0.8,74.2,0,0,0-0
"Vitasoy USA Azumaya, Extra Firm Tofu",4.6,0.6,1.53,10.07,0.9,87.8,0,0,0-0
"Vitasoy USA Azumaya, Firm Tofu",4.2,0.5,1.52,9.08,0.6,80.2,0,0,0-0
"Beans, black, mature seeds, cooked, boiled, with salt",0.54,0.139,23.71,8.86,8.7,135.1,0,1,0-1
"Beans, black, mature seeds, canned, low sodium",0.29,0.075,16.55,6.03,6.9,92.9,0,0,0-0
"Beans, black turtle, mature seeds, cooked, boiled, with salt",0.35,0.089,24.35,8.18,8.3,133.3,0,1,0-1
"Beans, cranberry (roman), mature seeds, cooked, boiled, with salt",0.46,0.119,24.46,9.34,8.6,139.3,0,1,0-1
"Beans, french, mature seeds, cooked, boiled, with salt",0.76,0.083,24.02,7.05,9.4,131.1,0,1,0-1
"Beans, kidney, red, mature seeds, cooked, boiled, with salt",0.5,0.072,22.8,8.67,7.4,130.4,0,1,0-1
"Beans, kidney, red, mature seeds, canned, drained solids, rinsed in tap water",0.93,0.328,20.8,8.12,6.0,124.0,0,1,0-1
"Beans, kidney, royal red, mature seeds, cooked, boiled with salt",0.17,0.024,21.85,9.49,9.3,126.9,0,1,0-1
"Beans, kidney, red, mature seeds, canned, solids and liquid, low sodium",0.36,0.125,14.83,5.22,5.3,83.4,0,0,0-0
"Beans, small white, mature seeds, cooked, boiled, with salt",0.64,0.166,25.81,8.97,10.4,144.9,0,1,0-1
"Beans, pinto, mature seeds, canned, solids and liquids, low sodium",0.56,0.116,15.18,4.6,4.6,84.2,0,0,0-0
"Beans, yellow, mature seeds, cooked, boiled, with salt",1.08,0.279,25.28,9.16,10.4,147.5,0,1,0-1
"Beans, white, mature seeds, cooked, boiled, with salt",0.35,0.091,25.09,9.73,6.3,142.4,0,1,0-1
"Chickpeas (garbanzo beans, bengal gram), mature seeds, canned, solids and liquids, low sodium",1.95,0.204,13.49,4.92,4.4,91.2,0,0,0-0
"Cowpeas, catjang, mature seeds, cooked, boiled, with salt",0.71,0.185,20.32,8.13,3.6,120.2,0,1,0-1
"Cowpeas, common (blackeyes, crowder, southern), mature seeds, cooked, boiled, with salt",0.53,0.138,20.76,7.73,6.5,118.7,0,1,0-1
"Lentils, mature seeds, cooked, boiled, with salt",0.38,0.053,19.54,9.02,7.9,117.7,0,1,0-1
"Mung beans, mature seeds, cooked, boiled, with salt",0.38,0.116,19.15,7.02,7.6,108.1,0,1,0-1
"Mungo beans, mature seeds, cooked, boiled, with salt",0.55,0.038,18.34,7.54,6.4,108.5,0,1,0-1
"Peas, split, mature seeds, cooked, boiled, with salt",0.39,0.054,20.51,8.34,8.3,118.9,0,1,0-1
"Mushroom, lion's mane",0.2563,0.0,7.5897,2.5,4.376,42.7,0,0,0-0
"Mushroom, oyster",0.1875,0.0,6.94125,2.89875,2.85,41.0,0,0,0-0
"Mushrooms, shiitake",0.195,0.0,8.170625,2.414375,4.166,44.1,0,0,0-0
"Mushrooms, white button",0.3708,0.0,4.079375,2.890625,1.717,31.2,0,0,0-0
"Soy milk, unsweetened, plain, shelf stable",2.125,0.3138,1.293125,3.546875,0.0,38.5,0,0,0-0
"Almond milk, unsweetened, plain, shelf stable",1.221,0.1038,0.3371125,0.5546875,0.0,14.6,0,0,0-0
"Spinach, baby",0.6188,0.0,2.406325,2.851875,1.558,26.6,0,0,0-0
"Spinach, mature",0.6044,0.0,2.64135,2.90625,1.588,27.6,0,0,0-0
"Tomato, roma",0.425,0.0,3.837475,0.695625,0.9706,22.0,0,0,0-0
"Tomato juice, with added ingredients, from concentrate, shelf stable",0.2875,0.0,4.320625,0.859375,0.0,23.3,0,0,0-0
"Mushroom, portabella",0.3117,0.0,4.6583,2.75,1.879,32.4,0,0,0-0
"Mushroom, king oyster",0.3075,0.0,8.50065,2.40625,3.009,46.4,0,0,0-0
"Mushroom, enoki",0.245,0.0,8.141425,2.416875,2.945,44.4,0,0,0-0
"Mushroom, crimini",0.1967,0.0,4.01455,3.09375,1.781,30.2,0,0,0-0
"Mushroom, maitake",0.265,0.0,6.604375,2.203125,3.071,37.6,0,0,0-0
"Mushroom, beech",0.4494,0.0,6.7593,2.18,3.139,39.8,0,0,0-0
"Mushroom, pioppini",0.24,0.0,5.7637,3.5,2.753,39.2,0,0,0-0
"Soy milk, sweetened, plain, refrigerated",1.957,0.0,2.996125,2.776875,0.0,40.7,0,0,0-0
"Almond milk, unsweetened, plain, refrigerated",1.558,0.0,0.67075,0.65625,0.0,19.3,0,0,0-0
"Oat milk, unsweetened, plain, refrigerated",2.749,0.0,5.100325,0.796875,0.0,48.3,0,0,0-0
"Carrots, mature, raw",0.3506,0.0,10.26755,0.94125,3.095,48.0,0,0,0-0
"Carrots, baby, raw",0.1375,0.0,9.0787,0.805,2.694,40.8,0,0,0-0
"Peppers, bell, green, raw",0.1063,0.0,4.7781,0.715,0.9419,22.9,0,0,0-0
"Peppers, bell, yellow, raw",0.1211,0.0,6.601725,0.819375,1.071,30.8,0,0,0-0
"Peppers, bell, red, raw",0.1256,0.0,6.653175,0.895625,1.158,31.3,0,0,0-0
"Peppers, bell, orange, raw",0.1556,0.0,6.703125,0.881875,0.9674,31.7,0,0,0-0
"Buttermilk, low fat",1.081,0.5525,4.811522,3.464978,0.0,42.8,0,0,0-0
"Yogurt, Greek, plain, whole milk",4.394,2.393,4.75402,8.77888,0.0,93.7,0,0,0-0
"Cottage cheese, full fat, large or small curd",4.225,2.601,4.59964,11.62436,0.0,102.9,0,1,0-1
"Lettuce, iceberg, raw",0.07375,0.0,3.36875,0.7425,0.0,17.1,0,0,0-0
"Lettuce, romaine, green, raw",0.07125,0.0,4.055575,0.976875,0.0,20.8,0,0,0-0
"Lettuce, leaf, red, raw",0.1063,0.0,3.260575,0.883125,0.0,17.5,0,0,0-0
"Lettuce, leaf, green, raw",0.1563,0.0,4.06615,1.09375,0.0,22.0,0,0,0-0
"Pineapple, raw",0.2113,0.0,14.0914625,0.4609375,0.9346,60.1,0,0,0-0
"Beans, snap, green, raw",0.275,0.0,7.41245,1.96875,3.011,40.0,0,0,0-0
"Celery, raw",0.1625,0.0,3.3165125,0.4921875,0.0,16.7,0,0,0-0
"Cucumber, with peel, raw",0.1775,0.0,2.9525,0.625,0.0,15.9,0,0,0-0
"Flour, buckwheat",2.484,0.0,75.01808,8.88492,10.35,358.0,1,0,1-0
"Flour, rye",1.908,0.0,77.1618,8.3952,13.68,359.4,1,0,1-0
"Flour, barley",2.45,0.0,77.39832,8.72168,12.79,366.5,1,0,1-0
"Flour, cassava",0.4938,0.0,87.312975,0.918225,4.834,357.4,1,0,1-0
"Rice, white, long grain, unenriched, raw",1.033,0.0,80.31315,7.03885,0.1488,358.7,1,0,1-0
"Flour, chestnut",4.636,0.689,80.45025,5.28675,8.711,384.7,1,0,1-0
"Flour, coconut",15.28,13.999,58.9025,16.1385,34.24,437.7,1,1,1-1
"Bulgur, dry, raw",2.421,0.0,75.88175,11.75625,11.72,372.3,1,0,1-0
"Wild rice, dry, raw",1.704,0.0,75.6695,12.7875,4.26,369.2,1,0,1-0
"Fonio, grain, dry, raw",1.693,0.0,81.30525,7.16875,2.197,369.1,1,0,1-0
"Khorasan, grain, dry, raw",2.8,0.0,71.79427,14.75573,10.52,371.4,1,0,1-0
"Flour, wheat, all-purpose, unenriched, unbleached",1.7,0.0,74.6,12.0,3.0,361.7,1,0,1-0
"Flour, whole wheat, unenriched",2.73,0.0,71.2,15.1,10.6,369.8,1,0,1-0
"Flour, rice, white, unenriched",1.3,0.0,79.8,6.94,0.5,358.7,1,0,1-0
"Flour, corn, yellow, fine meal, enriched",1.74,0.0,80.8,6.2,4.3,363.7,1,0,1-0
"Bread, white, commercially prepared",3.59,0.821,49.2,9.43,2.3,266.8,1,0,1-0
"Cookies, oatmeal, soft, with raisins",14.3,4.78,69.6,5.79,3.3,430.3,1,0,1-0
"Figs, dried, uncooked",0.92,0.0,63.9,3.3,9.8,277.1,1,0,1-0
"Pillsbury Golden Layer Buttermilk Biscuits, Artificial Flavor, refrigerated dough",13.24,2.941,41.18,5.88,1.2,307.4,1,0,1-0
"Pillsbury, Cinnamon Rolls with Icing, refrigerated dough",11.27,3.25,53.42,4.34,1.4,332.5,1,0,1-0
"Waffles, buttermilk, frozen, ready-to-heat",9.22,1.898,41.05,6.58,2.2,273.5,1,0,1-0
"Waffle, buttermilk, frozen, ready-to-heat, toasted",9.49,2.275,48.39,7.42,2.6,308.7,1,0,1-0
"Waffle, buttermilk, frozen, ready-to-heat, microwaved",9.4,2.057,44.16,6.92,2.4,288.9,1,0,1-0
"Waffle, plain, frozen, ready-to-heat, microwave",9.91,1.58,45.41,6.71,2.4,297.7,1,0,1-0
"Pie Crust, Cookie-type, Graham Cracker, Ready Crust",24.83,4.999,64.3,5.1,1.9,501.1,1,1,1-1
"Pie Crust, Cookie-type, Chocolate, Ready Crust",22.42,4.725,64.48,6.08,2.7,484.0,1,1,1-1
"Pie, Dutch Apple, Commercially Prepared",11.5,2.313,44.54,2.17,1.6,290.3,1,0,1-0
"Pie crust, deep dish, frozen, unbaked, made with enriched flour",28.74,8.129,46.79,5.52,1.4,467.9,1,1,1-1
"Waffles, chocolate chip, frozen, ready-to-heat",10.1,3.567,45.68,5.8,1.5,296.8,1,0,1-0
"Tostada shells, corn",23.38,7.011,64.43,6.15,5.8,492.7,1,1,1-1
"Bread, salvadoran sweet cheese (quesadilla salvadorena)",17.12,4.612,47.84,7.12,0.7,373.9,1,1,1-1
"Bread, pound cake type, pan de torta salvadoran",17.45,3.042,51.29,7.06,1.7,390.4,1,1,1-1
"Pastry, Pastelitos de Guava (guava pastries)",18.5,5.535,47.76,5.48,2.2,379.5,1,1,1-1
"Crackers, snack, Goya Crackers",13.35,6.323,64.35,14.25,3.8,434.6,1,1,1-1
"Crackers, cream, Gamesa Sabrosas",20.37,5.362,64.55,7.01,2.4,469.6,1,1,1-1
"Crackers, cream, La Moderna Rikis Cream Crackers",19.5,2.634,64.88,7.19,2.4,463.8,1,1,1-1
"Bread, white wheat",2.15,0.63,43.91,10.66,9.2,237.6,1,0,1-0
"Bagels, wheat",1.53,0.0,48.89,10.2,4.1,250.1,1,0,1-0
"Cream puff, eclair, custard or cream filled, iced",18.52,7.055,37.43,4.41,0.9,334.0,1,1,1-1
"Tortillas, ready-to-bake or -fry, flour, shelf stable",7.58,1.225,49.27,8.01,2.4,297.3,1,0,1-0
"Snacks, corn-based, extruded, chips, plain",33.36,4.331,57.27,6.17,4.0,554.0,1,1,1-1
"Snacks, corn-based, extruded, chips, barbecue-flavor",32.7,4.46,56.2,7.0,5.2,547.1,1,1,1-1
"Snacks, corn-based, extruded, cones, plain",26.9,22.75,62.9,5.8,1.1,516.9,1,1,1-1
"Snacks, fruit leather, pieces",2.68,0.65,82.82,1.0,0.0,359.4,1,0,1-0
"Snacks, fruit leather, rolls",3.0,0.672,85.8,0.1,0.0,370.6,1,0,1-0
"Snacks, granola bars, hard, plain",19.8,2.37,64.4,10.1,5.3,476.2,1,1,1-1
"Snacks, granola bars, hard, almond",25.5,12.51,62.0,7.7,4.8,508.3,1,1,1-1
"Snacks, granola bars, soft, uncoated, raisin",17.8,9.57,66.4,7.6,4.2,456.2,1,1,1-1
"Snacks, granola bars, soft, coated, milk chocolate coating, chocolate chip",24.9,14.22,63.8,5.8,3.4,502.5,1,1,1-1
"Candies, honey-combed, with peanut butter",20.18,5.735,67.41,8.72,1.9,486.1,1,1,1-1
"Snacks, granola bars, soft, coated, milk chocolate coating, peanut butter",31.1,17.01,53.4,10.2,2.8,534.3,1,1,1-1
"Snacks, granola bars, soft, uncoated, peanut butter and chocolate chip",20.0,5.59,62.2,9.8,4.2,468.0,1,1,1-1
"Snacks, popcorn, cakes",3.1,0.48,80.1,9.7,2.9,387.1,1,0,1-0
"Snacks, popcorn, caramel-coated, with peanuts",7.8,1.04,80.7,6.4,3.8,418.6,1,0,1-0
"Snacks, popcorn, caramel-coated, without peanuts",12.8,3.61,79.1,3.8,5.2,446.8,1,0,1-0
"Snacks, potato chips, made from dried potatoes, reduced fat",26.14,6.759,64.76,4.56,3.2,512.5,1,1,1-1
"Snacks, potato chips, made from dried potatoes, sour-cream and onion-flavor",37.0,9.47,51.3,6.6,1.2,564.6,1,1,1-1
"Snacks, pretzels, hard, plain, salted",2.93,0.391,80.39,10.04,3.4,388.1,1,0,1-0
"Snacks, pretzels, hard, confectioner's coating, chocolate-flavor",16.7,7.68,70.9,7.5,2.4,463.9,1,1,1-1
"Snacks, rice cakes, brown rice, sesame seed",3.8,0.54,81.5,7.6,5.4,390.6,1,0,1-0
"Snacks, tortilla chips, plain, white corn, salted",20.68,2.811,67.78,7.1,5.4,485.6,1,1,1-1
"Snacks, tortilla chips, nacho cheese",27.42,3.876,60.81,7.36,5.1,519.5,1,1,1-1
"Snacks, tortilla chips, ranch-flavor",24.63,3.539,62.74,7.19,4.0,501.4,1,1,1-1
"Candies, ALMOND JOY Candy Bar",26.93,17.59,59.51,4.13,5.0,496.9,1,1,1-1
"Candies, TWIZZLERS CHERRY BITES",1.7,0.25,79.38,2.97,0.1,344.7,1,0,1-0
"Candies, NESTLE, BIT-O'-HONEY Candy Chews",7.5,5.5,80.89,2.0,0.2,399.1,1,0,1-0
"Candies, NESTLE, BUTTERFINGER Bar",18.9,9.5,72.9,5.4,2.0,483.3,1,1,1-1
"Candies, caramels, chocolate-flavor roll",3.31,0.967,87.73,1.59,0.1,387.1,1,0,1-0
"Candies, confectioner's coating, yogurt",27.0,24.104,63.94,5.87,0.0,522.2,1,1,1-1
"Candies, confectioner's coating, peanut butter",29.8,13.12,46.88,18.3,5.0,528.9,1,1,1-1
"Candies, white chocolate",32.09,19.412,59.24,5.87,0.2,549.3,1,1,1-1
"Candies, fudge, peanut butter, prepared-from-recipe",6.59,1.721,77.75,3.78,0.7,385.4,1,0,1-0
"Candies, fudge, vanilla, prepared-from-recipe",5.45,3.382,82.15,1.05,0.0,381.8,1,0,1-0
"Candies, fudge, vanilla with nuts",13.69,3.828,74.61,3.0,0.9,433.6,1,0,1-0
"Candies, NESTLE, GOOBERS Chocolate Covered Peanuts",34.0,12.1,53.0,9.7,9.7,556.8,1,1,1-1
"Candies, NESTLE, BABY RUTH Bar",21.6,12.1,64.8,5.4,2.0,475.2,1,1,1-1
"Candies, TWIZZLERS Strawberry Twists Candy",2.32,0.0,79.16,2.56,0.0,347.8,1,0,1-0
"Syrups, table blends, pancake, with butter",0.09,0.0,72.43,0.0,0.0,290.5,1,0,1-0
"Candies, NESTLE, CHUNKY Bar",27.5,12.5,60.4,7.5,2.5,519.1,1,1,1-1
"Candies, milk chocolate",29.66,18.509,59.4,7.65,3.4,535.1,1,1,1-1
"Crunchmaster, Multi-Grain Crisps, Snack Crackers, Gluten-Free",15.92,2.069,67.18,10.91,7.5,455.6,1,1,1-1
"Glutino, Gluten Free Cookies, Chocolate Vanilla Creme",17.89,7.905,76.03,2.19,2.5,473.9,1,1,1-1
"Glutino, Gluten Free Cookies, Vanilla Creme",18.79,8.094,77.34,2.19,0.0,487.2,1,1,1-1
"Pepperidge Farm, Goldfish, Baked Snack Crackers, Original",18.42,1.432,65.81,9.42,2.4,466.7,1,1,1-1
"Pepperidge Farm, Goldfish, Baked Snack Crackers, Parmesan",17.29,2.614,64.7,11.16,3.5,459.0,1,1,1-1
"Pepperidge Farm, Goldfish, Baked Snack Crackers, Pizza",18.93,2.137,65.11,9.67,3.5,469.5,1,1,1-1
"Rudi's, Gluten-Free Bakery, Original Sandwich Bread",10.7,0.339,52.83,3.13,3.5,320.1,1,0,1-0
"Udi's, Gluten Free, Soft & Delicious White Sandwich Bread",8.02,0.629,51.15,5.4,5.5,298.4,1,0,1-0
"Udi's, Gluten Free, Soft & Hearty Whole Grain Bread",9.34,0.266,49.09,7.25,4.9,309.4,1,0,1-0
"Udi's, Gluten Free, Whole Grain Dinner Rolls",11.6,1.381,44.29,11.8,11.2,328.8,1,0,1-0
"Seaweed, Canadian Cultivated EMI-TSUNOMATA, dry",1.39,0.45,46.24,15.34,36.7,258.8,1,0,1-0
"Corn, dried, yellow (Northern Plains Indians)",10.64,1.974,66.27,14.48,20.5,418.8,1,0,1-0
"Beverages, fruit-flavored drink, dry powdered mix, low calorie, with aspartame",0.04,0.0,87.38,0.45,0.1,351.7,1,0,1-0
"Cream substitute, powdered, light",15.7,3.8,73.4,1.9,0.0,442.5,1,1,1-1
"Candies, MARS SNACKFOOD US, M&M's Peanut Butter Chocolate Candies",29.32,18.485,56.89,10.16,4.0,532.1,1,1,1-1
"Candies, MARS SNACKFOOD US, MILKY WAY Midnight Bar",17.5,11.474,71.22,3.2,2.9,455.2,1,1,1-1
"Beverages, fruit-flavored drink, powder, with high vitamin C with other added vitamins, low calorie",0.16,0.01,91.0,0.25,2.2,366.4,1,0,1-0
"Cereals ready-to-eat, POST, Shredded Wheat n' Bran, spoon-size",2.06,0.43,80.65,10.93,14.7,384.9,1,0,1-0
"Millet, puffed",3.4,0.67,80.0,13.0,2.7,402.6,1,0,1-0
"Cereals ready-to-eat, OAT BRAN FLAKES, HEALTH VALLEY",3.0,1.0,78.0,10.0,8.0,379.0,1,0,1-0
"Babyfood, rice and apples, dry",2.4,0.503,86.89,6.7,3.0,396.0,1,0,1-0
"Babyfood, cereal, rice with pears and apple, dry, instant fortified",0.9,0.185,88.5,6.6,2.6,388.5,1,0,1-0
"Breakfast bar, corn flake crust with fruit",7.5,1.5,72.8,4.4,2.1,376.3,1,0,1-0
"Beverages, Cocktail mix, non-alcoholic, concentrated, frozen",0.01,0.003,71.6,0.08,0.0,286.8,1,0,1-0
"Puddings, chocolate flavor, low calorie, regular, dry mix",3.0,1.578,74.42,10.08,10.1,365.0,1,0,1-0
"Puddings, all flavors except chocolate, low calorie, regular, dry mix",0.1,0.018,86.04,1.6,0.9,351.5,1,0,1-0
"Syrup, Cane",0.0,0.0,73.14,0.0,0.0,292.6,1,0,1-0
"Tamarinds, raw",0.6,0.272,62.5,2.8,5.1,266.6,1,0,1-0
Prune puree,0.2,0.016,65.1,2.1,3.3,270.6,1,0,1-0
"Pillsbury Grands, Buttermilk Biscuits, refrigerated dough",11.34,4.07,42.41,6.16,1.5,296.3,1,0,1-0
"Heinz, Weight Watcher, Chocolate Eclair, frozen",6.9,1.4,40.3,4.4,2.1,240.9,1,0,1-0
"Interstate Brands Corp, Wonder Hamburger Rolls",4.15,1.013,50.84,8.07,2.6,273.0,1,0,1-0
"Nabisco, Nabisco Snackwell's Fat Free Devil's Food Cookie Cakes",1.09,0.427,74.25,5.0,1.6,326.8,1,0,1-0
"Crackers, cheese, sandwich-type with cheese filling",24.41,4.81,58.76,8.92,1.9,490.4,1,1,1-1
"Pancakes, plain, frozen, ready-to-heat, microwave (includes buttermilk)",4.73,0.855,43.33,5.88,2.5,239.4,1,0,1-0
"Toaster Pastries, fruit, frosted (include apples, blueberry, cherry, strawberry)",9.02,3.091,71.83,4.01,1.8,384.5,1,0,1-0
"Toaster pastries, fruit, toasted (include apple, blueberry, cherry, strawberry)",11.03,2.637,72.7,4.7,1.0,408.9,1,0,1-0
"Muffin, blueberry, commercially prepared, low-fat",4.22,1.549,50.05,4.23,4.2,255.1,1,0,1-0
"Pie crust, refrigerated, regular, baked",28.69,11.087,58.52,3.41,1.4,505.9,1,1,1-1
"Pie crust, deep dish, frozen, baked, made with enriched flour",31.84,8.862,52.47,6.1,2.3,520.8,1,1,1-1
"Pie crust, refrigerated, regular, unbaked",25.46,9.596,51.11,2.97,1.8,445.5,1,1,1-1
"Crackers, whole-wheat, reduced fat",7.59,1.067,75.52,11.34,10.9,415.8,1,0,1-0
"Crackers, wheat, reduced fat",13.37,2.112,71.52,9.34,3.4,443.8,1,0,1-0
"Bread, pan dulce, sweet yeast bread",11.58,2.183,56.38,9.42,2.3,367.4,1,0,1-0
"Garlic bread, frozen",16.61,5.281,41.72,8.36,2.5,349.8,1,1,1-1
"Cinnamon buns, frosted (includes honey buns)",26.61,12.649,48.6,4.45,1.2,451.7,1,1,1-1
"Crackers, cheese, reduced fat",11.67,3.333,68.19,10.0,3.3,417.8,1,0,1-0
"Crackers, saltines, whole wheat (includes multi-grain)",10.71,0.0,68.25,7.14,6.7,398.0,1,0,1-0
"Bread, potato",3.13,0.0,47.07,12.5,6.3,266.4,1,0,1-0
"Bread, cheese",20.83,6.25,44.83,10.42,2.1,408.5,1,1,1-1
"SCHIFF,TIGER'S MILK BAR",14.29,2.073,56.46,16.8,2.3,421.6,1,1,1-1
"Candies, TOBLERONE, milk chocolate with honey and almond nougat",28.57,17.143,61.21,5.71,2.5,524.8,1,1,1-1
"Snacks, corn-based, extruded, onion-flavor",22.6,4.34,65.1,7.7,3.9,494.6,1,1,1-1
"Snacks, corn-based, extruded, puffs or twists, cheese-flavor",36.54,3.749,54.54,5.46,0.8,568.9,1,1,1-1
"Snacks, KRAFT, CORNNUTS, plain",15.64,2.43,71.86,8.5,6.9,462.2,1,1,1-1
"Snacks, crisped rice bar, chocolate chip",13.5,5.24,73.0,5.1,2.2,433.9,1,0,1-0
"Snacks, granola bars, hard, chocolate chip",16.3,11.41,72.1,7.3,4.4,464.3,1,1,1-1
Fruit syrup,0.0,0.0,85.13,0.0,0.1,340.5,1,0,1-0
"Snacks, granola bars, soft, uncoated, plain",17.2,7.25,67.3,7.4,4.6,453.6,1,1,1-1
"Snacks, granola bars, soft, uncoated, peanut butter",15.8,3.65,64.4,10.5,4.3,441.8,1,1,1-1
"Topping, SMUCKER'S MAGIC SHELL",44.1,20.59,50.07,2.94,2.9,608.9,1,1,1-1
"Syrup, fruit flavored",0.02,0.0,65.1,0.0,0.0,260.6,1,0,1-0
"Snacks, oriental mix, rice-based",25.58,3.785,51.62,17.31,13.2,505.9,1,1,1-1
"Snacks, popcorn, air-popped",4.54,0.637,77.78,12.94,14.5,403.7,1,0,1-0
"Snacks, popcorn, cheese-flavor",33.2,6.41,51.6,9.3,9.9,542.4,1,1,1-1
"Snacks, potato chips, barbecue-flavor",31.06,4.002,55.92,6.51,3.8,529.3,1,1,1-1
"Snacks, potato chips, sour-cream-and-onion-flavor",33.9,8.89,51.5,8.1,5.2,543.5,1,1,1-1
"Snacks, M&M MARS, COMBOS Snacks Cheddar Cheese Pretzel",16.92,9.656,66.5,9.85,3.6,457.7,1,1,1-1
"Snacks, pretzels, hard, whole-wheat including both salted and unsalted",2.6,0.56,81.3,11.1,7.7,393.0,1,0,1-0
"Snacks, rice cracker brown rice, plain",2.8,0.57,81.5,8.2,4.2,384.0,1,0,1-0
"Snacks, rice cakes, brown rice, buckwheat",3.5,0.64,80.1,9.0,3.8,387.9,1,0,1-0
"Snacks, trail mix, regular, with chocolate chips, salted nuts and seeds",31.9,6.09,44.9,14.2,5.0,523.5,1,1,1-1
"Snacks, tortilla chips, taco-flavor",24.2,4.64,63.1,7.9,5.3,501.8,1,1,1-1
"Candies, TOOTSIE ROLL, chocolate-flavor roll",3.31,0.967,87.73,1.59,0.1,387.1,1,0,1-0
"Candies, butterscotch",3.3,2.065,90.4,0.03,0.0,391.4,1,0,1-0
"Candies, carob, unsweetened",31.36,29.018,56.29,8.15,3.8,540.0,1,1,1-1
"Candies, caramels",8.1,2.476,77.0,4.6,0.0,399.3,1,0,1-0
"Candies, CARAMELLO Candy Bar",21.19,12.72,63.81,6.19,1.2,470.7,1,1,1-1
"Candies, semisweet chocolate",30.0,17.75,63.9,4.2,5.9,542.4,1,1,1-1
"Candies, sweet chocolate",34.2,20.08,60.4,3.9,5.5,565.0,1,1,1-1
"Candies, sweet chocolate coated fondant",9.3,5.46,80.4,2.2,2.1,414.1,1,0,1-0
"Candies, HERSHEY'S GOLDEN ALMOND SOLITAIRES",37.13,15.23,46.85,11.97,4.4,569.4,1,1,1-1
"Candies, confectioner's coating, butterscotch",29.05,24.1,67.1,2.2,0.0,538.6,1,1,1-1
"Candies, YORK Peppermint Pattie",7.17,4.34,80.99,2.19,2.0,397.2,1,0,1-0
"Candies, TWIZZLERS NIBS CHERRY BITS",2.64,0.54,79.37,2.3,0.6,350.4,1,0,1-0
"Candies, SYMPHONY Milk Chocolate Bar",30.57,18.34,58.01,8.51,1.7,541.2,1,1,1-1
"Candies, 5TH AVENUE Candy Bar",23.98,6.65,62.68,8.78,3.1,501.7,1,1,1-1
"Candies, fondant, prepared-from-recipe",0.02,0.0,93.18,0.0,0.0,372.9,1,0,1-0
"Candies, fudge, chocolate, prepared-from-recipe",10.41,6.448,76.7,2.39,1.7,410.0,1,0,1-0
"Candies, fudge, chocolate, with nuts, prepared-from-recipe",18.93,6.489,68.15,4.38,2.5,460.5,1,1,1-1
"Candies, gumdrops, starch jelly pieces",0.0,0.0,98.9,0.0,0.1,395.6,1,0,1-0
"Candies, hard",0.2,0.0,98.0,0.0,0.0,393.8,1,0,1-0
"Candies, jellybeans",0.05,0.0,93.55,0.0,0.2,374.6,1,0,1-0
"Candies, KIT KAT Wafer Bar",25.99,17.953,64.59,6.51,1.0,518.3,1,1,1-1
"Candies, KRACKEL Chocolate Bar",26.58,15.92,64.34,6.62,2.2,523.1,1,1,1-1
"Candies, MARS SNACKFOOD US, MARS Almond Bar",23.0,7.268,62.7,8.1,2.0,490.2,1,1,1-1
"Candies, marshmallows",0.2,0.056,81.3,1.8,0.1,334.2,1,0,1-0
"Candies, halavah, plain",21.52,4.127,60.49,12.49,4.5,485.6,1,1,1-1
"Candies, NESTLE, OH HENRY! Bar",23.0,9.6,65.5,7.7,1.9,499.8,1,1,1-1
"Baking chocolate, mexican, squares",15.59,8.606,77.41,3.64,4.0,464.5,1,1,1-1
Chocolate-flavored hazelnut spread,29.73,28.423,62.36,5.41,5.4,538.6,1,1,1-1
"Candies, milk chocolate coated peanuts",33.5,14.6,49.7,13.1,4.7,552.7,1,1,1-1
"Glutino, Gluten Free Wafers, Lemon Flavored",24.18,10.501,74.39,0.0,0.0,515.2,1,1,1-1
"Glutino, Gluten Free Wafers, Milk Chocolate",30.42,15.299,62.82,4.06,1.6,541.3,1,1,1-1
"Sage Valley, Gluten Free Vanilla Sandwich Cookies",22.15,5.918,71.88,3.13,1.0,499.4,1,1,1-1
"Schar, Gluten-Free, Classic White Rolls",2.65,0.215,50.47,3.34,5.1,239.1,1,0,1-0
"Bread, multi-grain (includes whole-grain)",4.23,0.872,43.34,13.36,7.4,264.9,1,0,1-0
"Cookies, animal crackers (includes arrowroot, tea biscuits)",13.8,3.463,74.1,6.9,1.1,448.2,1,0,1-0
"Tortilla, includes plain and from mutton sandwich (Navajo)",0.95,0.296,49.94,7.28,2.4,237.4,1,0,1-0
"Restaurant, Latino, bunuelos (fried yeast bread)",26.24,6.834,48.57,8.02,1.5,462.5,1,1,1-1
"Syrups, grenadine",0.0,0.0,66.91,0.0,0.0,267.6,1,0,1-0
"Granola bar, soft, milk chocolate coated, peanut butter",31.2,17.065,54.1,9.6,3.8,535.6,1,1,1-1
"Candies, MARS SNACKFOOD US, TWIX chocolate fudge cookie bars",33.3,4.962,56.0,7.3,3.0,552.9,1,1,1-1
"Rice cake, cracker (include hain mini rice cakes)",4.3,0.875,81.1,7.1,4.2,391.5,1,0,1-0
"Candies, MARS SNACKFOOD US, M&M's Almond Chocolate Candies",27.76,9.435,60.5,7.53,5.6,522.0,1,1,1-1
"Salad Dressing, coleslaw, reduced fat",20.0,2.98,40.0,0.0,0.4,340.0,1,1,1-1
"Snacks, tortilla chips, unsalted, white corn",23.36,2.458,65.32,7.79,5.3,502.7,1,1,1-1
"Beverages, coffee, instant, with whitener, reduced calorie",29.1,25.128,59.94,1.96,0.5,509.5,1,1,1-1
"Rolls, pumpernickel",2.8,0.495,51.87,10.8,5.4,275.9,1,0,1-0
"Snacks, corn-based, extruded, chips, unsalted",33.4,4.344,57.4,6.6,4.4,556.6,1,1,1-1
"Snacks, tortilla chips, light (baked with less oil)",15.2,2.837,73.4,8.7,5.7,465.2,1,1,1-1
"Cereals ready-to-eat, POST, HONEY BUNCHES OF OATS, honey roasted",5.46,0.64,81.19,7.12,4.2,402.4,1,0,1-0
"Popcorn, microwave, low fat and sodium",9.5,1.415,73.39,12.6,14.2,429.5,1,0,1-0
"Sweeteners, tabletop, fructose, liquid",0.0,0.0,76.1,0.0,0.1,304.4,1,0,1-0
"Puddings, chocolate flavor, low calorie, instant, dry mix",2.4,0.984,78.2,5.3,6.1,355.6,1,0,1-0
"Jellies, reduced sugar, home preserved",0.03,0.009,46.1,0.3,0.8,185.9,1,0,1-0
"Puddings, all flavors except chocolate, low calorie, instant, dry mix",0.9,0.099,84.66,0.81,0.8,350.0,1,0,1-0
"Blueberries, dried, sweetened",2.5,0.2,80.0,2.5,7.5,352.5,1,0,1-0
"Plums, dried (prunes), uncooked",0.38,0.088,63.88,2.18,7.1,267.7,1,0,1-0
"Raisins, golden, seedless",0.2,0.065,80.02,3.28,3.3,335.0,1,0,1-0
"Raisins, dark, seedless (Includes foods for USDA's Food Distribution Program)",0.25,0.094,79.32,3.3,4.5,332.7,1,0,1-0
"Raisins, seeded",0.54,0.178,78.47,2.52,6.8,328.8,1,0,1-0
"Dates, medjool",0.15,0.0,74.97,1.81,6.7,308.5,1,0,1-0
"Plantains, green, fried",11.81,3.69,49.17,1.5,3.5,309.0,1,0,1-0
"Plantains, yellow, fried, Latino restaurant",7.51,1.816,40.77,1.42,3.2,236.4,1,0,1-0
"Mushrooms, shiitake, dried",0.99,0.225,75.37,9.58,11.5,348.7,1,0,1-0
Potato flour,0.34,0.09,83.1,6.9,5.9,363.1,1,0,1-0
"Radishes, oriental, dried",0.72,0.218,63.37,7.9,23.9,291.6,1,0,1-0
"Cornmeal, blue (Navajo)",5.44,0.886,76.93,10.4,8.7,398.3,1,0,1-0
"Frybread, made with lard (Apache)",10.14,3.631,46.01,8.38,1.7,308.8,1,0,1-0
Candied fruit,0.07,0.01,82.74,0.34,1.6,333.0,1,0,1-0
Baobab powder,0.47,0.244,79.65,3.69,44.5,337.6,1,0,1-0
"Schar, Gluten-Free, Wheat-Free, Classic White Bread",4.47,0.977,46.13,3.81,5.1,240.0,1,0,1-0
"Corn, white, steamed (Navajo)",5.18,0.83,75.2,9.72,16.6,386.3,1,0,1-0
"Cornmeal, white (Navajo)",5.04,0.853,77.14,10.99,10.4,397.9,1,0,1-0
"Cornmeal, yellow (Navajo)",5.88,1.043,72.9,9.85,9.4,383.9,1,0,1-0
Papad,3.25,1.084,59.87,25.56,18.6,371.0,1,0,1-0
"Jujube, Chinese, fresh, dried",0.5,0.0,72.52,4.72,6.0,313.5,1,0,1-0
Raspberry juice concentrate,1.34,0.056,53.19,3.04,1.1,237.0,1,0,1-0
"Tomatoes, sun-dried",2.97,0.426,55.76,14.11,12.3,306.2,1,0,1-0
"Peppers, hot chile, sun-dried",5.81,0.813,69.86,10.58,28.7,374.0,1,0,1-0
"Fungi, Cloud ears, dried",0.73,0.0,73.01,9.25,70.1,335.6,1,0,1-0
"Nuts, coconut meat, dried (desiccated), sweetened, shredded",35.49,31.468,47.67,2.88,4.5,521.6,1,1,1-1
"Seeds, pumpkin and squash seeds, whole, roasted, with salt added",19.4,3.67,53.75,18.55,18.4,463.8,1,1,1-1
"Candies, milk chocolate, with almonds",34.4,17.701,53.4,9.0,6.2,559.2,1,1,1-1
"Candies, milk chocolate, with rice cereal",29.37,15.89,59.67,7.64,3.3,533.6,1,1,1-1
"Candies, MARS SNACKFOOD US, MILKY WAY Bar",17.23,12.016,71.17,4.01,1.0,455.8,1,1,1-1
"Candies, HERSHEY'S SKOR Toffee Bar",30.37,18.78,63.73,3.13,1.3,540.8,1,1,1-1
"Toppings, strawberry",0.1,0.005,66.3,0.2,0.7,266.9,1,0,1-0
"Candies, MOUNDS Candy Bar",26.6,20.58,58.88,4.6,3.7,493.3,1,1,1-1
"Candies, MR. GOODBAR Chocolate Bar",33.21,14.13,54.34,10.22,3.8,557.1,1,1,1-1
"Candies, NESTLE, 100 GRAND Bar",19.33,11.9,70.97,2.5,1.0,467.8,1,1,1-1
"Candies, NESTLE, CRUNCH Bar and Dessert Topping",26.0,16.0,67.0,5.0,1.9,522.0,1,1,1-1
"Candies, REESE'S Peanut Butter Cups",30.53,10.73,55.36,10.24,3.6,537.2,1,1,1-1
"Candies, REESE'S PIECES Candy",24.77,16.42,59.86,12.46,3.0,512.2,1,1,1-1
"Candies, ROLO Caramels in Milk Chocolate",20.93,14.542,67.95,5.08,0.9,480.5,1,1,1-1
"Candies, NESTLE, AFTER EIGHT Mints",11.9,8.33,79.53,1.67,2.4,431.9,1,0,1-0
"Candies, MARS SNACKFOOD US, 3 MUSKETEERS Bar",12.75,8.646,77.77,2.6,1.5,436.2,1,0,1-0
"Candies, MARS SNACKFOOD US, TWIX Caramel Cookie Bars",24.85,18.96,64.8,4.91,1.1,502.5,1,1,1-1
"Candies, MARS SNACKFOOD US, TWIX Peanut Butter Cookie Bars",32.67,15.758,54.14,9.18,3.1,547.3,1,1,1-1
"Candies, WHATCHAMACALLIT Candy Bar",23.68,17.04,63.23,8.04,1.9,498.2,1,1,1-1
Chewing gum,0.3,0.042,96.7,0.0,2.4,389.5,1,0,1-0
"Egg custards, dry mix",6.4,2.03,82.8,6.9,0.0,416.4,1,0,1-0
"Cocoa, dry powder, unsweetened, HERSHEY'S European Style Cocoa",10.0,0.0,60.0,20.0,20.0,410.0,1,0,1-0
"Gelatin desserts, dry mix",0.0,0.0,90.5,7.8,0.0,393.2,1,0,1-0
"Candies, YORK BITES",7.32,4.43,81.64,1.78,2.0,399.6,1,0,1-0
"Puddings, chocolate, dry mix, instant",1.9,0.825,87.9,2.3,3.6,377.9,1,0,1-0
"Puddings, rice, dry mix",0.1,0.0,91.2,2.7,0.7,376.5,1,0,1-0
"Puddings, vanilla, dry mix, instant",0.6,0.432,92.9,0.0,0.0,377.0,1,0,1-0
"Candies, praline, prepared-from-recipe",25.9,2.224,59.59,3.3,3.5,484.7,1,1,1-1
"Desserts, rennin, vanilla, dry mix",0.0,0.0,99.0,0.0,0.0,396.0,1,0,1-0
"Frostings, chocolate, creamy, ready-to-eat",17.6,5.526,63.2,1.1,0.9,415.6,1,1,1-1
"Frostings, chocolate, creamy, dry mix, prepared with butter",13.06,8.369,71.8,1.11,1.9,409.2,1,0,1-0
"Candies, HEATH BITES",30.38,15.62,63.39,3.94,2.0,542.7,1,1,1-1
"Frostings, white, fluffy, dry mix",0.0,0.0,94.9,2.3,0.0,388.8,1,0,1-0
"Candies, MARS SNACKFOOD US, DOVE Milk Chocolate",31.72,19.24,59.78,5.94,2.4,548.4,1,1,1-1
"Candies, MARS SNACKFOOD US, DOVE Dark Chocolate",32.45,19.209,59.4,5.19,7.6,550.4,1,1,1-1
"Candies, MARS SNACKFOOD US, MILKY WAY Caramels, milk chocolate covered",19.17,13.157,68.49,4.28,0.7,463.6,1,1,1-1
"Candies, MARS SNACKFOOD US, MILKY WAY Caramels. dark chocolate covered",20.42,13.814,67.56,3.82,2.8,469.3,1,1,1-1
"Candies, MARS SNACKFOOD US, M&M's Crispy Chocolate Candies",19.32,11.651,72.4,4.28,2.0,480.6,1,1,1-1
"Candies, fudge, chocolate marshmallow, with nuts, prepared-by-recipe",21.11,10.378,67.69,3.24,2.1,473.7,1,1,1-1
"Candies, MARS SNACKFOOD US, SNICKERS Almond bar",22.4,8.534,64.67,5.4,2.6,481.9,1,1,1-1
"Marmalade, orange",0.0,0.0,66.3,0.3,0.7,266.4,1,0,1-0
Molasses,0.1,0.018,74.73,0.0,0.0,299.8,1,0,1-0
"Pectin, unsweetened, dry mix",0.3,0.05,90.4,0.3,8.6,365.5,1,0,1-0
"Candies, MARS SNACKFOOD US, STARBURST Fruit Chews, Tropical fruits",8.31,8.048,82.76,0.41,0.0,407.5,1,0,1-0
"Puddings, coconut cream, dry mix, instant",10.0,10.0,83.5,0.9,4.0,427.6,1,0,1-0
"Puddings, coconut cream, dry mix, regular",11.36,11.364,81.84,1.0,1.6,433.6,1,0,1-0
"Puddings, lemon, dry mix, regular",0.5,0.0,91.8,0.1,0.1,372.1,1,0,1-0
"Sugars, brown",0.0,0.0,98.09,0.12,0.0,392.8,1,0,1-0
"Syrups, chocolate, fudge-type",8.9,3.98,62.9,4.6,2.8,350.1,1,0,1-0
"Syrups, corn, dark",0.0,0.0,77.59,0.0,0.0,310.4,1,0,1-0
"Syrups, corn, light",0.2,0.0,76.79,0.0,0.0,309.0,1,0,1-0
"Syrups, table blends, pancake, with 2% maple",0.1,0.018,69.6,0.0,0.0,279.3,1,0,1-0
"Syrups, table blends, corn, refiner, and sugar",0.0,0.0,83.9,0.0,0.0,335.6,1,0,1-0
"Candies, MARS SNACKFOOD US, SKITTLES Wild Berry Bite Size Candies",4.25,4.115,90.76,0.19,0.0,402.0,1,0,1-0
"Toppings, butterscotch or caramel",0.0,0.0,57.01,1.21,0.0,232.9,1,0,1-0
"Candies, MARS SNACKFOOD US, SKITTLES Sours Original",4.0,3.765,91.02,0.18,0.0,400.8,1,0,1-0
"Candies, MARS SNACKFOOD US, SKITTLES Original Bite Size Candies",4.37,4.115,90.78,0.19,0.0,403.2,1,0,1-0
"Frostings, vanilla, creamy, dry mix, prepared with margarine",12.74,1.74,74.28,0.34,0.1,413.1,1,0,1-0
"Frostings, chocolate, creamy, dry mix, prepared with margarine",12.87,1.74,71.02,1.1,1.9,404.3,1,0,1-0
"Candies, divinity, prepared-from-recipe",0.06,0.0,89.05,1.32,0.0,362.0,1,0,1-0
"Snacks, banana chips",33.6,28.97,58.4,2.3,7.7,545.2,1,1,1-1
"Frostings, glaze, chocolate, prepared-from-recipe, with butter, NFSMI Recipe No. C-32",7.17,4.483,72.18,1.42,1.1,358.9,1,0,1-0
"Snack, potato chips, made from dried potatoes, plain",35.28,8.643,55.38,4.62,2.9,557.5,1,1,1-1
"Snacks, potato sticks",34.4,8.88,53.3,6.7,3.4,549.6,1,1,1-1
"Snacks, rice cakes, brown rice, rye",3.8,0.58,79.9,8.1,4.0,386.2,1,0,1-0
"Snacks, sesame sticks, wheat-based, salted",36.7,6.48,46.5,10.9,2.8,559.9,1,1,1-1
"Snacks, corn cakes",2.4,0.42,83.4,8.1,1.9,387.6,1,0,1-0
"Snacks, tortilla chips, nacho-flavor, reduced fat",15.2,2.91,71.6,8.7,4.8,458.0,1,1,1-1
"Tortilla chips, low fat, baked without fat",5.7,0.85,80.2,11.0,5.3,416.1,1,0,1-0
"Cheese puffs and twists, corn based, baked, low fat",12.1,2.1,72.35,8.5,3.6,432.3,1,0,1-0
"Snacks, KELLOGG, KELLOGG'S, NUTRI-GRAIN Cereal Bars, fruit",8.67,1.442,67.61,4.22,3.0,365.4,1,0,1-0
"Snacks, tortilla chips, low fat, made with olestra, nacho cheese",3.53,1.054,65.22,8.44,6.4,326.4,1,0,1-0
"Snacks, potato chips, made from dried potatoes, fat-free, made with olestra",0.93,0.355,56.0,5.06,7.3,252.6,1,0,1-0
"Snacks, taro chips",24.9,6.43,68.1,2.3,7.2,505.7,1,1,1-1
"Puddings, banana, dry mix, instant, with added oil",4.4,0.79,89.0,0.0,0.0,395.6,1,0,1-0
"Cornmeal, degermed, enriched, yellow",1.75,0.22,79.45,7.11,3.9,362.0,1,0,1-0
"Cornmeal, yellow, self-rising, bolted, plain, enriched",3.4,0.478,70.28,8.28,6.7,344.8,1,0,1-0
"Cornmeal, yellow, self-rising, bolted, with wheat flour added, enriched",2.85,0.4,73.43,8.41,6.3,353.0,1,0,1-0
"Cornmeal, yellow, self-rising, degermed, enriched",1.72,0.234,74.79,8.41,7.1,348.3,1,0,1-0
"Oat bran, raw",7.03,1.328,66.22,17.3,15.4,397.3,1,0,1-0
"Quinoa, uncooked",6.07,0.706,64.16,14.12,7.0,367.8,1,0,1-0
"Rice, brown, parboiled, dry, UNCLE BEN'S",2.75,0.481,78.68,7.6,3.5,369.9,1,0,1-0
"Rice, white, long-grain, regular, raw, enriched",0.66,0.18,79.95,7.13,1.3,354.3,1,0,1-0
"Rice, white, medium-grain, raw, enriched",0.58,0.158,79.34,6.61,1.4,349.0,1,0,1-0
"Rice, white, short-grain, enriched, uncooked",0.52,0.14,79.15,6.5,2.8,347.3,1,0,1-0
"Rice, white, glutinous, unenriched, uncooked",0.55,0.111,81.68,6.81,2.8,358.9,1,0,1-0
Rye grain,1.63,0.197,75.86,10.34,15.1,359.5,1,0,1-0
"Rye flour, dark",2.22,0.269,68.63,15.91,23.8,358.1,1,0,1-0
"Rye flour, medium",1.52,0.18,75.43,10.88,11.8,358.9,1,0,1-0
"Rye flour, light",1.33,0.15,76.68,9.82,8.0,358.0,1,0,1-0
"Triticale flour, whole-grain",1.81,0.318,73.14,13.18,14.6,361.6,1,0,1-0
"Wheat, hard red spring",1.92,0.314,68.03,15.4,12.2,351.0,1,0,1-0
"Wheat, hard red winter",1.54,0.269,71.18,12.61,12.2,349.0,1,0,1-0
"Wheat, soft red winter",1.56,0.289,74.24,10.35,12.5,352.4,1,0,1-0
"Wheat germ, crude",9.72,1.665,51.8,23.15,13.2,387.3,1,0,1-0
"Wheat flour, whole-grain (Includes foods for USDA's Food Distribution Program)",2.5,0.43,71.97,13.21,10.7,363.2,1,0,1-0
"Wheat flour, white, all-purpose, enriched, bleached",0.98,0.155,76.31,10.33,2.7,355.4,1,0,1-0
"Wheat flour, white, all-purpose, self-rising, enriched",0.97,0.154,74.22,9.89,2.7,345.2,1,0,1-0
"Wheat flour, white, bread, enriched",1.66,0.244,72.53,11.98,2.4,353.0,1,0,1-0
"Rice flour, brown",2.78,0.557,76.48,7.23,4.6,359.9,1,0,1-0
"Pasta, gluten-free, corn, dry",2.08,0.29,79.26,7.46,11.0,365.6,1,0,1-0
"Macaroni, vegetable, enriched, dry",1.04,0.15,74.88,13.14,4.3,361.4,1,0,1-0
"Noodles, chinese, chow mein",21.24,6.738,63.64,10.88,6.7,489.2,1,1,1-1
"Noodles, japanese, somen, dry",0.81,0.115,74.1,11.35,4.3,349.1,1,0,1-0
"Spaghetti, spinach, dry",1.57,0.226,74.81,13.35,10.6,366.8,1,0,1-0
"Wheat flours, bread, unenriched",1.66,0.244,72.53,11.98,2.4,353.0,1,0,1-0
"Pasta, whole grain, 51% whole wheat, remaining unenriched semolina, dry",2.68,0.351,73.1,13.51,10.1,370.6,1,0,1-0
"Cornmeal, degermed, enriched, white",1.75,0.22,79.45,7.11,3.9,362.0,1,0,1-0
"Cornmeal, white, self-rising, bolted, plain, enriched",3.4,0.478,70.28,8.28,6.7,344.8,1,0,1-0
"Cornmeal, white, self-rising, bolted, with wheat flour added, enriched",2.85,0.4,73.43,8.41,6.3,353.0,1,0,1-0
"Cornmeal, white, self-rising, degermed, enriched",1.72,0.234,74.79,8.41,7.1,348.3,1,0,1-0
"Pasta, dry, unenriched",1.51,0.277,74.67,13.04,3.2,364.4,1,0,1-0
"Cornmeal, degermed, unenriched, yellow",1.75,0.22,79.45,7.11,3.9,362.0,1,0,1-0
"Semolina, unenriched",1.05,0.15,72.83,12.68,3.9,351.5,1,0,1-0
"Wheat flour, white, all-purpose, enriched, unbleached",0.98,0.155,76.31,10.33,2.7,355.4,1,0,1-0
"Spaghetti, protein-fortified, dry, enriched (n x 6.25)",2.23,0.328,65.65,21.78,2.4,369.8,1,0,1-0
"Sorghum flour, whole-grain",3.34,0.528,76.64,8.43,6.6,370.3,1,0,1-0
"Rice and vermicelli mix, beef flavor, unprepared",1.27,0.31,76.02,10.84,1.6,358.9,1,0,1-0
"Rice and vermicelli mix, rice pilaf flavor, unprepared",1.37,0.307,76.31,10.42,1.2,359.2,1,0,1-0
"Pasta mix, classic cheeseburger macaroni, unprepared",1.88,0.368,71.51,11.6,2.7,349.4,1,0,1-0
"Pasta mix, classic beef, unprepared",1.78,0.439,72.2,12.32,2.0,354.1,1,0,1-0
"Pasta mix, Italian lasagna, unprepared",1.97,0.443,73.77,10.9,2.8,356.4,1,0,1-0
"Yellow rice with seasoning, dry packet mix, unprepared",1.75,0.0,74.68,7.02,1.8,342.6,1,0,1-0
"Pizza rolls, frozen, unprepared",9.98,2.494,50.72,8.73,1.2,327.6,1,0,1-0
"Pasta mix, Italian four cheese lasagna, unprepared",2.7,0.697,70.26,12.53,2.6,355.5,1,0,1-0
"Spanish rice mix, dry mix, unprepared",1.62,0.395,76.45,10.62,3.1,362.9,1,0,1-0
"Infant Formula, MEAD JOHNSON, ENFAMIL, Newborn, with ARA and DHA, powder",27.0,11.3,57.6,10.7,0.0,516.2,1,1,1-1
"Infant Formula, MEAD JOHNSON, ENFAMIL, Premium LIPIL, Infant, powder",27.0,11.161,57.0,10.8,0.0,514.2,1,1,1-1
"Infant formula, MEAD JOHNSON, ENFAMIL, ENFAGROW, GENTLEASE, Toddler transitions, with ARA and DHA, powder",26.0,10.8,53.5,12.9,0.0,499.6,1,1,1-1
"Infant formula, ABBOTT NUTRITION, SIMILAC, GO AND GROW, powder, with ARA and DHA",27.65,11.43,52.2,15.36,0.0,519.1,1,1,1-1
"Infant formula, GERBER, GOOD START 2 SOY, with iron, powder",25.6,11.043,55.6,12.5,0.0,502.8,1,1,1-1
"Infant formula, MEAD JOHNSON, ENFAMIL, NUTRAMIGEN, PurAmino, powder, not reconstituted",26.0,10.3,55.68,13.9,0.0,512.3,1,1,1-1
"Babyfood, rice cereal, dry, EARTHS BEST ORGANIC WHOLE GRAIN, fortified only with iron",4.9,0.919,78.06,7.5,0.5,386.3,1,0,1-0
"Piki bread, made from blue cornmeal (Hopi)",7.16,0.819,72.22,9.06,9.2,389.6,1,0,1-0
"APPLEBEE'S, french fries",13.17,2.333,39.5,3.31,3.9,289.8,1,0,1-0
"CRACKER BARREL, onion rings, thick-cut",16.0,2.941,40.95,4.78,2.2,326.9,1,1,1-1
"Restaurant, family style, onion rings",19.28,3.415,40.72,4.89,2.6,356.0,1,1,1-1
"Cereals ready-to-eat, frosted oat cereal with marshmallows",3.33,0.62,84.7,7.1,4.3,397.2,1,0,1-0
"Cereals ready-to-eat, WEETABIX whole grain cereal",2.86,0.48,81.5,11.43,11.4,397.5,1,0,1-0
"Cereals ready-to-eat, POST, GREAT GRAINS, Raisin, Date & Pecan",7.1,0.8,74.3,7.9,9.3,392.7,1,0,1-0
"Gums, seed gums (includes locust bean, guar)",0.5,0.06,77.3,4.6,77.3,332.1,1,0,1-0
"Snacks, potato chips, white, restructured, baked",18.2,2.631,71.4,5.0,4.8,469.4,1,1,1-1
"Babyfood, baked product, finger snacks cereal fortified",9.9,1.646,76.68,6.4,2.3,421.4,1,0,1-0
"Babyfood, cereal, brown rice, dry, instant",3.0,0.61,85.98,8.7,6.5,405.7,1,0,1-0
"Jams and preserves, no sugar (with sodium saccharin), any flavor",0.3,0.016,53.42,0.3,2.5,217.6,1,0,1-0
"Candies, chocolate covered, caramel with nuts",21.0,4.657,60.67,9.5,4.3,469.7,1,1,1-1
"Candies, nougat, with almonds",1.67,1.667,92.39,3.33,3.3,397.9,1,0,1-0
"Candies, gum drops, no sugar or low calorie (sorbitol)",0.2,0.034,88.1,0.0,0.0,354.2,1,0,1-0
"Breakfast bars, oats, sugar, raisins, coconut (include granola bar)",17.6,12.69,66.7,9.8,3.1,464.4,1,1,1-1
"Pretzels, soft",3.1,0.695,69.39,8.2,1.7,338.3,1,0,1-0
"Sweeteners, tabletop, saccharin (sodium saccharin)",0.0,0.0,89.11,0.94,0.0,360.2,1,0,1-0
"Beverage, instant breakfast powder, chocolate, not reconstituted",1.4,0.56,66.2,19.9,0.4,357.0,1,0,1-0
"Cereals ready-to-eat, ALPEN",3.3,0.496,75.7,11.2,9.1,377.3,1,0,1-0
"Cereals ready-to-eat, FAMILIA",6.3,0.711,73.8,9.5,8.5,389.9,1,0,1-0
"Cereals ready-to-eat, wheat and bran, presweetened with nuts and fruits",5.6,0.8,76.2,7.1,9.7,383.6,1,0,1-0
"Litchis, dried",1.2,0.27,70.7,3.8,4.6,308.8,1,0,1-0
"Pears, dried, sulfured, uncooked",0.63,0.035,69.7,1.87,7.5,292.0,1,0,1-0
"Kanpyo, (dried gourd strips)",0.56,0.045,65.03,8.58,9.8,299.5,1,0,1-0
"Potatoes, frozen, french fried, par fried, extruded, prepared, heated in oven, without salt",18.71,5.96,39.68,3.55,3.2,341.3,1,1,1-1
"Peppers, sweet, red, freeze-dried",3.0,0.447,68.7,17.9,21.3,373.4,1,0,1-0
"Peppers, ancho, dried",8.2,0.82,51.42,11.86,21.6,326.9,1,0,1-0
"Candies, milk chocolate coated raisins",14.8,10.272,68.4,4.1,3.1,423.2,1,1,1-1
"Syrups, table blends, pancake",0.0,0.0,61.47,0.0,0.0,245.9,1,0,1-0
"Candies, truffles, prepared-from-recipe",33.76,18.488,44.88,6.21,2.5,508.2,1,1,1-1
"Baking chocolate, MARS SNACKFOOD US, M&M's Semisweet Chocolate Mini Baking Bits",26.15,15.618,65.96,4.44,6.7,516.9,1,1,1-1
"Candies, MARS SNACKFOOD US, M&M's Peanut Chocolate Candies",26.13,10.169,60.48,9.57,3.7,515.4,1,1,1-1
"Candies, MARS SNACKFOOD US, M&M's Milk Chocolate Candies",21.13,13.08,71.19,4.33,2.8,492.2,1,1,1-1
"Baking chocolate, MARS SNACKFOOD US, M&M's Milk Chocolate Mini Baking Bits",23.36,14.466,68.4,4.78,2.7,503.0,1,1,1-1
"Candies, peanut bar",33.7,4.678,47.4,15.5,4.1,554.9,1,1,1-1
"Candies, peanut brittle, prepared-from-recipe",18.98,4.144,71.24,7.57,2.5,486.1,1,1,1-1
"Candies, NESTLE, RAISINETS Chocolate Covered Raisins",17.0,11.0,71.0,4.4,2.2,454.6,1,1,1-1
"Candies, sesame crunch",33.3,4.662,50.3,11.6,7.7,547.3,1,1,1-1
"Candies, MARS SNACKFOOD US, SNICKERS Bar",23.85,9.069,61.51,7.53,2.3,490.8,1,1,1-1
"Candies, MARS SNACKFOOD US, STARBURST Fruit Chews, Original fruits",8.21,7.778,82.57,0.41,0.0,405.8,1,0,1-0
"Candies, MARS SNACKFOOD US, M&M's MINIs Milk Chocolate Candies",23.36,14.466,68.4,4.78,2.7,503.0,1,1,1-1
"Cocoa, dry powder, unsweetened",13.7,8.07,57.9,19.6,37.0,433.3,1,1,1-1
"Cocoa, dry powder, unsweetened, processed with alkali",13.1,7.76,58.3,18.1,29.8,423.5,1,1,1-1
"Gelatin desserts, dry mix, reduced calorie, with aspartame",0.0,0.0,80.21,15.67,0.1,383.5,1,0,1-0
"Flan, caramel custard, dry mix",0.0,0.0,91.6,0.0,0.0,366.4,1,0,1-0
"Puddings, chocolate, dry mix, regular",2.1,1.234,89.3,2.6,4.5,386.5,1,0,1-0
"Puddings, tapioca, dry mix",0.1,0.0,94.3,0.1,0.2,378.5,1,0,1-0
"Puddings, vanilla, dry mix, regular",0.4,0.09,93.5,0.3,0.6,378.8,1,0,1-0
"Desserts, rennin, chocolate, dry mix",3.3,1.94,91.5,2.4,5.1,405.3,1,0,1-0
"Frostings, coconut-nut, ready-to-eat",24.0,8.631,52.7,1.5,2.5,432.8,1,1,1-1
"Frostings, cream cheese-flavor, ready-to-eat",17.3,4.545,67.32,0.1,0.0,425.4,1,1,1-1
"Frostings, vanilla, creamy, ready-to-eat",16.23,2.974,67.89,0.0,0.0,417.6,1,1,1-1
"Candies, HERSHEY'S MILK CHOCOLATE WITH ALMOND BITES",35.73,17.39,51.72,9.76,3.6,567.5,1,1,1-1
"Candies, REESE'S BITES",29.85,18.0,55.18,11.34,3.1,534.7,1,1,1-1
"Candies, REESE'S NUTRAGEOUS Candy Bar",32.09,8.86,52.8,11.28,3.9,545.1,1,1,1-1
"Frostings, white, fluffy, dry mix, prepared with water",0.0,0.0,62.6,1.5,0.0,256.4,1,0,1-0
"Candies, HERSHEY'S, ALMOND JOY BITES",34.5,20.6,57.54,5.58,4.3,563.0,1,1,1-1
"Candies, HERSHEY, REESESTICKS crispy wafers, peanut butter, milk chocolate",31.34,13.21,55.38,9.53,3.3,541.7,1,1,1-1
"Candies, HERSHEY, KIT KAT BIG KAT Bar",27.84,17.99,63.64,6.24,1.9,530.1,1,1,1-1
"Candies, REESE'S, FAST BREAK, milk chocolate peanut butter and soft nougats",23.42,8.23,61.6,8.66,2.9,491.8,1,1,1-1
"Candies, dark chocolate coated coffee beans",30.0,15.0,59.95,7.5,7.5,539.8,1,1,1-1
"Snacks, SUNKIST, SUNKIST Fruit Roll, strawberry, with vitamins A, C, and E",1.0,0.0,82.7,0.6,7.7,342.2,1,0,1-0
"Snacks, fruit leather, pieces, with vitamin C",3.5,0.99,85.2,0.1,3.5,372.7,1,0,1-0
"Candies, milk chocolate coated coffee beans",33.18,18.138,55.25,7.41,5.7,549.3,1,1,1-1
Honey,0.0,0.0,82.4,0.3,0.2,330.8,1,0,1-0
Jams and preserves,0.07,0.01,68.86,0.37,1.1,277.6,1,0,1-0
Jellies,0.02,0.005,69.95,0.15,1.0,280.6,1,0,1-0
"Candies, MARS SNACKFOOD US, POP'ABLES SNICKERS Brand Bite Size Candies",24.32,9.891,61.07,7.15,2.3,491.8,1,1,1-1
"Candies, MARS SNACKFOOD US, POP'ABLES MILKY WAY Brand Bite Size Candies",18.0,8.889,71.85,3.3,1.0,462.6,1,1,1-1
"Candies, MARS SNACKFOOD US, POP'ABLES 3 MUSKETEERS Brand Bite Size Candies",15.17,9.921,75.94,2.59,1.3,450.6,1,1,1-1
"Candies, MARS SNACKFOOD US, STARBURST Fruit Chews, Fruit and Creme",8.36,7.931,82.43,0.41,0.0,406.6,1,0,1-0
"Candies, MARS SNACKFOOD US, STARBURST Sour Fruit Chews",7.78,7.52,79.73,0.39,0.0,390.5,1,0,1-0
"Puddings, banana, dry mix, instant",0.6,0.09,92.7,0.0,0.0,376.2,1,0,1-0
"Puddings, banana, dry mix, regular",0.4,0.09,93.0,0.0,0.3,375.6,1,0,1-0
"Candies, MARS SNACKFOOD US, COCOAVIA Chocolate Bar",29.3,15.703,62.99,5.81,8.7,538.9,1,1,1-1
"Candies, MARS SNACKFOOD US, COCOAVIA Blueberry and Almond Chocolate Bar",28.68,13.07,60.37,6.35,9.1,525.0,1,1,1-1
"Candies, MARS SNACKFOOD US, COCOAVIA Crispy Chocolate Bar",26.23,14.007,62.06,8.21,7.8,517.2,1,1,1-1
"Puddings, lemon, dry mix, instant",0.7,0.1,95.4,0.0,0.0,387.9,1,0,1-0
"Sugars, powdered",0.0,0.0,99.77,0.0,0.0,399.1,1,0,1-0
"Sweeteners, tabletop, aspartame, EQUAL, packets",0.0,0.0,89.08,2.17,0.0,365.0,1,0,1-0
"Sugars, maple",0.2,0.036,90.9,0.1,0.0,365.8,1,0,1-0
"Syrups, corn, high-fructose",0.0,0.0,76.0,0.0,0.0,304.0,1,0,1-0
"Syrups, malt",0.0,0.0,71.3,6.2,0.0,310.0,1,0,1-0
"Syrups, maple",0.06,0.007,67.04,0.04,0.0,268.9,1,0,1-0
"Syrups, sorghum",0.0,0.0,74.9,0.0,0.0,299.6,1,0,1-0
"Candies, MARS SNACKFOOD US, SNICKERS CRUNCHER",24.38,12.703,62.85,6.86,1.9,498.3,1,1,1-1
"Toppings, marshmallow cream",0.3,0.056,79.0,0.8,0.1,321.9,1,0,1-0
"Toppings, pineapple",0.1,0.018,66.4,0.1,0.4,266.9,1,0,1-0
"Toppings, nuts in syrup",22.0,1.96,58.08,4.5,2.3,448.3,1,1,1-1
"Frostings, glaze, prepared-from-recipe",0.53,0.271,83.65,0.44,0.0,341.1,1,0,1-0
"Candies, fudge, chocolate marshmallow, prepared-from-recipe",17.48,10.669,71.34,2.26,1.7,451.7,1,1,1-1
"Candies, taffy, prepared-from-recipe",3.33,2.049,91.56,0.03,0.0,396.3,1,0,1-0
"Candies, toffee, prepared-from-recipe",32.75,20.565,64.72,1.07,0.0,557.9,1,1,1-1
"Snacks, cornnuts, barbecue-flavor",14.3,2.58,71.7,9.0,8.4,451.5,1,0,1-0
"Snacks, crisped rice bar, almond",20.4,3.77,64.6,7.0,3.6,470.0,1,1,1-1
"Snacks, granola bars, soft, uncoated, chocolate chip",16.57,6.061,70.2,5.65,3.8,452.5,1,1,1-1
"Snacks, granola bars, soft, uncoated, chocolate chip, graham and marshmallow",15.5,9.18,70.8,6.1,4.0,447.1,1,1,1-1
"Snacks, granola bars, soft, uncoated, nut and raisin",20.4,9.54,63.6,8.0,5.6,470.0,1,1,1-1
"Snacks, potato chips, plain, salted",33.98,3.4,53.83,6.39,3.1,546.7,1,1,1-1
"Snacks, potato chips, made from dried potatoes, cheese-flavor",37.0,9.57,50.6,7.0,3.4,563.4,1,1,1-1
"Snacks, rice cakes, brown rice, corn",3.2,0.63,81.2,8.4,2.9,387.2,1,0,1-0
"Snacks, rice cakes, brown rice, multigrain",3.5,0.56,80.1,8.5,3.0,385.9,1,0,1-0
"Snacks, granola bars, hard, peanut butter",23.8,3.2,62.3,9.8,2.9,502.6,1,1,1-1
"Snacks, potato chips, cheese-flavor",27.2,8.6,57.7,8.5,5.2,509.6,1,1,1-1
"Snacks, potato chips, reduced fat",20.8,4.16,66.9,7.1,5.9,483.2,1,1,1-1
"Snacks, potato chips, fat-free, made with olestra",0.7,0.24,65.0,7.74,6.8,297.3,1,0,1-0
"Popcorn, sugar syrup/caramel, fat-free",1.4,0.2,90.06,2.0,2.5,380.8,1,0,1-0
"Snacks, potato chips, fat free, salted",0.6,0.15,83.76,9.64,7.5,379.0,1,0,1-0
"Snacks, KELLOGG, KELLOGG'S RICE KRISPIES TREATS Squares",9.0,1.4,80.5,3.4,0.0,416.6,1,0,1-0
"Snacks, KELLOGG, KELLOGG'S Low Fat Granola Bar, Crunchy Almond/Brown Sugar",7.4,1.1,78.0,8.0,6.2,410.6,1,0,1-0
"Snacks, M&M MARS, KUDOS Whole Grain Bar, chocolate chip",13.02,4.701,72.31,4.47,2.6,424.3,1,0,1-0
"Candies, semisweet chocolate, made with butter",29.7,17.53,63.4,4.2,5.9,537.7,1,1,1-1
"Gelatin desserts, dry mix, with added ascorbic acid, sodium-citrate and salt",0.0,0.0,90.5,7.8,0.0,393.2,1,0,1-0
"Corn flour, masa, enriched, white",3.69,0.532,76.59,8.46,6.4,373.4,1,0,1-0
"Corn flour, yellow, degermed, unenriched",1.39,0.171,82.75,5.59,1.9,365.9,1,0,1-0
"Corn flour, masa, unenriched, white",3.69,0.532,76.59,8.46,6.4,373.4,1,0,1-0
"Cornmeal, whole-grain, yellow",3.59,0.505,76.89,8.12,7.3,372.4,1,0,1-0
Cornstarch,0.05,0.009,91.27,0.26,0.9,366.6,1,0,1-0
"Couscous, dry",0.64,0.117,77.43,12.76,5.0,366.5,1,0,1-0
"Millet, raw",4.22,0.723,72.85,11.02,8.5,373.5,1,0,1-0
"Rice, brown, long-grain, raw (Includes foods for USDA's Food Distribution Program)",3.2,0.591,76.25,7.54,3.6,364.0,1,0,1-0
Oats (Includes foods for USDA's Food Distribution Program),6.9,1.217,66.27,16.89,10.6,394.7,1,0,1-0
"Rice, brown, medium-grain, raw (Includes foods for USDA's Food Distribution Program)",2.68,0.536,76.17,7.5,3.4,358.8,1,0,1-0
"Rice, white, long-grain, parboiled, enriched, dry",1.03,0.294,80.89,7.51,1.8,362.9,1,0,1-0
"Rice, white, long-grain, precooked or instant, enriched, dry",0.94,0.152,82.32,7.82,1.9,369.0,1,0,1-0
"Rice bran, crude",20.85,4.171,49.69,13.35,21.0,439.8,1,1,1-1
"Rice flour, white, unenriched",1.42,0.386,80.13,5.95,2.4,357.1,1,0,1-0
"Semolina, enriched",1.05,0.15,72.83,12.68,3.9,351.5,1,0,1-0
Sorghum grain,3.46,0.61,72.09,10.62,6.7,362.0,1,0,1-0
"Tapioca, pearl, dry",0.02,0.005,88.69,0.19,0.9,355.7,1,0,1-0
"Wheat, hard white",1.71,0.277,75.9,11.31,12.2,364.2,1,0,1-0
"Wheat, soft white",1.99,0.368,75.36,10.69,12.7,362.1,1,0,1-0
"Wheat bran, crude",4.25,0.63,64.51,15.55,42.8,358.5,1,0,1-0
"Wheat flour, white, cake, enriched",0.86,0.127,78.03,8.2,1.7,352.7,1,0,1-0
"Wild rice, raw",1.08,0.156,74.9,14.73,6.2,368.2,1,0,1-0
"Noodles, egg, dry, enriched",4.44,1.18,71.27,14.16,3.3,381.7,1,0,1-0
"Noodles, egg, spinach, enriched, dry",4.55,1.047,70.32,14.61,6.8,380.7,1,0,1-0
"Noodles, flat, crunchy, Chinese restaurant",31.72,4.931,51.9,10.33,1.9,534.4,1,1,1-1
"Pasta, dry, enriched",1.51,0.277,74.67,13.04,3.2,364.4,1,0,1-0
"Pasta, whole-wheat, dry (Includes foods for USDA's Food Distribution Program)",2.93,0.428,73.37,13.87,9.2,375.3,1,0,1-0
Barley flour or meal,1.6,0.335,74.52,10.5,10.1,354.5,1,0,1-0
Barley malt flour,1.84,0.386,78.3,10.28,7.1,370.9,1,0,1-0
"Oat flour, partially debranned",9.12,1.607,65.7,14.66,6.5,403.5,1,0,1-0
"Rice noodles, dry",0.56,0.153,80.18,5.95,1.6,349.6,1,0,1-0
"Wheat, KAMUT khorasan, uncooked",2.13,0.196,70.58,14.54,11.1,359.6,1,0,1-0
"Spelt, uncooked",2.43,0.406,70.19,14.57,10.7,360.9,1,0,1-0
"Teff, uncooked",2.38,0.449,73.13,13.3,8.0,367.1,1,0,1-0
"Corn flour, whole-grain, white",3.86,0.543,76.85,6.93,7.3,369.9,1,0,1-0
"Corn flour, yellow, masa, enriched",3.69,0.532,76.59,8.46,6.4,373.4,1,0,1-0
"Cornmeal, whole-grain, white",3.59,0.505,76.89,8.12,7.3,372.4,1,0,1-0
"Wheat flour, white, all-purpose, enriched, calcium-fortified",0.98,0.155,76.31,10.33,2.7,355.4,1,0,1-0
"Noodles, egg, dry, unenriched",4.44,1.18,71.27,14.16,3.3,381.7,1,0,1-0
"Rice, white, long-grain, regular, raw, unenriched",0.66,0.18,79.95,7.13,1.3,354.3,1,0,1-0
"Rice, white, long-grain, parboiled, unenriched, dry",1.03,0.294,80.89,7.51,1.8,362.9,1,0,1-0
"Wheat flour, white, all-purpose, unenriched",0.98,0.155,76.31,10.33,2.7,355.4,1,0,1-0
"Macaroni and cheese, box mix with cheese sauce, unprepared",10.67,1.184,46.66,12.73,1.8,333.6,1,0,1-0
"Macaroni or noodles with cheese, made from reduced fat packaged mix, unprepared",4.03,0.409,52.06,13.1,2.0,296.9,1,0,1-0
"Macaroni or noodles with cheese, microwaveable, unprepared",6.56,2.814,70.75,11.48,1.6,388.0,1,0,1-0
"Rice mix, cheese flavor, dry mix, unprepared",3.51,1.754,73.88,8.77,1.8,362.2,1,0,1-0
"Infant formula, GERBER, GOOD START, PROTECT PLUS, powder",26.1,10.936,57.0,11.3,0.0,508.1,1,1,1-1
"Infant Formula, GERBER GOOD START 2, GENTLE PLUS, powder",25.1,10.517,57.1,10.8,0.0,497.5,1,1,1-1
"Infant formula, GERBER, GOOD START 2, PROTECT PLUS, powder",25.7,11.016,56.3,11.1,0.0,500.9,1,1,1-1
"Infant formula, MEAD JOHNSON, ENFAMIL, ENFAGROW, Soy, Toddler transitions, with ARA and DHA,  powder",21.0,8.7,56.0,15.7,0.0,475.8,1,1,1-1
"Infant Formula, MEAD JOHNSON, ENFAMIL, Premium, Infant, powder",27.0,11.161,57.0,10.8,0.0,514.2,1,1,1-1
"Wocas, dried seeds, Oregon, yellow pond lily (Klamath)",1.07,0.147,80.02,7.9,19.2,361.3,1,0,1-0
"Tortilla, blue corn, Sakwavikaviki (Hopi)",1.4,0.287,58.12,7.83,3.4,276.4,1,0,1-0
"T.G.I. FRIDAY'S, french fries",14.82,2.6,36.9,3.74,4.1,295.9,1,0,1-0
"Restaurant, family style, french fries",14.04,2.489,37.2,3.49,3.9,289.1,1,0,1-0
"APPLEBEE'S, crunchy onion rings",19.61,3.574,40.17,4.58,3.1,355.5,1,1,1-1
"DENNY'S, onion rings",22.23,3.729,41.05,5.29,2.4,385.4,1,1,1-1
"Cereals ready-to-eat, POST, HONEY BUNCHES OF OATS, with almonds",7.3,0.8,79.6,7.7,5.5,414.9,1,0,1-0
"Snacks, popcorn, home-prepared, oil-popped, unsalted",28.1,5.05,58.1,9.0,10.0,521.3,1,1,1-1
"Cereals ready-to-eat, POST, GREAT GRAINS Crunchy Pecan Cereal",10.5,1.0,73.0,9.0,9.7,422.5,1,0,1-0
"Snacks, granola bar, with coconut, chocolate coated",32.2,22.72,55.2,5.2,6.2,531.4,1,1,1-1
"Cereals ready-to-eat, POST GREAT GRAINS Banana Nut Crunch",8.8,1.1,70.9,9.8,11.2,402.0,1,0,1-0
"Candies, hard, dietetic or low calorie (sorbitol)",0.0,0.0,98.6,0.0,0.0,394.4,1,0,1-0
"Chewing gum, sugarless",0.4,0.058,94.8,0.0,2.4,382.8,1,0,1-0
"Vermicelli, made from soy",0.1,0.014,82.32,0.1,3.9,330.6,1,0,1-0
"Butter replacement, without fat, powder",1.0,0.589,89.0,2.0,0.0,373.0,1,0,1-0
"Sweeteners, tabletop, fructose, dry, powder",0.0,0.0,100.0,0.0,0.0,400.0,1,0,1-0
"Beverage, instant breakfast powder, chocolate, sugar-free, not reconstituted",5.1,2.162,41.0,35.8,2.0,353.1,1,0,1-0
"Papaya, canned, heavy syrup, drained",0.55,0.268,55.83,0.14,1.5,228.8,1,0,1-0
"Peaches, dried, sulfured, uncooked",0.76,0.082,61.33,3.61,8.2,266.6,1,0,1-0
"Persimmons, japanese, dried",0.59,0.0,73.43,1.38,14.5,304.6,1,0,1-0
"Onions, dehydrated flakes",0.46,0.078,83.28,8.95,9.2,373.1,1,0,1-0
"Potatoes, baked, skin, without salt",0.1,0.026,46.06,4.29,7.9,202.3,1,0,1-0
"Potatoes, mashed, dehydrated, granules without milk, dry form",0.54,0.138,85.51,8.22,7.1,379.8,1,0,1-0
"Potatoes, mashed, dehydrated, granules with milk, dry form",1.1,0.461,77.7,10.9,6.6,364.3,1,0,1-0
"Chives, freeze-dried",3.5,0.591,64.29,21.2,26.2,373.5,1,0,1-0
"Shallots, freeze-dried",0.5,0.084,80.7,12.3,15.7,376.5,1,0,1-0
"Potatoes, baked, skin only, with salt",0.1,0.026,46.06,4.29,7.9,202.3,1,0,1-0
"Nuts, almond paste",27.74,2.629,47.81,9.0,4.8,476.9,1,1,1-1
"Nuts, coconut cream, canned, sweetened",16.31,15.472,53.21,1.17,0.2,364.3,1,1,1-1
"Seeds, pumpkin and squash seeds, whole, roasted, without salt",19.4,3.67,53.75,18.55,18.4,463.8,1,1,1-1
"Nuts, chestnuts, european, roasted",2.2,0.414,52.96,3.17,5.1,244.3,1,0,1-0
"Puddings, banana, dry mix, regular, with added oil",5.0,0.9,88.4,0.0,0.3,398.6,1,0,1-0
"Puddings, lemon, dry mix, regular, with added oil, potassium, sodium",1.5,0.27,90.3,0.1,0.1,375.1,1,0,1-0
"Puddings, tapioca, dry mix, with no added salt",0.1,0.0,94.3,0.1,0.2,378.5,1,0,1-0
"Snacks, corn-based, extruded, puffs or twists, cheese-flavor, unenriched",35.76,5.512,54.1,5.76,2.2,561.3,1,1,1-1
"Snacks, popcorn, air-popped (Unsalted)",4.2,0.57,77.9,12.0,15.1,397.4,1,0,1-0
"Snacks, popcorn, oil-popped, white popcorn, salt added",28.1,4.89,57.2,9.0,10.0,517.7,1,1,1-1
"Snacks, potato chips, plain, made with partially hydrogenated soybean oil, salted",34.6,5.43,52.9,7.0,4.8,551.0,1,1,1-1
"Snacks, pretzels, hard, plain, made with enriched flour, unsalted",3.5,0.75,79.2,9.1,2.8,384.7,1,0,1-0
"Snacks, rice cakes, brown rice, plain, unsalted",2.8,0.57,81.5,8.2,4.2,384.0,1,0,1-0
"Potato chips, without salt, reduced fat",20.8,4.16,67.8,7.1,6.1,486.8,1,1,1-1
"Snacks, tortilla chips, low fat, unsalted",5.7,0.85,80.1,11.0,5.3,415.7,1,0,1-0
"Snacks, tortilla chips, nacho-flavor, made with enriched masa flour",25.6,4.9,62.3,7.8,5.3,510.8,1,1,1-1
"Sweeteners, tabletop, sucralose, SPLENDA packets",0.0,0.0,91.17,0.0,0.0,364.7,1,0,1-0
"Chocolate, dark, 45- 59% cacao solids",31.28,18.519,61.17,4.88,7.0,545.7,1,1,1-1
"Chocolate, dark, 60-69% cacao solids",38.31,22.031,52.42,6.12,8.0,579.0,1,1,1-1
"Candies, chocolate, dark, NFS (45-59% cacao solids 90%; 60-69% cacao solids 5%; 70-85% cacao solids 5%)",32.2,18.993,59.97,5.09,7.2,550.0,1,1,1-1
"Candies, crispy bar with peanut butter filling",31.34,12.959,55.53,9.53,3.3,542.3,1,1,1-1
"Syrup, maple, Canadian",0.0,0.0,67.38,0.0,0.0,269.5,1,0,1-0
"Sweetener, syrup, agave",0.45,0.0,76.37,0.09,0.2,309.9,1,0,1-0
"Candies, NESTLE, BUTTERFINGER Crisp",18.33,10.592,68.45,6.67,1.7,465.4,1,1,1-1
"Candies, fruit snacks, with high vitamin C",0.0,0.0,87.97,0.08,0.0,352.2,1,0,1-0
"Jams, preserves, marmalades, sweetened with fruit juice",0.0,0.0,52.93,0.0,0.9,211.7,1,0,1-0
"Candies, Tamarind",0.0,0.0,91.96,0.0,2.5,367.8,1,0,1-0
"Candies, coconut bar, not chocolate covered",27.65,25.54,55.87,2.13,6.4,480.8,1,1,1-1
"Barley, hulled",2.3,0.482,73.48,12.48,17.3,364.5,1,0,1-0
"Barley, pearled, raw",1.16,0.244,77.72,9.91,15.6,361.0,1,0,1-0
Buckwheat,3.4,0.741,71.5,13.25,10.0,369.6,1,0,1-0
"Corn grain, yellow",4.74,0.667,74.26,9.42,7.3,377.4,1,0,1-0
"Corn bran, crude",0.92,0.13,85.64,8.36,79.0,384.3,1,0,1-0
"Corn flour, whole-grain, yellow",3.86,0.543,76.85,6.93,7.3,369.9,1,0,1-0
"Fast foods, hush puppies",13.25,2.621,40.21,6.16,2.9,304.7,1,0,1-0
"Fast food, biscuit",18.92,11.803,42.82,7.08,2.5,369.9,1,1,1-1
"Snacks, granola bar, fruit-filled, nonfat",0.9,0.2,77.6,5.9,7.4,342.1,1,0,1-0
"Wheat flour, white (industrial), 10% protein, unbleached, enriched",1.48,0.302,76.22,9.71,2.4,357.0,1,0,1-0
"Wheat flour, white (industrial), 11.5% protein, bleached, enriched",1.45,0.268,73.81,11.5,2.4,354.3,1,0,1-0
"Wheat flour, white (industrial), 11.5% protein, bleached, unenriched",1.45,0.268,73.81,11.5,2.4,354.3,1,0,1-0
"Wheat flour, white (industrial), 11.5% protein, unbleached, enriched",1.45,0.268,73.81,11.5,2.4,354.3,1,0,1-0
"Wheat flour, white (industrial), 13% protein, bleached, enriched",1.38,0.189,72.2,13.07,2.4,353.5,1,0,1-0
"Wheat flour, whole-grain, soft wheat",1.95,0.43,74.48,9.61,13.1,353.9,1,0,1-0
"Agave, dried (Southwest)",0.69,0.0,81.98,1.71,15.6,341.0,1,0,1-0
"Mango, dried, sweetened",1.18,0.287,78.58,2.45,2.4,334.7,1,0,1-0
"Tennis Bread, plain (Apache)",1.05,0.27,53.26,9.0,2.6,258.5,1,0,1-0
"Pinon Nuts, roasted (Navajo)",34.08,3.21,51.06,7.41,43.4,540.6,1,1,1-1
"Seaweed, agar, dried",0.3,0.061,80.88,6.21,7.7,351.1,1,0,1-0
"BURGER KING, french fries",12.48,2.137,38.7,3.23,2.9,280.0,1,0,1-0
"KFC, biscuit",17.05,11.916,43.55,7.5,2.0,357.6,1,1,1-1
"Potatoes, mashed, dehydrated, flakes without milk, dry form",0.41,0.169,81.17,8.34,6.6,361.7,1,0,1-0
"Potatoes, au gratin, dry mix, unprepared",3.7,2.323,74.31,8.9,4.1,366.1,1,0,1-0
"Potatoes, scalloped, dry mix, unprepared",4.59,1.2,73.93,7.77,8.6,368.1,1,0,1-0
"Leeks, (bulb and lower-leaf portion), freeze-dried",2.1,0.279,74.65,15.2,10.4,378.3,1,0,1-0
"Carrot, dehydrated",1.49,0.256,79.57,8.1,23.6,364.1,1,0,1-0
"Seeds, breadnut tree seeds, dried",1.68,0.454,79.39,8.62,14.9,367.2,1,0,1-0
"Seeds, chia seeds, dried",30.74,3.33,42.12,16.54,34.4,511.3,1,1,1-1
"Seeds, cottonseed flour, partially defatted (glandless)",6.2,1.588,40.54,40.96,3.0,381.8,1,0,1-0
"Nuts, chestnuts, european, raw, unpeeled",2.26,0.425,45.54,2.42,8.1,212.2,1,0,1-0
"Nuts, chestnuts, european, dried, unpeeled",4.45,0.837,77.31,6.39,11.7,374.8,1,0,1-0
"Nuts, coconut meat, dried (desiccated), sweetened, flaked, packaged",27.99,26.396,51.85,3.13,9.9,471.8,1,1,1-1
"Nuts, walnuts, glazed",35.71,3.571,47.59,8.28,3.6,544.9,1,1,1-1
"Puddings, vanilla, dry mix, regular, with added oil",1.1,0.2,92.4,0.3,0.0,380.7,1,0,1-0
"Jams and preserves, apricot",0.2,0.01,64.4,0.7,0.3,262.2,1,0,1-0
"Syrups, table blends, pancake, with 2% maple, with added potassium",0.1,0.0,69.6,0.0,0.0,279.3,1,0,1-0
"Snacks, potato chips, plain, made with partially hydrogenated soybean oil, unsalted",34.6,5.43,52.9,7.0,4.8,551.0,1,1,1-1
"Snacks, potato chips, plain, unsalted",34.6,10.96,52.9,7.0,4.8,551.0,1,1,1-1
"Snacks, pretzels, hard, plain, made with unenriched flour, salted",3.5,0.75,79.2,9.1,2.8,384.7,1,0,1-0
"Snacks, pretzels, hard, plain, made with unenriched flour, unsalted",3.5,0.75,79.2,9.1,2.8,384.7,1,0,1-0
"Candies, sugar-coated almonds",17.93,1.948,68.26,10.0,2.5,474.4,1,1,1-1
"Cocoa, dry powder, hi-fat or breakfast, processed with alkali",23.71,12.64,49.71,16.8,33.9,479.4,1,1,1-1
"Candies, soft fruit and nut squares",9.52,0.898,73.81,2.31,2.4,390.2,1,0,1-0
"Frozen novelties, KLONDIKE, SLIM-A-BEAR Chocolate Cone",4.1,1.001,45.32,4.09,4.3,234.5,1,0,1-0
"Frozen novelties, KLONDIKE, SLIM-A-BEAR Vanilla Sandwich",5.85,3.25,42.75,3.9,4.3,239.2,1,0,1-0
"Candies, REESE's Fast Break, milk chocolate, peanut butter, soft nougats, candy bar",23.21,8.036,63.9,8.93,3.6,500.2,1,1,1-1
"Candies, MARS SNACKFOOD US, COCOAVIA Chocolate Covered Almonds",37.07,11.745,50.22,9.51,10.4,572.6,1,1,1-1
"Sweeteners, sugar substitute, granulated, brown",0.0,0.0,84.77,2.06,0.6,347.3,1,0,1-0
"Candies, M&M MARS 3 MUSKETEERS Truffle Crisp",28.85,19.23,63.15,6.41,0.0,537.9,1,1,1-1
"Candies, M&M MARS Pretzel Chocolate Candies",15.0,8.986,72.94,5.0,2.5,446.8,1,1,1-1
"Sweetener, herbal extract powder from Stevia leaf",0.0,0.0,100.0,0.0,0.0,400.0,1,0,1-0
"Candies, HERSHEYS, PAYDAY Bar",25.0,4.806,52.88,13.44,3.8,490.3,1,1,1-1
"Syrup, NESTLE, chocolate",0.0,0.0,67.21,0.0,0.0,268.8,1,0,1-0
"Amaranth grain, uncooked",7.02,1.459,65.25,13.56,6.7,378.4,1,0,1-0
Arrowroot flour,0.1,0.019,88.15,0.3,3.4,354.7,1,0,1-0
"Buckwheat groats, roasted, dry",2.71,0.591,74.95,11.73,10.3,371.1,1,0,1-0
"Buckwheat flour, whole-groat",3.1,0.677,70.59,12.62,10.0,360.7,1,0,1-0
"Bulgur, dry",1.33,0.232,75.87,12.29,12.5,364.6,1,0,1-0
"Fast foods, onion rings, breaded and fried",25.23,4.194,43.58,3.86,2.7,416.8,1,1,1-1
"Fast foods, potato, french fried in vegetable oil",14.73,2.336,41.44,3.43,3.8,312.0,1,0,1-0
"McDONALD'S, french fries",15.47,2.271,42.58,3.41,3.9,323.2,1,0,1-0
"WENDY'S, french fries",14.1,2.79,39.73,3.73,4.0,300.7,1,0,1-0
"BURGER KING, Onion Rings",25.23,4.194,43.58,3.86,2.7,416.8,1,1,1-1
"Fast foods, breadstick, soft, prepared with garlic and parmesan cheese",12.88,2.966,44.48,12.2,2.4,342.6,1,0,1-0
"PIZZA HUT, breadstick, parmesan garlic",12.88,2.966,44.48,12.2,2.4,342.6,1,0,1-0
"Dessert topping, powdered",39.92,36.723,52.54,4.9,0.0,589.0,1,1,1-1
"Milk, dry, nonfat, regular, without added vitamin A and vitamin D",0.77,0.499,51.98,36.16,0.0,359.5,1,0,1-0
"Spices, bay leaf",8.36,2.28,74.97,7.61,26.3,405.6,1,0,1-0
"Spices, caraway seed",14.59,0.62,49.9,19.77,38.0,410.0,1,0,1-0
"Spices, cardamom",6.7,0.68,68.47,10.76,28.0,377.2,1,0,1-0
"Spices, celery seed",25.27,2.19,41.35,18.07,11.8,465.1,1,1,1-1
"Spices, coriander leaf, dried",4.78,0.115,52.1,21.93,10.4,339.1,1,0,1-0
"Spices, coriander seed",17.77,0.99,54.99,12.37,41.9,429.4,1,1,1-1
"Spices, cumin seed",22.27,1.535,44.24,17.81,10.5,448.6,1,1,1-1
"Spices, curry powder",14.01,1.648,55.83,14.29,53.2,406.6,1,0,1-0
"Spices, dill seed",14.54,0.73,55.17,15.98,21.1,415.5,1,0,1-0
"Spices, ginger, ground",4.24,2.599,71.62,8.98,14.1,360.6,1,0,1-0
"Spices, mace, ground",32.38,9.51,50.5,6.71,20.2,520.3,1,1,1-1
"Spices, marjoram, dried",7.04,0.529,60.56,12.66,40.3,356.2,1,0,1-0
"Spices, parsley, dried",5.48,1.378,50.64,26.63,26.7,358.4,1,0,1-0
"Spices, pepper, black",3.26,1.392,63.95,10.39,25.3,326.7,1,0,1-0
"Spices, pepper, red or cayenne",17.27,3.26,56.63,12.01,27.2,430.0,1,1,1-1
"Spices, pepper, white",2.12,0.626,68.61,10.4,26.2,335.1,1,0,1-0
"Spices, saffron",5.85,1.586,65.37,11.43,3.9,359.8,1,0,1-0
"Spices, sage, ground",12.75,7.03,60.73,10.63,40.3,400.2,1,0,1-0
"Spices, savory, ground",5.91,3.26,68.73,6.73,45.7,355.0,1,0,1-0
"Spices, tarragon, dried",7.24,1.881,50.22,22.77,7.4,357.1,1,0,1-0
"Spices, thyme, dried",7.43,2.73,63.94,9.11,37.0,359.1,1,0,1-0
"Babyfood, cereal, mixed, dry fortified",6.66,0.769,78.21,6.66,6.7,399.4,1,0,1-0
"Babyfood, cereal, mixed, with bananas, dry",4.6,0.846,77.1,10.7,7.8,392.6,1,0,1-0
"Babyfood, cereal, rice, dry fortified",2.19,0.234,83.14,6.65,1.3,378.9,1,0,1-0
"Babyfood, crackers, vegetable",19.6,1.966,66.85,8.4,4.0,477.4,1,1,1-1
"Babyfood, cereal, high protein, with apple and orange, dry",6.5,0.96,57.6,25.4,7.1,390.5,1,0,1-0
"Babyfood, cereal, rice, with bananas, dry",4.2,0.978,79.9,8.7,1.0,392.2,1,0,1-0
"Babyfood, cookies",13.2,2.352,67.1,11.8,0.2,434.4,1,0,1-0
"Infant formula, ABBOTT NUTRITION, ALIMENTUM ADVANCE, with iron, powder, not reconstituted, with DHA and ARA",28.19,14.282,51.91,13.99,0.0,517.3,1,1,1-1
"Toddler formula, MEAD JOHNSON, ENFAGROW, Toddler Transitions, with ARA and DHA, powder",26.9,10.9,52.8,12.9,0.0,504.9,1,1,1-1
"Babyfood, Multigrain whole grain cereal, dry fortified",6.67,1.058,80.06,6.67,6.7,407.0,1,0,1-0
"Babyfood, Baby MUM MUM Rice Biscuits",0.87,0.238,83.21,12.5,0.0,390.7,1,0,1-0
"Soup, onion, dry, mix",0.34,0.089,65.07,7.48,6.6,293.3,1,0,1-0
"Soup, cream of vegetable, dry, powder",24.1,6.03,52.1,8.0,3.0,457.3,1,1,1-1
"Gravy, mushroom, dry, powder",4.0,2.36,64.66,10.0,4.8,334.6,1,0,1-0
"Gravy, onion, dry, mix",3.0,1.86,67.64,9.0,6.0,333.6,1,0,1-0
"Gravy, pork, dry, powder",8.63,4.29,63.57,8.78,2.4,367.1,1,0,1-0
"Soup, ramen noodle, any flavor, dry",17.59,8.117,60.26,10.17,2.9,440.0,1,1,1-1
"Cream substitute, powdered",32.92,19.146,59.29,2.48,0.0,543.4,1,1,1-1
"Milk, dry, nonfat, instant, with added vitamin A and vitamin D",0.72,0.467,52.19,35.1,0.0,355.6,1,0,1-0
"Milk, dry, nonfat, calcium reduced",0.2,0.124,51.8,35.5,0.0,351.0,1,0,1-0
"Milk, buttermilk, dried",5.78,3.598,49.0,34.3,0.0,385.2,1,0,1-0
"Milk, canned, condensed, sweetened",8.7,5.486,54.4,7.91,0.0,327.5,1,0,1-0
"Whey, acid, dried",0.54,0.342,73.45,11.73,0.0,345.6,1,0,1-0
"Whey, sweet, dried",1.07,0.684,74.46,12.93,0.0,359.2,1,0,1-0
"Spices, allspice, ground",8.69,2.55,72.12,6.09,21.6,391.0,1,0,1-0
"Spices, anise seed",15.9,0.586,50.02,17.6,14.6,413.6,1,1,1-1
"Spices, basil, dried",4.07,2.157,47.75,22.98,37.7,319.6,1,0,1-0
"Spices, chervil, dried",3.9,0.169,49.1,23.2,11.3,324.3,1,0,1-0
"Spices, chili powder",14.28,2.462,49.7,13.46,34.8,381.2,1,0,1-0
"Spices, cinnamon, ground",1.24,0.345,80.59,3.99,53.1,349.5,1,0,1-0
"Spices, cloves, ground",13.0,3.952,65.53,5.97,33.9,403.0,1,0,1-0
"Spices, dill weed, dried",4.36,0.234,55.82,19.96,13.6,342.4,1,0,1-0
"Spices, fennel seed",14.87,0.48,52.29,15.8,39.8,406.2,1,0,1-0
"Spices, fenugreek seed",6.41,1.46,58.35,23.0,24.6,383.1,1,0,1-0
"Spices, garlic powder",0.73,0.249,72.73,16.55,9.0,363.7,1,0,1-0
"Spices, nutmeg, ground",36.31,25.94,49.29,5.84,20.8,547.3,1,1,1-1
"Spices, onion powder",1.04,0.219,79.12,10.41,15.2,367.5,1,0,1-0
"Spices, oregano, dried",4.28,1.551,68.92,9.0,42.5,350.2,1,0,1-0
"Spices, paprika",12.89,2.14,53.99,14.14,34.9,388.5,1,0,1-0
"Spices, poultry seasoning",7.53,3.29,65.59,9.59,11.3,368.5,1,0,1-0
"Spices, pumpkin pie spice",12.6,6.53,69.28,5.76,14.8,413.6,1,0,1-0
"Spices, rosemary, dried",15.22,7.371,64.06,4.88,42.6,412.7,1,1,1-1
"Babyfood, cereal, barley, dry fortified",6.6,0.894,69.4,13.2,6.6,389.8,1,0,1-0
"Babyfood, cereal, whole wheat, with apples, dry fortified",4.8,0.639,83.2,6.6,6.7,402.4,1,0,1-0
"Babyfood, cereal, oatmeal, dry fortified",6.36,0.841,73.48,10.99,7.3,395.1,1,0,1-0
"Babyfood, cereal, oatmeal, with bananas, dry",6.67,1.267,78.07,6.67,5.2,399.0,1,0,1-0
"Babyfood, oatmeal cereal with fruit, dry, instant, toddler fortified",7.05,1.572,74.1,10.5,7.8,401.8,1,0,1-0
"Babyfood, cookie, baby, fruit",12.6,2.7,73.7,6.8,3.4,435.4,1,0,1-0
"Babyfood, cookies, arrowroot",10.0,1.048,75.4,7.6,0.2,422.0,1,0,1-0
"Babyfood, pretzels",2.0,0.4,82.2,10.8,2.3,390.0,1,0,1-0
"Babyfood, GERBER, GRADUATES Lil Biscuits Vanilla Wheat",9.27,0.81,72.48,7.97,5.9,405.2,1,0,1-0
Zwieback,9.7,2.525,74.2,10.1,2.5,424.5,1,0,1-0
"Infant formula, ABBOTT NUTRITION, SIMILAC, ISOMIL, ADVANCE with iron, powder, not reconstituted",28.09,9.167,53.57,12.6,0.0,517.5,1,1,1-1
"Babyfood, fortified cereal bar, fruit filling",5.3,0.453,68.63,5.43,1.7,343.9,1,0,1-0
"Infant Formula, MEAD JOHNSON, ENFAMIL, GENTLEASE, with ARA and DHA powder not reconstituted",27.0,11.3,56.5,11.7,0.0,515.8,1,1,1-1
"Babyfood, Snack, GERBER, GRADUATES, LIL CRUNCHIES, baked whole grain corn snack",28.57,4.669,61.59,0.0,0.0,503.5,1,1,1-1
"Infant formula, ABBOTT NUTRITION, SIMILAC, For Spit Up, powder, with ARA and DHA",27.75,18.025,55.0,11.0,0.0,513.8,1,1,1-1
"Gravy, brown, dry",9.61,3.319,59.38,10.74,2.0,367.0,1,0,1-0
"Soup, chicken noodle, dry, mix",6.51,1.969,62.32,15.42,3.2,369.6,1,0,1-0
"Gravy, brown instant, dry",11.85,5.866,59.78,8.53,3.2,379.9,1,0,1-0
"Gravy, instant beef, dry",9.48,4.88,61.1,9.8,4.3,368.9,1,0,1-0
"Gravy, instant turkey, dry",14.66,4.931,57.56,11.72,3.8,409.1,1,1,1-1
"Potato soup, instant, dry mix",3.1,0.613,76.14,9.2,7.6,369.3,1,0,1-0
"Soup, bouillon cubes and granules, low sodium, dry",13.89,3.433,64.88,16.7,0.2,451.3,1,1,1-1
"Soup, ramen noodle, beef flavor, dry",17.73,8.158,60.34,10.06,3.0,441.2,1,1,1-1
"Soup, ramen noodle, chicken flavor, dry",17.52,8.095,60.23,10.22,2.9,439.5,1,1,1-1
"Cereals ready-to-eat, POST, ALPHA-BITS",4.6,1.1,80.3,10.0,7.1,402.6,1,0,1-0
"Cereals ready-to-eat, QUAKER, CAP'N CRUNCH",5.12,3.346,85.51,4.39,2.5,405.7,1,0,1-0
"Cereals ready-to-eat, QUAKER, CAP'N CRUNCH with CRUNCHBERRIES",4.83,3.08,85.93,4.45,2.6,405.0,1,0,1-0
"Cereals ready-to-eat, QUAKER, CAP'N CRUNCH'S PEANUT BUTTER CRUNCH",9.23,3.92,78.65,7.1,2.7,426.1,1,0,1-0
"Cereals ready-to-eat, POST, FRUITY PEBBLES",4.02,3.6,86.1,4.62,0.8,399.1,1,0,1-0
"Cereals ready-to-eat, granola, homemade",24.31,3.957,53.88,13.67,8.9,489.0,1,1,1-1
"Cereals ready-to-eat, POST, GRAPE-NUTS Cereal",1.81,0.34,80.49,11.22,13.0,383.1,1,0,1-0
"Cereals ready-to-eat, POST, GRAPE-NUTS Flakes",3.7,0.5,82.0,9.4,10.2,398.9,1,0,1-0
"Cereals ready-to-eat, QUAKER, SWEET CRUNCH/QUISP",6.08,4.442,85.03,4.51,2.3,412.9,1,0,1-0
"Cereals ready-to-eat, POST Raisin Bran Cereal",1.6,0.296,78.9,7.6,13.7,360.4,1,0,1-0
"Cereals ready-to-eat, QUAKER, QUAKER Puffed Rice",0.9,0.325,87.78,7.01,1.4,387.3,1,0,1-0
"Cereals ready-to-eat, POST, GOLDEN CRISP",1.7,0.2,90.1,5.5,5.0,397.7,1,0,1-0
"Cereals ready-to-eat, SUN COUNTRY, KRETSCHMER Honey Crunch Wheat Germ",7.78,1.36,58.11,26.55,10.2,408.7,1,0,1-0
"Cereals, corn grits, white, regular and quick, enriched, dry",1.75,0.34,79.09,7.65,4.6,362.7,1,0,1-0
"Cereals, QUAKER, corn grits, instant, plain, dry",2.14,0.362,78.42,7.31,4.2,362.2,1,0,1-0
"Cereals, farina, enriched, assorted brands including CREAM OF WHEAT, quick (1-3 minutes), dry",1.41,0.232,73.19,11.6,4.2,351.8,1,0,1-0
"Cereals, CREAM OF WHEAT, instant, dry",1.4,0.222,75.5,10.6,3.3,357.0,1,0,1-0
"Cereals, oats, instant, fortified, plain, dry",6.9,1.346,69.52,11.92,10.0,387.9,1,0,1-0
"Cereals, QUAKER, Instant Oatmeal, apples and cinnamon, dry",4.61,0.88,76.74,8.62,8.3,382.9,1,0,1-0
"Cereals, oats, instant, fortified, with cinnamon and spice, dry",4.84,0.768,76.08,9.53,8.0,386.0,1,0,1-0
"Cereals, WHEATENA, dry",2.9,0.43,75.6,13.1,12.8,380.9,1,0,1-0
"Cereals, whole wheat hot natural cereal, dry",2.0,0.3,75.2,11.2,9.5,363.6,1,0,1-0
"Cereals ready-to-eat, QUAKER, QUAKER Puffed Wheat",2.15,0.413,76.39,16.26,9.4,390.0,1,0,1-0
"Cereals, corn grits, yellow, regular and quick, unenriched, dry",1.2,0.155,79.6,8.8,1.6,364.4,1,0,1-0
"Cereals, MALT-O-MEAL, chocolate, dry",0.82,0.31,79.55,10.6,2.8,368.0,1,0,1-0
"Cereals, ready-to-eat, MALT-O-MEAL, Blueberry Mini SPOONERS",1.92,0.4,79.4,8.81,10.3,370.1,1,0,1-0
"Cereals ready-to-eat, MALT-O-MEAL, OAT BLENDERS with honey",4.17,0.5,84.94,6.78,5.0,404.4,1,0,1-0
"Cereals ready-to-eat, MALT-O-MEAL, OAT BLENDERS with honey & almonds",4.88,0.62,77.26,7.8,6.1,384.2,1,0,1-0
"Cereals ready-to-eat, MALT-O-MEAL, Honey Nut SCOOTERS",4.51,0.63,79.62,8.59,6.3,393.4,1,0,1-0
"Cereals, QUAKER, Instant Oatmeal, Cinnamon Swirl, high fiber",4.8,0.926,75.67,8.79,22.3,381.0,1,0,1-0
"Cereals, QUAKER, oatmeal, REAL MEDLEYS, blueberry hazelnut, dry",9.8,1.648,69.47,9.81,7.7,405.3,1,0,1-0
"Cereals, QUAKER, oatmeal, REAL MEDLEYS, apple walnut, dry",10.36,1.301,70.53,8.18,7.0,408.1,1,0,1-0
"Cereals, QUAKER, oatmeal, REAL MEDLEYS, summer berry, dry",4.4,1.041,72.58,11.31,8.5,375.2,1,0,1-0
"Apples, dried, sulfured, uncooked",0.32,0.052,65.89,0.93,8.7,270.2,1,0,1-0
"Cherries, tart, dried, sweetened (Includes foods for USDA's Food Distribution Program)",0.73,0.146,80.45,1.25,2.5,333.4,1,0,1-0
"Cranberries, dried, sweetened (Includes foods for USDA's Food Distribution Program)",1.09,0.088,82.8,0.17,5.3,341.7,1,0,1-0
"Currants, zante, dried",0.22,0.085,76.98,3.43,4.4,323.6,1,0,1-0
"Dates, deglet noor",0.39,0.032,75.03,2.45,8.0,313.4,1,0,1-0
"Soup, ramen noodle, dry, any flavor, reduced fat, reduced sodium",2.5,0.0,70.95,10.89,2.7,349.9,1,0,1-0
"Sauce, duck, ready-to-serve",0.13,0.051,60.66,0.36,0.6,245.2,1,0,1-0
"Sauce, barbecue, SWEET BABY RAY'S, original",0.43,0.037,46.08,0.95,1.3,192.0,1,0,1-0
Wasabi,10.9,2.031,46.13,2.23,6.1,291.5,1,0,1-0
"Cookie, vanilla with caramel, coconut, and chocolate coating",25.8,17.7,64.1,3.5,4.4,502.6,1,1,1-1
"Cookie, with peanut butter filling, chocolate-coated",35.3,19.2,52.9,8.1,3.5,561.7,1,1,1-1
"Cookies, animal, with frosting or icing",24.1,16.2,70.09,3.0,0.9,509.3,1,1,1-1
"Crackers, multigrain",20.4,3.3,67.6,7.1,3.5,482.4,1,1,1-1
"Cake, snack cakes, not chocolate, with icing or filling, low-fat, with added fiber",11.14,3.713,74.3,3.71,14.9,412.3,1,0,1-0
"Cookies, brownies, commercially prepared, reduced fat, with added fiber",9.68,2.766,61.58,2.77,11.1,344.5,1,0,1-0
"Cookies, chocolate sandwich, with creme filling, reduced fat",13.24,2.941,76.17,2.94,2.9,435.6,1,0,1-0
"Cookies, oatmeal sandwich, with creme filling",18.29,5.226,55.62,2.61,2.6,397.5,1,1,1-1
"Cookies, peanut butter, commercially prepared, sugar free",31.03,8.621,50.52,10.34,3.4,522.7,1,1,1-1
"Bread, chapati or roti, plain, commercially prepared",7.45,1.953,46.36,11.25,4.9,297.5,1,0,1-0
"Bread, naan, plain, commercially prepared, refrigerated",5.65,1.393,50.43,9.62,2.2,291.0,1,0,1-0
"Crackers, standard snack-type, with whole wheat",17.84,4.345,68.37,7.29,4.9,463.2,1,1,1-1
"Cookies, coconut macaroon",22.55,20.099,61.22,3.02,5.1,459.9,1,1,1-1
"Crackers, sandwich-type, peanut butter filled, reduced fat",16.67,2.778,63.49,8.33,2.8,437.3,1,1,1-1
"Bread, cinnamon",5.29,0.0,44.38,7.05,3.5,253.3,1,0,1-0
"Bagels, multigrain",1.24,0.0,47.47,9.9,6.2,240.6,1,0,1-0
"Pancakes, whole wheat, dry mix, incomplete",1.32,0.0,74.11,10.53,7.9,350.4,1,0,1-0
"Crackers, toast thins, low sodium",16.13,3.226,67.66,6.45,9.7,441.6,1,1,1-1
"Crackers, whole grain, sandwich-type, with peanut butter filling",21.18,4.525,54.59,14.12,9.4,465.5,1,1,1-1
"Crackers, water biscuits",7.14,0.0,72.81,7.14,7.1,384.1,1,0,1-0
"Cookies, gluten-free, chocolate sandwich, with creme filling",17.89,7.905,76.03,2.19,2.5,473.9,1,1,1-1
"Cookies, gluten-free, chocolate wafer",30.42,15.299,62.82,4.06,1.6,541.3,1,1,1-1
"Cookies, gluten-free, lemon wafer",24.18,10.501,74.39,0.0,0.0,515.2,1,1,1-1
"Cookies, gluten-free, vanilla sandwich, with creme filling",20.47,7.006,74.61,2.66,0.5,493.3,1,1,1-1
"Rolls, gluten-free, white, made with rice flour, rice starch, and corn starch",2.65,0.215,50.47,3.34,5.1,239.1,1,0,1-0
"Rolls, gluten-free, whole grain, made with tapioca starch and brown rice flour",11.6,1.381,44.29,11.8,11.2,328.8,1,0,1-0
"Cookies, oatmeal, reduced fat",10.04,4.09,64.62,4.02,16.1,364.9,1,0,1-0
"Cookies, chocolate cream covered biscuit sticks",22.5,12.584,51.08,10.0,5.0,446.8,1,1,1-1
"Cookies, Marie biscuit",10.58,5.291,70.54,7.05,3.5,405.6,1,0,1-0
"Cookies, vanilla sandwich with creme filling, reduced fat",10.42,3.175,78.16,4.17,2.1,423.1,1,0,1-0
"Beverages, Cocoa mix, no sugar added, powder",3.0,1.777,71.93,15.49,7.5,376.7,1,0,1-0
"Cocoa mix, NESTLE, Rich Chocolate Hot Cocoa Mix",15.0,10.0,75.0,3.0,4.0,447.0,1,1,1-1
"Beverages, coffee, instant, regular, powder",0.5,0.197,75.4,12.2,0.0,354.9,1,0,1-0
"Beverages, coffee, instant, with chicory",0.2,0.071,78.9,9.3,0.5,354.6,1,0,1-0
"Beverages, KRAFT, coffee, instant, French Vanilla Cafe",19.2,4.6,74.6,2.5,1.4,481.2,1,1,1-1
"Beverages, tea, instant, lemon, with added ascorbic acid",0.3,0.037,97.6,0.6,0.0,395.5,1,0,1-0
"Cornmeal, degermed, unenriched, white",1.75,0.22,79.45,7.11,3.9,362.0,1,0,1-0
Millet flour,4.25,0.536,75.12,10.75,3.5,381.7,1,0,1-0
"Pasta, whole grain, 51% whole wheat, remaining enriched semolina, dry (Includes foods for USDA's Food Distribution Program)",2.55,0.324,73.3,13.2,11.3,369.0,1,0,1-0
"Fast foods, biscuit, with ham",16.3,10.096,38.75,11.85,0.7,349.1,1,1,1-1
"Fast foods, french toast sticks",17.74,3.989,41.21,6.0,1.4,348.5,1,1,1-1
"BURGER KING, french toast sticks",17.74,3.989,41.21,6.0,1.4,348.5,1,1,1-1
"Fast foods, miniature cinnamon rolls",17.95,4.701,53.38,7.02,2.2,403.2,1,1,1-1
"POPEYES, biscuit",23.71,11.515,40.95,6.0,3.8,401.2,1,1,1-1
Tomato powder,0.44,0.062,74.68,12.91,16.5,354.3,1,0,1-0
"Ice cream, lowfat, no sugar added, cone, added peanuts and chocolate sauce",9.33,6.598,40.01,5.33,9.3,265.3,1,0,1-0
"Sauce, cheese sauce mix, dry",18.33,8.44,60.52,7.68,1.0,437.8,1,1,1-1
"Wheat flour, white (industrial), 9% protein, bleached, unenriched",1.43,0.34,77.32,8.89,2.4,357.7,1,0,1-0
"Wheat flour, white (industrial), 10% protein, bleached, enriched",1.48,0.302,76.22,9.71,2.4,357.0,1,0,1-0
"Wheat flour, white (industrial), 10% protein, bleached, unenriched",1.48,0.302,76.22,9.71,2.4,357.0,1,0,1-0
"Wheat flour, white (industrial), 13% protein, bleached, unenriched",1.38,0.189,72.2,13.07,2.4,353.5,1,0,1-0
"Wheat flour, white (industrial), 15% protein, bleached, enriched",1.41,0.272,69.88,15.33,2.4,353.5,1,0,1-0
"Wheat flour, white (industrial), 15% protein, bleached, unenriched",1.41,0.272,69.88,15.33,2.4,353.5,1,0,1-0
"Tortellini, pasta with cheese filling, fresh-refrigerated, as purchased",7.23,3.6,47.0,13.5,1.9,307.1,1,0,1-0
"Burrito, beef and bean, microwaved",11.94,4.072,38.95,8.73,6.9,298.2,1,0,1-0
"Milk, dry, nonfat, regular, with added vitamin A and vitamin D",0.77,0.499,51.98,36.16,0.0,359.5,1,0,1-0
"Milk, dry, nonfat, instant, without added vitamin A and vitamin D",0.72,0.47,52.19,35.1,0.0,355.6,1,0,1-0
"Cream substitute, flavored, powdered",21.47,19.446,75.42,0.68,1.2,497.6,1,1,1-1
"Ice cream sandwich, vanilla, light, no sugar added",2.86,0.821,42.86,5.71,7.1,220.0,1,0,1-0
"Spices, turmeric, ground",3.25,1.838,67.14,9.68,22.7,336.5,1,0,1-0
"Spearmint, dried",6.03,1.577,52.04,19.93,29.8,342.2,1,0,1-0
"Seasoning mix, dry, taco, original",0.0,0.0,58.0,4.5,13.3,250.0,1,0,1-0
"Babyfood, finger snacks, GERBER, GRADUATES, PUFFS, apple and cinnamon",2.3,0.143,85.79,6.19,3.8,388.6,1,0,1-0
"Infant formula, MEAD JOHNSON, Enfamil for Supplementing, powder, with ARA and DHA, not reconstituted",27.0,11.3,55.8,11.7,0.0,513.0,1,1,1-1
"Infant formula, MEAD JOHNSON, ENFAMIL, with iron, powder",27.0,11.5,56.2,10.8,0.0,511.0,1,1,1-1
"Infant formula, MEAD JOHNSON, ENFAMIL, Infant, with iron, powder, with ARA and DHA",27.0,11.221,56.2,10.8,0.0,511.0,1,1,1-1
"Infant formula, ABBOTT NUTRITION, SIMILAC, PM 60/40, powder not reconstituted",28.71,12.214,54.94,11.4,0.0,523.8,1,1,1-1
"Infant formula, MEAD JOHNSON, ENFAMIL, NUTRAMIGEN WITH LGG, with iron, powder, not reconstituted, with ARA and DHA",27.0,11.3,53.6,14.1,0.0,513.8,1,1,1-1
"Infant formula, MEAD JOHNSON, ENFAMIL, ENFACARE, with iron, powder, with ARA and DHA",26.0,10.2,53.8,13.9,0.0,504.8,1,1,1-1
"Infant formula, MEAD JOHNSON, NEXT STEP, PROSOBEE LIPIL, powder, with ARA and DHA",21.0,8.905,57.1,15.6,0.0,479.8,1,1,1-1
"Infant formula, NESTLE, GOOD START SOY, with ARA and DHA, powder",25.6,11.0,55.6,12.5,0.0,502.8,1,1,1-1
"Infant formula, MEAD JOHNSON, ENFAMIL, AR, powder, with ARA and DHA",25.0,10.5,57.4,12.4,0.0,504.2,1,1,1-1
"Infant formula, ABBOTT NUTRITION, SIMILAC, NEOSURE, powder, with ARA and DHA",28.33,9.871,51.75,14.42,0.0,519.6,1,1,1-1
"Lentils, raw",1.06,0.154,63.35,24.63,10.7,361.5,1,0,1-0
"Lupins, mature seeds, raw",9.74,1.156,40.37,36.17,18.9,393.8,1,0,1-0
"Peas, green, split, mature seeds, raw",3.89,0.408,61.63,23.12,22.2,374.0,1,0,1-0
"Pigeon peas (red gram), mature seeds, raw",1.49,0.33,62.78,21.7,15.0,351.3,1,0,1-0
"Bagels, cinnamon-raisin",1.7,0.274,55.2,9.8,2.3,275.3,1,0,1-0
"Bagels, cinnamon-raisin, toasted",1.8,0.295,59.3,10.6,2.5,295.8,1,0,1-0
"Bagels, oat bran",1.2,0.191,53.3,10.7,3.6,266.8,1,0,1-0
"Biscuits, plain or buttermilk, frozen, baked",11.03,1.676,53.87,6.2,1.3,339.6,1,0,1-0
"Biscuits, plain or buttermilk, refrigerated dough, higher fat",10.58,2.806,46.32,6.66,0.7,307.1,1,0,1-0
"Biscuits, plain or buttermilk, refrigerated dough, higher fat, baked",11.22,5.514,49.05,6.79,2.8,324.3,1,0,1-0
"Biscuits, plain or buttermilk, prepared from recipe",16.3,4.324,44.6,7.0,1.5,353.1,1,1,1-1
"Bread, cracked-wheat",3.9,0.916,49.5,8.7,5.5,267.9,1,0,1-0
"Bread, egg",6.0,1.593,47.8,9.5,2.3,283.2,1,0,1-0
"Bread, egg, toasted",6.6,1.616,52.6,10.5,2.5,311.8,1,0,1-0
"Bread, french or vienna (includes sourdough)",2.42,0.529,51.88,10.75,2.2,272.3,1,0,1-0
"Bread, oat bran",4.4,0.697,39.8,10.4,4.5,240.4,1,0,1-0
"Bread, oat bran, toasted",4.8,0.766,43.7,11.4,4.9,263.6,1,0,1-0
"Bread, oatmeal",4.4,0.703,48.5,8.4,4.0,267.2,1,0,1-0
"Bread, oatmeal, toasted",4.8,0.764,52.7,9.2,4.3,290.8,1,0,1-0
"Bread, raisin, enriched",4.4,1.081,52.3,7.9,4.3,280.4,1,0,1-0
"Bread, raisin, enriched, toasted",4.8,1.175,56.9,8.6,4.7,305.2,1,0,1-0
"Bread, reduced-calorie, oat bran",3.2,0.445,41.3,8.0,12.0,226.0,1,0,1-0
"Bread, reduced-calorie, oat bran, toasted",3.8,0.53,49.2,9.5,14.3,269.0,1,0,1-0
"Bread, rye",3.3,0.626,48.3,8.5,5.8,256.9,1,0,1-0
"Bread, rye, toasted",3.6,0.688,53.1,9.4,6.4,282.4,1,0,1-0
"Bread, wheat",4.53,0.697,47.54,10.67,4.0,273.6,1,0,1-0
"Bread, wheat, toasted",4.27,0.989,55.77,12.96,4.7,313.4,1,0,1-0
"Bread, whole-wheat, commercially prepared",3.5,0.722,42.71,12.45,6.0,252.1,1,0,1-0
"Bread, whole-wheat, commercially prepared, toasted",4.07,0.922,51.16,16.27,7.5,306.3,1,0,1-0
"Bread, whole-wheat, prepared from recipe",5.4,0.796,51.4,8.4,6.0,287.8,1,0,1-0
"Bread, whole-wheat, prepared from recipe, toasted",5.9,0.874,56.4,9.2,6.7,315.5,1,0,1-0
"Bread, stuffing, cornbread, dry mix",4.2,0.922,76.7,10.0,14.3,384.6,1,0,1-0
"Cake, angelfood, commercially prepared",0.8,0.121,57.8,5.9,1.5,262.0,1,0,1-0
"Cake, angelfood, dry mix, prepared",0.3,0.043,58.7,6.1,0.2,261.9,1,0,1-0
"Cake, boston cream pie, commercially prepared",8.5,2.445,42.9,2.4,1.4,257.7,1,0,1-0
"Cake, chocolate, prepared from recipe without frosting",15.1,5.43,53.4,5.3,1.6,370.7,1,1,1-1
"Cake, white, prepared from recipe with coconut frosting",10.3,3.897,63.2,4.4,1.0,363.1,1,0,1-0
"Cake, coffeecake, cheese",15.2,5.391,44.3,7.0,1.0,342.0,1,1,1-1
"Cake, coffeecake, cinnamon with crumb topping, commercially prepared, enriched",23.3,5.797,46.7,6.8,2.0,423.7,1,1,1-1
"Cake, gingerbread, dry mix",13.8,3.46,74.6,4.4,1.7,440.2,1,0,1-0
"Cake, pineapple upside-down, prepared from recipe",12.1,2.915,50.5,3.5,0.8,324.9,1,0,1-0
"Cake, pound, commercially prepared, butter (includes fresh and frozen)",13.96,4.811,53.64,5.0,0.6,360.2,1,0,1-0
"Cake, sponge, commercially prepared",2.7,0.802,61.0,5.4,0.5,289.9,1,0,1-0
"Cake, pudding-type, white, enriched, dry mix",9.5,2.39,80.9,3.9,0.7,424.7,1,0,1-0
"Cake, white, prepared from recipe without frosting",12.4,3.269,57.2,5.4,0.8,362.0,1,0,1-0
"Cake, yellow, prepared from recipe without frosting",14.6,3.924,53.0,5.3,0.7,364.6,1,0,1-0
"Cookies, brownies, commercially prepared",16.3,4.235,63.9,4.8,2.1,421.5,1,1,1-1
"Cookies, chocolate wafers",14.2,4.241,72.7,6.6,3.4,445.0,1,0,1-0
"Cookies, chocolate chip, commercially prepared, regular, lower fat",17.91,5.962,67.49,5.97,3.0,455.0,1,1,1-1
"Cookies, chocolate chip, commercially prepared, regular, higher fat, enriched",24.72,8.091,65.36,5.1,2.0,504.3,1,1,1-1
"Cookies, chocolate chip, commercially prepared, soft-type",19.77,9.751,65.75,3.63,1.8,455.4,1,1,1-1
"Cookies, chocolate sandwich, with creme filling, regular",19.14,5.649,71.0,5.21,2.9,477.1,1,1,1-1
"Cookies, chocolate sandwich, with creme filling, regular, chocolate-coated",26.4,7.426,66.4,3.6,5.2,517.6,1,1,1-1
"Cookies, chocolate sandwich, with extra creme filling",24.52,5.454,68.2,4.33,2.7,510.8,1,1,1-1
"Cookies, fig bars",7.3,1.123,70.9,3.7,4.6,364.1,1,0,1-0
"Cookies, fortune",2.7,0.669,84.0,4.2,1.6,377.1,1,0,1-0
"Cookies, marshmallow, chocolate-coated (includes marshmallow pies)",16.9,4.722,67.7,4.0,2.0,438.9,1,1,1-1
"Cookies, molasses",12.8,3.212,73.8,5.6,1.0,432.8,1,0,1-0
"Cookies, oatmeal, commercially prepared, regular",18.1,4.519,68.7,6.2,2.8,462.5,1,1,1-1
"Cookies, oatmeal, commercially prepared, soft-type",14.7,3.63,65.7,6.1,2.7,419.5,1,0,1-0
"Cookies, peanut butter, commercially prepared, regular",23.82,6.751,58.15,8.92,2.1,482.7,1,1,1-1
"Cookies, peanut butter, commercially prepared, soft-type",24.4,6.149,57.7,5.3,1.7,471.6,1,1,1-1
"Cookies, peanut butter, refrigerated dough",25.0,5.791,52.1,8.2,1.1,466.2,1,1,1-1
"Cookies, peanut butter, refrigerated dough, baked",27.5,6.199,57.3,9.1,1.2,513.1,1,1,1-1
"Cookies, brownies, dry mix, sugar free",12.5,2.018,80.4,2.9,4.2,445.7,1,0,1-0
"Cookies, chocolate chip, commercially prepared, special dietary",16.8,4.183,73.4,3.9,1.6,460.4,1,1,1-1
"Cookies, chocolate sandwich, with creme filling, special dietary",22.1,3.992,68.0,4.5,4.1,488.9,1,1,1-1
"Cookies, oatmeal, commercially prepared, special dietary",18.0,2.693,69.9,4.8,2.9,460.8,1,1,1-1
"Cookies, sugar, refrigerated dough, baked",23.1,5.906,65.6,4.7,0.9,489.1,1,1,1-1
"Cookies, sugar wafers with creme filling, regular",23.24,11.899,70.64,3.84,1.6,507.1,1,1,1-1
"Cookies, vanilla sandwich with creme filling",20.0,2.979,72.1,4.5,1.5,486.4,1,1,1-1
"Puff pastry, frozen, ready-to-bake, baked",38.5,5.502,45.7,7.4,1.5,558.9,1,1,1-1
"Crackers, crispbread, rye",1.3,0.145,82.2,7.9,16.5,372.1,1,0,1-0
"Crackers, matzo, plain",1.4,0.226,83.7,10.0,3.0,387.4,1,0,1-0
"Crackers, matzo, egg",2.1,0.548,78.6,12.3,2.8,382.5,1,0,1-0
"Crackers, matzo, whole-wheat",1.5,0.243,78.9,13.1,11.8,381.5,1,0,1-0
"Crackers, rye, sandwich-type with cheese filling",22.3,5.987,60.8,9.2,3.6,480.7,1,1,1-1
"Crackers, rye, wafers, plain",0.9,0.108,80.4,9.6,22.9,368.1,1,0,1-0
"Crackers, rye, wafers, seasoned",9.2,1.287,73.8,9.0,20.9,414.0,1,0,1-0
"Crackers, saltines (includes oyster, soda, soup)",8.64,1.653,74.05,9.46,2.8,411.8,1,0,1-0
"Crackers, wheat, sandwich, with cheese filling",25.0,4.129,58.2,9.8,3.1,497.0,1,1,1-1
"Crackers, wheat, sandwich, with peanut butter filling",26.7,4.602,53.8,13.5,4.4,509.5,1,1,1-1
"Crackers, whole-wheat",14.13,2.063,69.55,10.58,10.3,447.7,1,0,1-0
"Cracker, meal",1.7,0.271,80.9,9.3,2.6,376.1,1,0,1-0
"Croutons, plain",6.6,1.51,73.5,11.9,5.1,401.0,1,0,1-0
"Croutons, seasoned",18.3,5.247,63.5,10.8,5.0,461.9,1,1,1-1
"Danish pastry, cinnamon, enriched",22.4,5.681,44.6,7.0,1.3,408.0,1,1,1-1
"Danish pastry, fruit, enriched (includes apple, cinnamon, raisin, lemon, raspberry, strawberry)",18.5,4.86,47.8,5.4,1.9,379.3,1,1,1-1
"Doughnuts, french crullers, glazed",18.3,4.667,59.5,3.1,1.2,415.1,1,1,1-1
"Doughnuts, yeast-leavened, glazed, enriched (includes honey buns)",22.7,9.453,47.93,6.14,2.1,420.6,1,1,1-1
"Doughnuts, yeast-leavened, with jelly filling",18.7,4.843,39.0,5.9,0.9,347.9,1,1,1-1
"Muffins, English, raisin-cinnamon, toasted (includes apple-cinnamon)",2.21,0.579,55.04,8.87,3.0,275.5,1,0,1-0
"Muffins, English, wheat",2.0,0.287,44.8,8.7,4.6,232.0,1,0,1-0
"Muffins, plain, prepared from recipe, made with low fat (2%) milk",11.4,2.156,41.4,6.9,2.7,295.8,1,0,1-0
"Muffins, blueberry, commercially prepared (Includes mini-muffins)",16.07,2.844,53.0,4.49,1.1,374.6,1,1,1-1
"Muffins, blueberry, dry mix",3.25,1.161,61.0,3.48,1.4,287.2,1,0,1-0
"Muffins, blueberry, toaster-type",9.5,1.398,53.3,4.6,1.8,317.1,1,0,1-0
"Muffins, oat bran",7.4,1.087,48.3,7.0,4.6,287.8,1,0,1-0
"Pancakes, plain, dry mix, complete (includes buttermilk)",3.1,0.822,73.65,9.77,2.9,361.6,1,0,1-0
"Pancakes, buckwheat, dry mix, incomplete",2.7,0.439,71.3,10.9,8.5,353.1,1,0,1-0
"Pie, cherry, commercially prepared",11.0,2.562,39.8,2.0,0.8,266.2,1,0,1-0
"Pie, fried pies, fruit",16.1,2.457,42.6,3.0,2.6,327.3,1,1,1-1
"Pie, lemon meringue, commercially prepared",8.7,1.766,47.2,1.5,1.2,273.1,1,0,1-0
"Puff pastry, frozen, ready-to-bake",38.1,9.643,45.1,7.3,1.5,552.5,1,1,1-1
Phyllo dough,6.0,1.47,52.6,7.1,1.9,292.8,1,0,1-0
"Rolls, dinner, plain, commercially prepared (includes brown-and-serve)",6.47,1.375,52.04,10.86,2.0,309.8,1,0,1-0
"Rolls, dinner, whole-wheat",4.7,0.836,51.1,8.7,7.5,281.5,1,0,1-0
"Rolls, french",4.3,0.962,50.2,8.6,3.2,273.9,1,0,1-0
"Rolls, hamburger or hotdog, plain",3.91,0.842,50.12,9.77,1.8,274.8,1,0,1-0
"Rolls, hamburger or hotdog, mixed-grain",6.0,1.39,44.6,9.6,3.8,270.8,1,0,1-0
"Taco shells, baked",21.79,7.105,63.49,6.41,6.7,475.7,1,1,1-1
Wonton wrappers (includes egg roll wrappers),1.5,0.263,57.9,9.8,1.8,284.3,1,0,1-0
"Leavening agents, baking powder, low-sodium",0.4,0.073,46.9,0.1,2.2,191.6,1,0,1-0
"Bread, crumbs, dry, grated, seasoned",5.48,1.391,68.49,14.13,4.9,379.8,1,0,1-0
"Bread, protein, (includes gluten), toasted",2.4,0.364,48.1,13.2,3.3,266.8,1,0,1-0
"Rolls, dinner, plain, prepared from recipe, made with low fat (2%) milk",7.3,1.795,53.4,8.5,1.9,313.3,1,0,1-0
"Pie crust, cookie-type, prepared from recipe, graham cracker, chilled",24.4,5.092,63.9,4.1,1.5,491.6,1,1,1-1
"Crackers, matzo, egg and onion",3.9,0.936,77.1,10.0,5.0,383.5,1,0,1-0
"Pie crust, cookie-type, prepared from recipe, vanilla wafer, chilled",36.2,7.434,50.2,3.7,0.1,541.4,1,1,1-1
"Pie crust, standard-type, prepared from recipe, unbaked",30.8,7.674,42.3,5.7,3.4,469.2,1,1,1-1
"Bread, cornbread, dry mix, unenriched (includes corn muffin mix)",12.2,3.091,69.5,7.0,6.5,415.8,1,0,1-0
"Bread, pita, white, unenriched",1.2,0.166,55.7,9.1,2.2,270.0,1,0,1-0
"Bread, raisin, unenriched",4.4,1.081,52.3,7.9,4.3,280.4,1,0,1-0
"Bread, white, commercially prepared, low sodium, no salt",3.6,0.811,49.6,8.2,2.3,263.6,1,0,1-0
"Cookies, butter, commercially prepared, unenriched",18.8,11.051,68.9,6.1,0.8,469.2,1,1,1-1
"Cookies, chocolate chip, commercially prepared, regular, higher fat, unenriched",22.6,7.476,66.8,5.4,2.5,492.2,1,1,1-1
"Cookies, ladyfingers, without lemon juice and rind",9.1,3.022,59.7,10.6,1.0,363.1,1,0,1-0
"Crackers, melba toast, plain, without salt",3.2,0.445,76.6,12.1,6.3,383.6,1,0,1-0
"Crackers, whole-wheat, low salt",17.2,3.393,68.6,8.8,10.5,464.4,1,1,1-1
"Danish pastry, cinnamon, unenriched",22.4,5.681,44.6,7.0,1.2,408.0,1,1,1-1
"Danish pastry, fruit, unenriched (includes apple, cinnamon, raisin, strawberry)",18.5,2.826,47.8,5.4,1.9,379.3,1,1,1-1
"Danish pastry, lemon, unenriched",18.5,2.826,47.8,5.4,1.9,379.3,1,1,1-1
"English muffins, plain, unenriched, with calcium propionate (includes sourdough)",1.8,0.259,46.0,7.7,2.7,231.0,1,0,1-0
"Sauce, hoisin, ready-to-serve",3.39,0.568,44.08,3.31,2.8,220.1,1,0,1-0
"Cereals, QUAKER, QUAKER MultiGrain Oatmeal, dry",2.73,0.45,72.62,12.64,11.9,365.6,1,0,1-0
"Cereals ready-to-eat, chocolate-flavored frosted puffed corn",3.5,0.961,87.2,3.34,3.8,393.7,1,0,1-0
"Cereals ready-to-eat, QUAKER, Toasted Multigrain Crisps",5.11,0.91,74.9,12.38,10.2,395.1,1,0,1-0
"Cereals ready-to-eat, QUAKER, QUAKER 100% Natural Granola with Oats, Wheat, Honey, and Raisins",10.38,1.12,74.67,9.66,9.4,430.7,1,0,1-0
"Cereals ready-to-eat, QUAKER, Low Fat 100% Natural Granola with Raisins",5.52,0.97,80.57,8.42,9.6,405.6,1,0,1-0
"Cereals, QUAKER, Instant Grits, Butter flavor, dry",5.64,2.58,74.83,8.12,4.7,382.6,1,0,1-0
"Cereals ready-to-eat, HEALTH VALLEY, FIBER 7 Flakes",1.41,0.261,78.15,14.44,14.1,383.0,1,0,1-0
"Cereals ready-to-eat, MALT-O-MEAL, BERRY COLOSSAL CRUNCH",4.17,1.214,86.55,4.19,1.8,400.5,1,0,1-0
"Cereals ready-to-eat, MALT-O-MEAL, Crispy Rice",1.12,0.0,86.4,6.07,0.4,380.0,1,0,1-0
"Cereals ready-to-eat, MALT-O-MEAL, TOOTIE FRUITIES",3.2,0.687,85.94,4.69,2.2,391.3,1,0,1-0
"Cereals ready-to-eat, QUAKER, MOTHER'S PEANUT BUTTER BUMPERS Cereal",7.33,1.45,79.68,7.62,2.5,415.2,1,0,1-0
"Cereals ready-to-eat, QUAKER, MOTHER'S Toasted Oat Bran cereal",5.04,0.89,75.41,11.45,8.6,392.8,1,0,1-0
"Cereals ready-to-eat, QUAKER, Shredded Wheat, bagged cereal",2.01,0.405,81.01,11.24,11.8,387.1,1,0,1-0
"Cereals ready-to-eat, SUN COUNTRY, KRETSCHMER Wheat Germ, Regular",9.56,1.66,49.38,31.43,11.9,409.3,1,0,1-0
"Cereals, QUAKER, Quick Oats, Dry",6.87,1.11,68.18,13.7,9.4,389.4,1,0,1-0
"Cereals ready-to-eat, MALT-O-MEAL, Frosted Flakes",0.87,0.107,90.2,4.25,1.2,385.6,1,0,1-0
"Cereals, QUAKER, Instant Oatmeal, Raisin and Spice, dry",4.0,0.605,75.68,9.11,5.8,375.2,1,0,1-0
"Cereals, QUAKER, Instant Grits, Redeye Gravy & Country Ham flavor, dry",1.58,0.23,75.86,9.83,4.6,357.0,1,0,1-0
"Cereals, QUAKER, Instant Grits Product with American Cheese Flavor, dry",4.67,1.08,74.18,8.8,4.3,374.0,1,0,1-0
"Cereals, QUAKER, Instant Grits, Ham 'n' Cheese flavor, dry",4.68,1.06,71.08,10.73,4.2,369.4,1,0,1-0
"Cereals ready-to-eat, MALT-O-MEAL, HONEY GRAHAM SQUARES",9.97,1.5,74.68,4.46,4.4,406.3,1,0,1-0
"Cereals ready-to-eat, MALT-O-MEAL, Raisin Bran Cereal",1.87,0.424,80.37,7.63,10.2,368.8,1,0,1-0
"Cereals ready-to-eat, MALT-O-MEAL, Blueberry MUFFIN TOPS Cereal",11.48,1.66,79.91,4.9,4.7,442.6,1,0,1-0
"Cereals, MALT-O-MEAL, Farina Hot Wheat Cereal, dry",0.49,0.07,77.2,10.48,2.9,355.1,1,0,1-0
"Cereals, MALT-O-MEAL, Maple & Brown Sugar Hot Wheat Cereal, dry",0.47,0.09,80.52,8.82,1.8,361.6,1,0,1-0
"Cereals ready-to-eat, MALT-O-MEAL, Frosted Mini SPOONERS",1.94,0.228,81.81,9.09,10.9,381.1,1,0,1-0
"Cereals ready-to-eat, MALT-O-MEAL, Fruity DYNO-BITES",3.15,0.64,90.1,3.9,1.0,404.4,1,0,1-0
"Cereals ready-to-eat, RALSTON Enriched Wheat Bran flakes",3.36,0.433,79.77,10.21,16.9,390.2,1,0,1-0
"Cereals ready-to-eat, RALSTON Corn Biscuits",1.05,0.193,85.79,5.83,2.6,375.9,1,0,1-0
"Cereals ready-to-eat, POST GREAT GRAINS Cranberry Almond Crunch",5.9,0.8,76.6,8.9,11.1,395.1,1,0,1-0
Rice and Wheat cereal bar,9.09,0.0,72.73,9.09,1.8,409.1,1,0,1-0
"Cereals ready-to-eat, QUAKER, QUAKER Honey Graham LIFE Cereal",4.14,0.77,78.56,9.33,6.3,388.8,1,0,1-0
"Cereals, CREAM OF WHEAT, 1 minute cook time, dry",1.47,0.295,72.63,11.77,4.4,350.8,1,0,1-0
"Cereals ready-to-eat, QUAKER, Cap'n Crunch's OOPS! All Berries Cereal",3.99,2.291,87.1,4.6,2.6,402.7,1,0,1-0
"Cereals ready-to-eat, QUAKER Oatmeal Squares, Golden Maple",4.83,0.874,78.04,11.3,8.3,400.8,1,0,1-0
"Cereals ready-to-eat, POST, HONEY BUNCHES OF OATS with vanilla bunches",5.1,0.6,81.8,7.9,7.8,404.7,1,0,1-0
"Cereals, QUAKER, Instant Oatmeal, Cinnamon Spice, reduced sugar",6.11,1.16,69.45,11.26,8.8,377.8,1,0,1-0
"Cereals ready-to-eat, NATURE'S PATH, Organic FLAX PLUS flakes",5.46,0.62,75.27,11.91,16.6,397.9,1,0,1-0
"Cereals ready-to-eat, BARBARA'S PUFFINS, original",3.7,0.0,84.0,7.41,18.5,398.9,1,0,1-0
"Cereals ready-to-eat, POST, HONEY BUNCHES OF OATS, with real strawberries",4.9,0.6,83.3,6.7,5.4,404.1,1,0,1-0
"Cereals ready-to-eat, POST HONEY BUNCHES OF OATS with cinnamon bunches",5.0,0.6,82.8,7.1,5.8,404.6,1,0,1-0
"Goji berries, dried",0.39,0.0,77.06,14.26,13.0,368.8,1,0,1-0
"Snacks, popcorn, microwave, 94% fat free",6.1,1.184,76.04,10.72,13.6,401.9,1,0,1-0
"Formulated bar, MARS SNACKFOOD US, SNICKERS MARATHON Double Chocolate Nut Bar",8.99,4.847,51.66,22.35,10.5,376.9,1,0,1-0
"Snacks, M&M MARS, KUDOS Whole Grain Bars, peanut butter",20.78,10.411,64.69,5.88,2.6,469.3,1,1,1-1
"Formulated bar, MARS SNACKFOOD US, SNICKERS MARATHON Honey Nut Oat Bar",7.87,4.481,55.13,22.5,11.0,381.4,1,0,1-0
"Snacks, M&M MARS, KUDOS Whole Grain Bar, M&M's milk chocolate",11.95,6.802,73.01,3.78,2.4,414.7,1,0,1-0
"Formulated bar, MARS SNACKFOOD US, SNICKERS MARATHON Energy Bar, all flavors",10.79,4.753,50.3,21.91,6.7,385.9,1,0,1-0
"Formulated bar, POWER BAR, chocolate",3.11,1.32,69.63,14.15,5.7,363.1,1,0,1-0
"Formulated bar, MARS SNACKFOOD US, COCOAVIA, Chocolate Blueberry Snack Bar",9.27,3.87,57.87,6.21,4.6,339.7,1,0,1-0
"Formulated bar, SLIM-FAST OPTIMA meal bar, milk chocolate peanut",8.92,5.36,60.21,16.19,5.1,385.9,1,0,1-0
"Snacks, soy chips or crisps, salted",7.35,1.102,53.15,26.5,3.5,384.8,1,0,1-0
"Popcorn, microwave, regular (butter) flavor, made with palm oil",30.22,14.598,57.26,8.38,10.0,534.5,1,1,1-1
"Snacks, plantain chips, salted",29.59,8.337,63.84,2.28,3.5,530.8,1,1,1-1
"Tortilla chips, yellow, plain, salted",22.33,2.776,67.38,6.62,4.7,497.0,1,1,1-1
"Snacks, granola bar, KASHI GOLEAN, crunchy, mixed flavors",9.23,4.687,59.58,17.88,5.9,392.9,1,0,1-0
"Snacks, granola bar, chewy, reduced sugar, all flavors",12.5,5.008,69.4,5.55,3.1,412.3,1,0,1-0
"Snacks, granola bites, mixed flavors",17.5,9.888,66.27,7.17,5.7,451.3,1,1,1-1
"Snacks, pita chips, salted",15.2,1.342,68.26,11.79,3.8,457.0,1,1,1-1
"Snacks, granola bars, soft, almond, confectioners coating",20.0,5.668,60.13,8.6,4.3,454.9,1,1,1-1
"Formulated bar, high fiber, chewy, oats and chocolate",10.0,3.397,69.82,5.0,22.5,389.3,1,0,1-0
"Snacks, bagel chips, plain",15.14,6.835,66.36,12.34,4.1,451.1,1,1,1-1
"Snacks, NUTRI-GRAIN FRUIT AND NUT BAR",10.93,1.93,66.72,9.38,7.5,402.8,1,0,1-0
"Snacks, yucca (cassava) chips, salted",25.91,8.689,69.23,1.34,3.7,515.5,1,1,1-1
"Snacks, granola bar, GENERAL MILLS, NATURE VALLEY, CHEWY TRAIL MIX",11.43,1.435,72.27,5.71,3.8,414.8,1,0,1-0
"Snacks, granola bar, QUAKER, DIPPS, all flavors",20.42,8.693,64.96,7.52,3.2,473.7,1,1,1-1
"Snacks, brown rice chips",2.8,0.642,81.5,8.2,4.2,384.0,1,0,1-0
"Snack, Pretzel, hard chocolate coated",17.64,8.611,70.07,7.05,3.5,467.2,1,1,1-1
"Snacks, peas, roasted, wasabi-flavored",14.11,5.29,62.2,14.11,3.8,432.2,1,1,1-1
"Snack, BALANCE, original bar",12.0,1.149,48.73,28.0,3.1,414.9,1,0,1-0
"Snacks, shrimp cracker",17.86,5.357,59.09,7.14,5.6,425.7,1,1,1-1
Rice crackers,5.0,0.0,82.64,10.0,0.0,415.6,1,0,1-0
"Beverages, Whiskey sour mix, powder",0.1,0.019,97.3,0.6,0.0,392.5,1,0,1-0
"Beverages, UNILEVER, SLIMFAST Shake Mix, powder, 3-2-1 Plan",13.34,1.45,73.92,8.13,18.1,448.3,1,0,1-0
"Beverages, UNILEVER, SLIMFAST Shake Mix, high protein, whey powder, 3-2-1 Plan,",13.46,1.333,50.0,27.87,18.2,432.6,1,1,1-1
"Beverages, rich chocolate, powder",0.0,0.0,92.96,0.0,0.0,371.8,1,0,1-0
"Lemonade, frozen concentrate, white",0.7,0.025,49.89,0.22,0.3,206.7,1,0,1-0
"Beverages, Malted drink mix, natural, powder, dairy based.",9.52,4.762,71.21,14.29,0.1,427.7,1,0,1-0
"Beverages, OVALTINE, chocolate malt powder",0.0,0.0,92.96,0.0,0.0,371.8,1,0,1-0
"Beverages, tea, instant, decaffeinated, lemon, diet",0.6,0.0,85.4,3.3,0.0,360.2,1,0,1-0
"Beverages, tea, instant, decaffeinated, lemon, sweetened",0.73,0.091,98.55,0.12,0.0,401.2,1,0,1-0
"Beverages, tea, instant, unsweetened, powder",0.0,0.0,58.66,20.21,8.5,315.5,1,0,1-0
"Beverages, orange-flavor drink, breakfast type, powder",0.0,0.0,98.94,0.0,0.4,395.8,1,0,1-0
"Beverages, Orange-flavor drink, breakfast type, low calorie, powder",0.0,0.0,85.9,3.6,3.8,358.0,1,0,1-0
"English muffins, plain, unenriched, without calcium propionate (includes sourdough)",1.8,0.259,46.0,7.7,2.7,231.0,1,0,1-0
"Pie, fried pies, cherry",16.1,2.457,42.6,3.0,2.6,327.3,1,1,1-1
"Tortillas, ready-to-bake or -fry, corn, without added salt",2.5,0.334,46.6,5.7,5.2,231.7,1,0,1-0
"Tortillas, ready-to-bake or -fry, flour, without added calcium",7.1,1.745,55.6,8.7,3.3,321.1,1,0,1-0
"Cake, pound, commercially prepared, fat-free",1.2,0.259,61.0,5.4,1.1,276.4,1,0,1-0
"Cake, yellow, light, dry mix",5.5,1.367,84.1,4.7,1.3,404.7,1,0,1-0
"Archway Home Style Cookies, Coconut Macaroon",22.55,20.1,61.23,3.02,5.1,460.0,1,1,1-1
"Archway Home Style Cookies, Date Filled Oatmeal",12.05,2.76,68.16,4.67,2.1,399.8,1,0,1-0
"Archway Home Style Cookies, Dutch Cocoa",14.99,3.62,69.44,4.5,2.6,430.7,1,0,1-0
"Archway Home Style Cookies, Frosty Lemon",17.11,5.83,64.78,4.41,0.7,430.8,1,1,1-1
"Archway Home Style Cookies, Iced Molasses",14.43,4.16,69.12,3.5,1.0,420.4,1,0,1-0
"Archway Home Style Cookies, Old Fashioned Molasses",11.83,2.77,70.55,4.27,1.1,405.7,1,0,1-0
"Archway Home Style Cookies, Old Fashioned Windmill Cookies",17.55,3.75,72.23,5.17,1.8,467.6,1,1,1-1
"Archway Home Style Cookies, Peanut Butter",24.28,5.39,58.48,9.0,2.8,488.4,1,1,1-1
"Archway Home Style Cookies, Raspberry Filled",13.26,5.16,65.92,4.35,2.2,400.4,1,0,1-0
"George Weston Bakeries, Brownberry Sage and Onion Stuffing Mix, dry",5.1,0.9,72.7,13.3,5.4,389.9,1,0,1-0
"Continental Mills, Krusteaz Almond Poppyseed Muffin Mix, Artificially Flavored, dry",10.3,2.1,75.6,5.6,1.7,417.5,1,0,1-0
"Nabisco, Nabisco Ritz Crackers",23.21,5.45,63.51,7.23,2.3,491.8,1,1,1-1
"Pillsbury, Buttermilk Biscuits, Artificial Flavor, refrigerated dough",2.79,0.42,47.07,6.4,1.6,239.0,1,0,1-0
"Pillsbury, Chocolate Chip Cookies, refrigerated dough",21.26,8.73,60.75,3.82,1.7,449.6,1,1,1-1
"Pillsbury, Crusty French Loaf, refrigerated dough",2.88,0.67,46.35,8.59,2.6,245.7,1,0,1-0
"Sorghum flour, refined, unenriched",1.24,0.303,76.85,9.53,1.9,356.7,1,0,1-0
"McDONALD'S, Hotcakes and Sausage",12.5,3.646,37.55,7.81,1.6,293.9,1,0,1-0
"McDONALD'S, Hotcakes (with 2 pats margarine & syrup)",8.06,0.818,46.08,4.05,0.9,273.1,1,0,1-0
"Macaroni and cheese dinner with dry sauce mix, boxed, uncooked",4.82,1.151,70.12,13.86,3.2,379.3,1,0,1-0
"RICE-A-RONI, chicken flavor, unprepared",1.04,0.389,76.08,10.64,1.2,356.2,1,0,1-0
Dulce de Leche,7.35,4.534,55.35,6.84,0.0,314.9,1,0,1-0
"Seasoning mix, dry, chili, original",7.3,0.0,56.56,10.82,10.8,335.2,1,0,1-0
Clif Z bar,9.72,2.721,74.72,5.55,8.3,408.6,1,0,1-0
"Babyfood, juice treats, fruit medley, toddler",0.02,0.0,86.68,0.0,0.0,346.9,1,0,1-0
"Babyfood, snack, GERBER GRADUATE FRUIT  STRIPS, Real Fruit Bars",2.24,0.364,76.61,0.82,2.0,329.9,1,0,1-0
"Babyfood, cereal, Oatmeal, dry, GERBER, SINGLE GRAIN, fortified",6.42,0.844,73.57,10.94,7.0,395.8,1,0,1-0
"Babyfood, snack, GERBER, GRADUATES, YOGURT MELTS",4.0,2.236,71.82,14.29,2.3,380.4,1,0,1-0
"Infant formula, MEAD JOHNSON, Enfamil Enspire Powder, with ARA and DHA, not reconstituted",27.0,11.3,57.2,10.5,0.0,513.8,1,1,1-1
"Infant formula, NESTLE, GOOD START SUPREME, with iron, powder",26.1,11.66,57.32,11.3,0.0,509.4,1,1,1-1
"Infant formula, MEAD JOHNSON, PREGESTIMIL, with iron, powder, with ARA and DHA, not reconstituted",28.0,16.5,52.2,14.0,0.0,516.8,1,1,1-1
"Infant formula, ABBOTT NUTRITION, SIMILAC, ISOMIL, with iron, powder, not reconstituted",28.09,9.167,53.57,12.6,0.0,517.5,1,1,1-1
"Infant formula, MEAD JOHNSON, ENFAMIL, PROSOBEE, with iron, powder, not reconstituted, with ARA and DHA",27.0,11.3,54.6,12.7,0.0,512.2,1,1,1-1
"Infant formula, ABBOTT NUTRITION, SIMILAC, with iron, powder, not reconstituted",28.87,9.873,54.73,10.89,0.0,522.3,1,1,1-1
"Infant formula, NESTLE, GOOD START ESSENTIALS SOY, with iron, powder",25.5,11.0,55.7,12.5,0.0,502.3,1,1,1-1
"Infant formula, MEAD JOHNSON, NEXT STEP PROSOBEE, powder, not reconstituted",21.0,8.905,57.1,15.6,0.0,479.8,1,1,1-1
"Infant formula, PBM PRODUCTS, store brand, powder",28.0,12.761,56.0,12.0,0.0,524.0,1,1,1-1
"Infant formula, PBM PRODUCTS, store brand, soy, powder",27.2,12.37,52.2,13.6,0.0,508.0,1,1,1-1
"Infant formula, ABBOTT NUTRITION, SIMILAC, SENSITIVE, (LACTOSE FREE), powder, with ARA and DHA",28.14,18.305,55.67,11.13,0.0,520.5,1,1,1-1
"Infant formula, ABBOTT NUTRITION, SIMILAC, ADVANCE, with iron, powder, not reconstituted",28.87,9.873,54.73,10.89,0.0,522.3,1,1,1-1
"Beverages, Dairy drink mix, chocolate, reduced calorie, with low-calorie sweeteners, powder",2.6,1.871,51.4,25.0,9.4,329.0,1,0,1-0
"Cranberry juice cocktail, frozen concentrate",0.0,0.0,51.45,0.05,0.2,206.0,1,0,1-0
"Beverages, drink mix, QUAKER OATS, GATORADE, orange flavor, powder",1.23,0.0,94.11,0.0,0.0,387.5,1,0,1-0
"Lemonade, frozen concentrate, pink",0.69,0.026,48.86,0.22,0.3,202.5,1,0,1-0
"Beans, adzuki, mature seeds, raw",0.53,0.191,62.9,19.87,12.7,335.8,1,0,1-0
"Beans, black, mature seeds, raw",1.42,0.366,62.36,21.6,15.5,348.6,1,0,1-0
"Beans, french, mature seeds, raw",2.02,0.221,64.11,18.81,25.2,349.9,1,0,1-0
"Beans, kidney, california red, mature seeds, raw",0.25,0.036,59.8,24.37,24.9,338.9,1,0,1-0
"Beans, kidney, red, mature seeds, raw",1.06,0.154,61.29,22.53,15.2,344.8,1,0,1-0
"Beans, navy, mature seeds, raw",1.5,0.17,60.75,22.33,15.3,345.8,1,0,1-0
"Beans, pink, mature seeds, raw",1.13,0.292,64.19,20.96,12.7,350.8,1,0,1-0
"Beans, small white, mature seeds, raw",1.18,0.304,62.25,21.11,24.9,344.1,1,0,1-0
"Beans, yellow, mature seeds, raw",2.6,0.671,60.7,22.0,25.1,354.2,1,0,1-0
Carob flour,0.65,0.09,88.88,4.62,39.8,379.8,1,0,1-0
"Chickpeas (garbanzo beans, bengal gram), mature seeds, raw",6.04,0.603,62.95,20.47,12.2,388.0,1,0,1-0
"Cowpeas, common (blackeyes, crowder, southern), mature seeds, raw",1.26,0.331,60.03,23.52,10.6,345.5,1,0,1-0
"Parmesan cheese topping, fat free",5.0,3.11,40.0,40.0,0.0,365.0,1,0,1-0
"Cereals ready-to-eat, GENERAL MILLS, CHEERIOS",6.6,1.6,73.2,12.4,10.1,401.8,1,0,1-0
"Cereals ready-to-eat, POST, COCOA PEBBLES",4.1,3.6,85.7,4.8,1.6,398.9,1,0,1-0
"Cereals ready-to-eat, QUAKER, QUAKER CRUNCHY BRAN",4.06,2.03,83.68,6.37,15.3,396.7,1,0,1-0
"Cereals ready-to-eat, RALSTON CRISP RICE",1.26,0.36,86.22,6.69,0.7,383.0,1,0,1-0
"Cereals ready-to-eat, POST Bran Flakes",2.1,0.4,80.5,9.9,18.3,380.5,1,0,1-0
"Cereals ready-to-eat, POST, Honeycomb Cereal",2.93,1.29,86.63,6.01,3.2,396.9,1,0,1-0
"Cereals ready-to-eat, QUAKER, KING VITAMAN",3.44,1.584,83.85,6.41,3.4,392.0,1,0,1-0
"Cereals ready-to-eat, QUAKER, QUAKER OAT LIFE, plain",4.43,0.83,77.74,9.98,6.6,390.8,1,0,1-0
"Cereals ready-to-eat, QUAKER, 100% Natural Granola, Oats, Wheat and Honey",11.62,1.24,73.65,10.55,10.2,441.4,1,0,1-0
"Cereals ready-to-eat, RALSTON TASTEEOS",5.36,0.926,75.96,10.71,10.7,394.9,1,0,1-0
"Cereals ready-to-eat, POST, Honey Nut Shredded Wheat",2.9,0.4,83.6,8.5,10.7,394.5,1,0,1-0
"Cereals ready-to-eat, MALT-O-MEAL, CORN BURSTS",0.35,0.093,90.59,3.32,1.9,378.8,1,0,1-0
"Cereals ready-to-eat, wheat germ, toasted, plain",10.7,1.83,49.6,29.1,15.1,411.1,1,0,1-0
"Cereals, QUAKER, corn grits, instant, cheddar cheese flavor, dry",5.46,1.33,72.96,8.98,4.2,376.9,1,0,1-0
"Cereals, QUAKER, Instant Grits, Country Bacon flavor, dry",1.73,0.24,75.39,9.93,5.1,356.8,1,0,1-0
"Cereals, CREAM OF RICE, dry",0.5,0.136,82.4,6.3,0.7,359.3,1,0,1-0
"Cereals, CREAM OF WHEAT, regular, 10 minute cooking, dry",1.5,0.238,76.5,10.5,3.8,361.5,1,0,1-0
"Cereals, MALT-O-MEAL, original, plain, dry",0.7,0.08,77.25,11.8,2.1,362.5,1,0,1-0
"Cereals, oats, regular and quick, not fortified, dry",6.52,1.11,67.7,13.15,10.1,382.1,1,0,1-0
"Cereals, QUAKER, Instant Oatmeal, maple and brown sugar, dry",4.63,0.793,76.91,9.2,7.2,386.1,1,0,1-0
"Cereals ready-to-eat, MALT-O-MEAL, MARSHMALLOW MATEYS",3.53,0.719,82.77,6.94,4.9,390.6,1,0,1-0
"Cereals ready-to-eat, POST, Shredded Wheat, original big biscuit",2.01,0.41,78.96,11.37,12.4,379.4,1,0,1-0
"Cereals ready-to-eat, POST, Shredded Wheat, original spoon-size",2.1,0.4,81.4,11.8,12.4,391.7,1,0,1-0
"Cereals ready-to-eat, rice, puffed, fortified",0.5,0.13,89.8,6.3,1.7,388.9,1,0,1-0
"Cereals ready-to-eat, wheat, puffed, fortified",1.2,0.2,79.6,14.7,4.4,388.0,1,0,1-0
"Cereals, farina, unenriched, dry",0.5,0.08,78.0,10.6,1.9,358.9,1,0,1-0
"Cereals ready-to-eat, POST, Shredded Wheat, lightly frosted, spoon-size",1.9,0.3,83.8,7.8,9.6,383.5,1,0,1-0
"Cereals ready-to-eat, POST SELECTS Blueberry Morning",5.3,0.6,81.6,6.5,4.7,400.1,1,0,1-0
"Cereals, oats, instant, fortified, maple and brown sugar, dry",4.73,0.778,76.67,9.25,7.2,386.2,1,0,1-0
"Cereals ready-to-eat, QUAKER WHOLE HEARTS oat cereal",5.61,0.839,80.1,7.63,9.1,401.4,1,0,1-0
"Cereals, QUAKER, Weight Control Instant Oatmeal, maple and brown sugar",6.2,1.157,64.25,16.37,13.0,378.3,1,0,1-0
"Cereals, QUAKER, Weight Control Instant Oatmeal, banana bread",6.16,1.188,64.42,16.5,12.6,379.1,1,0,1-0
"Cereals, QUAKER, oatmeal, REAL MEDLEYS, peach almond, dry",9.84,1.114,68.61,10.1,7.4,403.4,1,0,1-0
"Cereals, QUAKER, oatmeal, REAL MEDLEYS, cherry pistachio, dry",11.02,1.387,66.73,12.02,7.1,414.2,1,0,1-0
"Cereals, QUAKER, Instant Oatmeal, weight control, cinnamon",6.28,1.207,64.21,16.5,13.0,379.4,1,0,1-0
"Cereals ready-to-eat, MOM'S BEST, Sweetened WHEAT-FULS",1.83,0.0,80.91,8.18,10.0,372.8,1,0,1-0
"Apples, dehydrated (low moisture), sulfured, uncooked",0.58,0.095,93.53,1.32,12.4,384.6,1,0,1-0
"Apricots, dried, sulfured, uncooked",0.51,0.017,62.64,3.39,7.3,268.7,1,0,1-0
"Bananas, dehydrated, or banana powder",1.81,0.698,88.28,3.89,9.9,385.0,1,0,1-0
"Cranberry-orange relish, canned",0.1,0.012,46.2,0.3,0.0,186.9,1,0,1-0
"Bread, chapati or roti, whole wheat, commercially prepared, frozen",9.2,3.311,46.13,7.85,9.7,298.7,1,0,1-0
"Bread, paratha, whole wheat, commercially prepared, frozen",13.2,5.826,45.35,6.36,9.6,325.6,1,0,1-0
"Bread, naan, whole wheat, commercially prepared, refrigerated",6.7,2.907,46.21,10.2,4.8,285.9,1,0,1-0
"Bread, roll, Mexican, bollilo",5.8,1.401,55.77,10.65,2.2,317.9,1,0,1-0
"Cookie, butter or sugar, with chocolate icing or filling",23.5,14.8,68.83,4.1,1.9,503.2,1,1,1-1
"Cookie, chocolate, with icing or coating",24.2,16.5,67.87,4.5,2.3,507.3,1,1,1-1
"Tortillas, ready-to-bake or -fry, whole wheat",9.76,4.878,45.89,9.76,9.8,310.4,1,0,1-0
"Cake, snack cakes, creme-filled, chocolate with frosting, low-fat, with added fiber",13.0,5.57,69.37,3.71,14.9,409.3,1,0,1-0
"Cookies, graham crackers, plain or honey, lowfat",5.71,0.0,77.96,5.71,5.7,386.1,1,0,1-0
"Crackers, cheese, whole grain",16.03,3.206,57.29,9.62,6.4,411.9,1,1,1-1
"Waffles, whole wheat, lowfat, frozen, ready-to-heat",3.57,0.714,49.16,7.14,4.3,257.3,1,0,1-0
"Pancakes, plain, reduced fat",1.9,0.0,57.32,5.71,1.0,269.2,1,0,1-0
"Cookies, shortbread, reduced fat",14.0,4.694,75.99,5.37,1.3,451.4,1,0,1-0
"Cookies, sugar wafer, chocolate-covered",27.59,17.241,65.99,3.45,3.4,526.1,1,1,1-1
"Rolls, hamburger or hot dog, wheat/cracked wheat",3.61,0.746,47.31,11.69,4.2,268.5,1,0,1-0
"Rolls, hamburger or hot dog, whole wheat",4.38,0.921,44.93,12.38,6.1,268.7,1,0,1-0
"Bread, french or vienna, whole wheat",1.04,0.0,49.1,8.33,4.2,239.1,1,0,1-0
"Bagels, whole grain white",0.0,0.0,54.52,9.3,4.7,255.3,1,0,1-0
"English muffins, whole grain white",1.75,0.0,50.17,7.02,3.5,244.5,1,0,1-0
"Rolls, hamburger, whole grain white, calcium-fortified",3.49,1.163,46.5,9.3,2.3,254.6,1,0,1-0
"Cookies, chocolate chip sandwich, with creme filling",17.65,5.882,63.52,2.94,0.0,424.7,1,1,1-1
"Cookies, chocolate, made with rice cereal",19.35,11.29,63.26,3.23,1.6,440.1,1,1,1-1
"Cookies, marshmallow, with rice cereal and chocolate chips",18.18,11.364,63.26,4.55,0.0,434.9,1,1,1-1
"Crackers, flavored, fish-shaped",17.71,2.059,65.67,10.16,3.1,462.7,1,1,1-1
"Bread, gluten-free, white, made with potato extract, rice starch, and rice flour",10.7,0.339,52.83,3.13,3.5,320.1,1,0,1-0
"Bread, gluten-free, white, made with rice flour, corn starch, and/or tapioca",5.24,0.977,45.78,4.31,4.3,247.5,1,0,1-0
"Bread, gluten-free, white, made with tapioca starch and brown rice flour",8.02,0.629,51.15,5.4,5.5,298.4,1,0,1-0
"Bread, gluten-free, whole grain, made with tapioca starch and brown rice flour",9.34,0.266,49.09,7.25,4.9,309.4,1,0,1-0
"Crackers, gluten-free, multigrain and vegetable, made with corn starch and white rice flour",15.41,5.711,76.94,2.5,3.0,456.4,1,1,1-1
"Crackers, gluten-free, multi-seeded and multigrain",15.84,2.069,66.3,11.25,10.2,452.8,1,1,1-1
"Waffles, gluten-free, frozen, ready-to-heat",8.84,0.781,43.05,2.72,1.4,262.6,1,0,1-0
"Rolls, dinner, sweet",7.37,3.516,53.58,10.04,3.1,320.8,1,0,1-0
"Beverages, Carob-flavor beverage mix, powder",0.2,0.03,93.3,1.8,8.0,382.2,1,0,1-0
"Beverages, chocolate syrup",1.13,0.519,65.1,2.1,2.6,279.0,1,0,1-0
"Beverages, Cocoa mix, powder",4.0,2.377,83.73,6.67,3.7,397.6,1,0,1-0
"Beverages, Cocoa mix, NESTLE, Hot Cocoa Mix Rich Chocolate With Marshmallows",15.0,15.0,75.0,2.8,3.7,446.2,1,1,1-1
"Beverages, coffee, instant, regular, half the caffeine",0.5,0.197,73.18,14.42,0.0,354.9,1,0,1-0
"Beverages, coffee and cocoa, instant, decaffeinated, with whitener and low calorie sweetener",13.21,11.376,71.4,9.0,4.8,440.5,1,1,1-1
"Beverages, coffee, instant, decaffeinated, powder",0.2,0.101,76.0,11.6,0.0,352.2,1,0,1-0
"Beverages, coffee, instant, mocha, sweetened",15.87,4.934,74.04,5.29,1.9,460.2,1,1,1-1
"Beverages, coffee substitute, cereal grain beverage, powder",2.52,0.603,78.42,6.01,23.3,360.4,1,0,1-0
"Beverages, tea, green, instant, decaffeinated, lemon, unsweetened, fortified with vitamin C",0.0,0.0,94.45,0.0,0.0,377.8,1,0,1-0
"Beverages, coffee, instant, vanilla, sweetened, decaffeinated, with non dairy creamer",13.33,13.333,86.28,0.0,0.0,465.1,1,1,1-1
"Beverages, chocolate-flavor beverage mix for milk, powder, with added nutrients",2.27,2.273,90.28,4.55,4.5,399.8,1,0,1-0
"Lima beans, large, mature seeds, raw",0.69,0.161,63.38,21.46,19.0,345.6,1,0,1-0
"Lima beans, thin seeded (baby), mature seeds, raw",0.93,0.219,62.83,20.62,20.6,342.2,1,0,1-0
"Mung beans, mature seeds, raw",1.15,0.348,62.62,23.86,16.3,356.3,1,0,1-0
"Noodles, chinese, cellophane or long rice (mung beans), dehydrated",0.06,0.017,86.09,0.16,0.5,345.5,1,0,1-0
"Mungo beans, mature seeds, raw",1.64,0.114,58.99,25.21,18.3,351.6,1,0,1-0
"Yardlong beans, mature seeds, raw",1.31,0.339,61.91,24.33,11.0,356.8,1,0,1-0
"Winged beans, mature seeds, raw",16.32,2.303,41.71,29.65,25.9,432.3,1,1,1-1
"Lentils, pink or red, raw",2.17,0.379,63.1,23.91,10.8,367.6,1,0,1-0
Chickpea flour (besan),6.69,0.693,57.82,22.39,10.8,381.0,1,0,1-0
"Cereals ready-to-eat, MALT-O-MEAL, COCO-ROOS",4.61,2.57,86.75,3.41,3.3,402.1,1,0,1-0
"Cereals ready-to-eat, QUAKER, QUAKER OAT CINNAMON LIFE",4.1,0.77,79.02,9.14,6.3,389.5,1,0,1-0
"Cereals ready-to-eat, QUAKER, HONEY GRAHAM OH!S",7.63,5.709,83.65,3.92,2.1,419.0,1,0,1-0
"Cereals ready-to-eat, QUAKER, Oatmeal Squares",4.83,0.873,77.77,11.38,8.3,400.1,1,0,1-0
"Cereals ready-to-eat, QUAKER, Oatmeal Squares, cinnamon",4.88,0.88,78.09,11.23,8.7,401.2,1,0,1-0
"Cereals, QUAKER, Instant Oatmeal, fruit and cream variety, dry",6.37,1.308,75.42,8.3,6.0,392.2,1,0,1-0
"Cereals, QUAKER, Instant Oatmeal, raisins, dates and walnuts, dry",6.98,1.07,72.41,8.82,6.9,387.7,1,0,1-0
"Cereals, QUAKER, Oat Bran, QUAKER/MOTHER'S Oat Bran, dry",7.97,1.43,62.94,17.03,14.3,391.6,1,0,1-0
"Cereals ready-to-eat, Post, Waffle Crisp",5.0,0.9,83.0,6.6,4.4,403.4,1,0,1-0
"Cereals, QUAKER, hominy grits, white, quick, dry",1.2,0.16,79.6,8.8,4.8,364.4,1,0,1-0
"Cereals, QUAKER, hominy grits, white, regular, dry",1.6,0.15,79.2,8.8,1.6,366.4,1,0,1-0
"Cereals ready-to-eat, MALT-O-MEAL, COLOSSAL CRUNCH",5.28,2.24,81.59,3.64,1.7,388.4,1,0,1-0
"Cereals ready-to-eat, QUAKER, MOTHER'S Cinnamon Oat Crunch",4.56,0.82,79.79,10.6,8.1,402.6,1,0,1-0
"Cereals ready-to-eat, QUAKER, MOTHER'S GRAHAM BUMPERS",1.45,0.28,88.89,4.55,2.6,386.8,1,0,1-0
"Cereals ready-to-eat, QUAKER, MOTHER'S COCOA BUMPERS",1.61,0.31,89.91,4.21,2.7,391.0,1,0,1-0
"Cereals ready-to-eat, SUN COUNTRY, KRETSCHMER Toasted Wheat Bran",5.16,0.77,59.51,17.56,41.3,354.7,1,0,1-0
"Cereals, QUAKER, Instant Oatmeal, Cinnamon-Spice, dry",5.1,0.808,74.52,10.39,8.2,385.5,1,0,1-0
"Cereals, QUAKER, Instant Oatmeal, DINOSAUR EGGS, Brown Sugar, dry",7.59,2.42,73.68,8.69,6.4,397.8,1,0,1-0
"Cereals, QUAKER, Instant Oatmeal, Banana Bread, dry",4.85,0.9,75.7,8.97,6.7,382.3,1,0,1-0
"Cereals ready-to-eat, UNCLE SAM CEREAL",11.6,0.946,65.78,15.98,20.3,431.4,1,0,1-0
"Cereals, QUAKER, Quick Oats with Iron, Dry",6.87,0.96,68.18,13.7,9.4,389.4,1,0,1-0
"Cereals, QUAKER, Whole Wheat Natural Cereal, dry",2.0,0.419,74.8,11.8,9.9,364.4,1,0,1-0
"Cereals ready-to-eat, MALT-O-MEAL, Honey BUZZERS",1.72,0.585,89.66,3.45,3.4,387.9,1,0,1-0
"Cereals ready-to-eat, MALT-O-MEAL, GOLDEN PUFFS",0.89,0.161,89.72,5.77,2.6,390.0,1,0,1-0
"Cereals ready-to-eat, MOM'S BEST, Honey Nut TOASTY O'S",4.51,0.55,79.84,8.6,6.3,394.3,1,0,1-0
"Cereals ready-to-eat, MALT-O-MEAL, Apple ZINGS",2.71,0.73,87.3,4.51,2.3,391.6,1,0,1-0
"Cereals ready-to-eat, MALT-O-MEAL, CINNAMON TOASTERS",12.06,1.85,78.33,3.32,5.0,435.1,1,0,1-0
"Cereals ready-to-eat, MALT-O-MEAL, Cocoa DYNO-BITES",3.43,2.58,87.93,4.15,1.1,399.2,1,0,1-0
"Cereals ready-to-eat, RALSTON Corn Flakes",0.91,0.227,88.01,5.9,2.7,383.8,1,0,1-0
"Cereals ready-to-eat, RALSTON Crispy Hexagons",0.95,0.263,86.78,5.94,1.5,379.4,1,0,1-0
Milk and cereal bar,10.98,9.114,72.05,6.47,0.4,412.9,1,0,1-0
"Cereals ready-to-eat, QUAKER, Christmas Crunch",4.83,3.081,85.92,4.44,2.6,404.9,1,0,1-0
"Cereals ready-to-eat, POST SELECTS Maple Pecan Crunch",8.7,1.0,77.4,8.5,7.4,421.9,1,0,1-0
"Cereals ready-to-eat, NATURE'S PATH, Organic FLAX PLUS, Pumpkin Granola",18.33,2.8,66.1,11.23,8.4,474.3,1,1,1-1
"Cereals, CREAM OF WHEAT, 2 1/2 minute cook time, dry",1.41,0.253,71.79,11.61,4.4,346.3,1,0,1-0
"Cereals ready-to-eat, QUAKER, CAP'N CRUNCH'S Halloween Crunch",5.66,3.115,85.14,4.41,2.5,409.1,1,0,1-0
"Cereals ready-to-eat, QUAKER, Natural Granola Apple Cranberry Almond",11.06,1.13,74.73,9.21,9.9,435.3,1,0,1-0
"Cereals ready-to-eat, QUAKER, Maple Brown Sugar LIFE Cereal",4.06,0.765,78.86,9.17,6.3,388.7,1,0,1-0
"Cereals, QUAKER, Instant Oatmeal Organic, Regular",6.3,1.11,67.0,16.0,9.8,388.7,1,0,1-0
"Cereals, QUAKER, Instant Oatmeal, fruit and cream, variety of flavors, reduced sugar",7.46,2.091,71.57,10.16,8.3,394.1,1,0,1-0
"Cereals, QUAKER, Instant Oatmeal, Apple and Cinnamon, reduced sugar",5.64,1.026,72.17,10.29,9.7,380.6,1,0,1-0
"Cereals ready-to-eat, POST, HONEY BUNCHES OF OATS, pecan bunches",5.4,0.7,82.0,7.0,5.2,404.6,1,0,1-0
"Cereals ready-to-eat, MALT-O-MEAL, CHOCOLATE MARSHMALLOW MATEYS",3.67,1.6,88.18,3.5,2.5,399.8,1,0,1-0
"Snacks, popcorn, microwave, low fat",9.5,1.415,72.0,12.6,14.2,423.9,1,0,1-0
"Snacks, candy rolls, yogurt-covered, fruit flavored with high vitamin C",6.53,5.096,74.64,0.46,3.3,359.2,1,0,1-0
"Formulated bar, MARS SNACKFOOD US, SNICKERS MARATHON Chewy Chocolate Peanut Bar",13.12,4.728,47.24,24.29,2.5,404.2,1,1,1-1
"Formulated bar, MARS SNACKFOOD US, SNICKERS MARATHON MULTIGRAIN CRUNCH BAR",13.18,4.794,57.27,18.49,2.8,421.7,1,1,1-1
"Formulated bar, MARS SNACKFOOD US, COCOAVIA, Chocolate Almond Snack Bar",14.19,4.326,51.68,7.72,5.2,365.3,1,0,1-0
"Snacks, sweet potato chips, unsalted",32.35,2.941,56.82,2.94,8.8,530.2,1,1,1-1
"Snacks, FRITOLAY, SUNCHIPS, Multigrain Snack, original flavor",21.11,2.166,67.26,7.95,8.8,490.8,1,1,1-1
"Snacks, popcorn, microwave, regular (butter) flavor, made with partially hydrogenated oil",34.02,7.216,55.16,7.5,10.0,556.8,1,1,1-1
"Formulated bar, MARS SNACKFOOD US, SNICKERS MARATHON Protein Performance Bar, Caramel Nut Rush",12.5,6.25,50.5,25.0,12.5,414.5,1,1,1-1
"Formulated bar, LUNA BAR, NUTZ OVER CHOCOLATE",12.19,5.523,52.49,20.75,4.3,402.7,1,1,1-1
"Snacks, FRITOLAY, SUNCHIPS, multigrain, French onion flavor",22.15,2.469,65.49,8.68,7.8,496.0,1,1,1-1
"Snacks, FRITOLAY, SUNCHIPS, Multigrain Snack, Harvest Cheddar flavor",22.22,2.892,64.7,8.08,8.1,491.1,1,1,1-1
"Pretzels, soft, unsalted",3.1,0.695,71.04,8.2,1.7,344.9,1,0,1-0
"Snacks, vegetable chips, HAIN CELESTIAL GROUP, TERRA CHIPS",29.81,1.887,57.97,4.13,10.9,516.7,1,1,1-1
"Formulated bar, ZONE PERFECT CLASSIC CRUNCH BAR, mixed flavors",14.0,4.499,45.0,30.0,2.0,426.0,1,1,1-1
"Snacks, granola bar, KASHI GOLEAN, chewy, mixed flavors",7.69,3.227,63.42,16.67,7.7,389.6,1,0,1-0
"Snacks, granola bar, KASHI TLC Bar, chewy, mixed flavors",15.71,1.213,53.26,18.57,11.4,428.7,1,1,1-1
"Snacks, granola bars, QUAKER OATMEAL TO GO, all flavors",6.67,1.299,75.47,6.67,4.6,388.6,1,0,1-0
"Snacks, vegetable chips, made from garden vegetables",23.3,1.762,60.43,5.32,4.7,472.7,1,1,1-1
"Snacks, granola bar, KASHI TLC Bar, crunchy, mixed flavors",15.0,1.436,62.78,15.0,10.0,446.1,1,1,1-1
"Snacks, candy bits, yogurt covered with vitamin C",7.5,1.389,86.9,0.0,0.2,415.1,1,0,1-0
"Snacks, CLIF BAR, mixed flavors",5.88,1.471,65.44,14.71,7.4,373.5,1,0,1-0
"Snacks, granola bar, QUAKER, chewy, 90 Calorie Bar",8.33,2.083,79.17,4.17,4.2,408.3,1,0,1-0
"Snacks, granola bar, GENERAL MILLS NATURE VALLEY, SWEET&SALTY NUT, peanut",22.86,6.857,61.14,9.14,2.9,486.9,1,1,1-1
"Snacks, granola bar, GENERAL MILLS, NATURE VALLEY, with yogurt coating",11.43,1.372,74.29,5.71,4.4,422.9,1,0,1-0
"Snack, Mixed Berry Bar",10.53,3.846,58.84,13.16,7.9,382.8,1,0,1-0
"Snacks, potato chips, made from dried potatoes (preformed), multigrain",24.74,6.307,65.34,5.3,2.7,505.2,1,1,1-1
"Snacks, potato chips, lightly salted",35.39,5.49,53.54,6.72,4.2,559.6,1,1,1-1
"Snacks, Pretzels, gluten- free made with cornstarch and potato flour",6.67,3.307,78.62,3.52,3.3,388.6,1,0,1-0
"Beverages, ABBOTT, EAS soy protein powder",3.57,0.0,43.94,47.62,0.0,398.4,1,0,1-0
"Beverages, chocolate powder, no sugar added",4.5,0.0,68.31,9.09,9.1,350.1,1,0,1-0
"Beverages, Lemonade, powder",1.05,0.151,97.57,0.0,0.4,399.7,1,0,1-0
"Beverages, lemonade-flavor drink, powder",1.01,0.183,97.9,0.0,0.0,400.7,1,0,1-0
"Beverages, OVALTINE, Classic Malt powder",0.0,0.0,93.33,0.0,0.0,373.3,1,0,1-0
"Beverages, malted drink mix, chocolate, powder",4.76,2.381,86.94,5.1,4.8,411.0,1,0,1-0
"Strawberry-flavor beverage mix, powder",0.2,0.0,99.1,0.1,0.0,398.6,1,0,1-0
"Beverages, tea, instant, decaffeinated, unsweetened",0.0,0.0,58.66,20.21,8.5,315.5,1,0,1-0
"Bagels, plain, enriched, with calcium propionate (includes onion, poppy, sesame)",1.32,0.36,52.38,10.56,1.6,263.6,1,0,1-0
"Bagels, plain, enriched, with calcium propionate (includes onion, poppy, sesame), toasted",1.43,0.229,57.39,11.14,1.8,287.0,1,0,1-0
"Bagels, egg",2.1,0.421,53.0,10.6,2.3,273.3,1,0,1-0
"Biscuits, plain or buttermilk, dry mix",15.4,3.965,63.4,8.0,2.1,424.2,1,1,1-1
"Biscuits, plain or buttermilk, dry mix, prepared",12.1,2.789,48.4,7.3,1.8,331.7,1,0,1-0
"Biscuits, plain or buttermilk, refrigerated dough, lower fat",7.83,3.14,43.7,6.7,2.0,272.1,1,0,1-0
"Biscuits, plain or buttermilk, refrigerated dough, lower fat, baked",9.1,3.648,51.6,7.8,2.3,319.5,1,0,1-0
"Bread, banana, prepared from recipe, made with margarine",10.5,2.237,54.6,4.3,1.1,330.1,1,0,1-0
"Bread, boston brown, canned",1.5,0.282,43.3,5.2,4.7,207.5,1,0,1-0
"Bread, cornbread, dry mix, enriched (includes corn muffin mix)",12.2,3.091,69.5,7.0,6.5,415.8,1,0,1-0
"Bread, cornbread, dry mix, prepared with 2% milk, 80% margarine, and eggs",9.58,3.732,54.46,6.59,2.3,330.4,1,0,1-0
"Bread, french or vienna, toasted (includes sourdough)",2.14,0.502,61.93,13.0,3.1,319.0,1,0,1-0
"Bread, irish soda, prepared from recipe",5.0,1.111,56.0,6.6,2.6,295.4,1,0,1-0
"Bread, Italian",2.73,0.544,48.11,9.49,2.1,255.0,1,0,1-0
"Bread, multi-grain, toasted (includes whole-grain)",4.6,0.948,47.11,14.52,8.1,287.9,1,0,1-0
"Bread, pita, white, enriched",1.2,0.166,55.7,9.1,2.2,270.0,1,0,1-0
"Bread, pita, whole-wheat",1.71,0.208,55.89,9.8,6.1,278.2,1,0,1-0
"Bread, protein (includes gluten)",2.2,0.332,43.8,12.1,3.0,243.4,1,0,1-0
"Bread, pumpernickel",3.1,0.437,47.5,8.7,6.5,252.7,1,0,1-0
"Bread, reduced-calorie, rye",2.9,0.368,40.5,9.1,12.0,224.5,1,0,1-0
"Bread, reduced-calorie, wheat",2.92,0.84,42.47,13.32,11.1,249.4,1,0,1-0
"Bread, reduced-calorie, white",2.5,0.549,44.3,8.7,9.7,234.5,1,0,1-0
"Bread, rice bran",4.6,0.709,43.5,8.9,4.9,251.0,1,0,1-0
"Bread, white, commercially prepared (includes soft bread crumbs)",3.33,0.698,49.42,8.85,2.7,263.0,1,0,1-0
"Bread, white, commercially prepared, toasted",4.0,0.764,54.5,9.0,2.9,290.0,1,0,1-0
"Bread, white, prepared from recipe, made with nonfat dry milk",2.6,0.391,53.6,7.7,2.0,268.6,1,0,1-0
"Bread, white, prepared from recipe, made with low fat (2%) milk",5.7,1.178,49.6,7.9,2.0,281.3,1,0,1-0
"Bread, crumbs, dry, grated, plain",5.3,1.203,71.98,13.35,4.5,389.0,1,0,1-0
"Bread, sticks, plain",9.5,1.41,68.4,12.0,3.0,407.1,1,0,1-0
"Bread, stuffing, dry mix",3.4,0.845,76.2,11.0,3.2,379.4,1,0,1-0
"Cake, cherry fudge with chocolate frosting",12.5,5.066,38.0,2.4,0.5,274.1,1,0,1-0
"Cake, chocolate, commercially prepared with chocolate frosting, in-store bakery",20.05,5.917,52.84,3.48,2.2,405.7,1,1,1-1
"Cake, pudding-type, chocolate, dry mix",8.14,3.5,80.16,4.6,2.3,412.3,1,0,1-0
"Cake, coffeecake, creme-filled with chocolate frosting",10.8,2.833,53.8,5.0,2.0,332.4,1,0,1-0
"Cake, coffeecake, fruit",10.2,2.495,51.5,5.2,2.5,318.6,1,0,1-0
"Cake, coffeecake, cinnamon with crumb topping, dry mix, prepared",9.6,1.855,52.8,5.5,1.2,319.6,1,0,1-0
"Cake, fruitcake, commercially prepared",9.1,1.048,61.6,2.9,3.7,339.9,1,0,1-0
"Cake, pound, commercially prepared, other than all butter, enriched",17.9,4.647,52.5,5.2,1.0,391.9,1,1,1-1
"Cake, snack cakes, creme-filled, chocolate with frosting",15.93,4.884,60.31,3.63,3.2,399.1,1,1,1-1
"Cake, snack cakes, creme-filled, sponge",11.54,4.139,64.03,3.47,1.0,373.9,1,0,1-0
"Cake, yellow, commercially prepared, with chocolate frosting, in-store bakery",17.75,5.793,55.36,3.16,1.5,393.8,1,1,1-1
"Cake, yellow, commercially prepared, with vanilla frosting",17.91,2.936,56.2,2.99,0.3,398.0,1,1,1-1
"Cake, pudding-type, yellow, dry mix",9.8,2.469,80.0,4.0,0.7,424.2,1,0,1-0
"Cake, yellow, enriched, dry mix",3.5,1.62,81.92,3.7,1.2,374.0,1,0,1-0
"Cookies, butter, commercially prepared, enriched",18.8,11.051,68.9,6.1,0.8,469.2,1,1,1-1
"Cookies, fudge, cake-type (includes trolley cakes)",3.7,1.112,78.3,5.0,2.8,366.5,1,0,1-0
"Cookies, chocolate chip, refrigerated dough",21.33,8.39,61.02,3.98,1.5,452.0,1,1,1-1
"Cookies, chocolate chip, refrigerated dough, baked",22.6,7.759,68.2,4.9,1.7,495.8,1,1,1-1
"Cookies, chocolate chip, prepared from recipe, made with margarine",28.3,8.074,58.4,5.7,2.8,511.1,1,1,1-1
"Cookies, gingersnaps",9.8,2.451,76.9,5.6,2.2,418.2,1,0,1-0
"Cookies, graham crackers, plain or honey (includes cinnamon)",10.6,1.633,77.66,6.69,3.4,432.8,1,0,1-0
"Cookies, graham crackers, chocolate-coated",25.8,17.2,66.78,4.0,2.2,515.3,1,1,1-1
"Cookies, ladyfingers, with lemon juice and rind",9.1,3.069,59.7,10.6,1.0,363.1,1,0,1-0
"Cookies, oatmeal, refrigerated dough",18.9,4.751,59.1,5.4,2.5,428.1,1,1,1-1
"Cookies, oatmeal, refrigerated dough, baked",21.0,5.339,65.7,6.0,2.8,475.8,1,1,1-1
"Cookies, oatmeal, with raisins",15.76,5.439,68.95,5.86,3.3,441.1,1,1,1-1
"Cookies, peanut butter sandwich, regular",21.1,4.995,65.6,8.8,1.9,487.5,1,1,1-1
"Cookies, raisin, soft-type",13.6,3.46,68.0,4.1,1.2,410.8,1,0,1-0
"Cookies, shortbread, commercially prepared, plain",26.22,8.105,63.78,5.37,1.3,512.6,1,1,1-1
"Cookies, shortbread, commercially prepared, pecan",32.5,8.204,58.3,4.9,1.8,545.3,1,1,1-1
"Cookies, sugar wafer, with creme filling, sugar free",28.57,4.257,66.26,3.57,14.3,536.4,1,1,1-1
"Cookies, sugar, commercially prepared, regular (includes vanilla)",19.55,7.666,67.34,5.35,1.3,466.7,1,1,1-1
"Cookies, sugar, refrigerated dough",19.48,4.955,61.22,4.0,0.9,436.2,1,1,1-1
"Cookies, vanilla wafers, lower fat",15.2,3.838,73.6,5.0,1.9,451.2,1,1,1-1
"Cookies, vanilla wafers, higher fat",16.41,4.245,72.6,4.9,1.6,457.7,1,1,1-1
"Crackers, cheese, regular",22.74,5.288,59.42,10.93,2.3,486.1,1,1,1-1
"Crackers, cheese, sandwich-type with peanut butter filling",25.12,4.406,56.74,12.41,3.4,502.7,1,1,1-1
"Crackers, melba toast, plain",3.2,0.445,76.6,12.1,6.3,383.6,1,0,1-0
"Crackers, melba toast, rye (includes pumpernickel)",3.4,0.453,77.3,11.6,8.0,386.2,1,0,1-0
"Crackers, melba toast, wheat",2.3,0.337,76.4,12.9,7.4,377.9,1,0,1-0
"Crackers, milk",13.77,2.912,71.73,7.6,3.4,441.2,1,0,1-0
"Crackers, standard snack-type, regular",26.43,5.562,61.3,6.64,2.3,509.6,1,1,1-1
"Crackers, standard snack-type, sandwich, with cheese filling",21.1,6.125,61.7,9.3,1.9,473.9,1,1,1-1
"Crackers, standard snack-type, sandwich, with peanut butter filling",24.54,4.803,58.38,11.47,2.3,500.3,1,1,1-1
"Crackers, wheat, regular",16.4,3.21,70.73,7.3,6.9,459.7,1,1,1-1
"Croissants, butter",21.0,11.659,45.8,8.2,2.6,405.0,1,1,1-1
"Croissants, cheese",20.9,10.628,47.0,9.2,2.6,412.9,1,1,1-1
"Doughnuts, cake-type, plain (includes unsugared, old-fashioned)",24.93,11.105,47.06,5.31,1.7,433.8,1,1,1-1
"Doughnuts, cake-type, plain, chocolate-coated or frosted",25.25,13.47,51.33,4.93,1.9,452.3,1,1,1-1
"Doughnuts, cake-type, plain, sugared or glazed",22.9,5.926,50.8,5.2,1.5,430.1,1,1,1-1
"Doughnuts, cake-type, chocolate, sugared or glazed",19.9,5.132,57.4,4.5,2.2,426.7,1,1,1-1
"Muffins, English, plain, enriched, with ca prop (includes sourdough)",1.69,0.733,44.17,8.87,3.5,227.4,1,0,1-0
"Muffins, English, plain, toasted, enriched, with calcium propionate (includes sourdough)",2.02,0.533,52.65,10.32,2.8,270.1,1,0,1-0
"Muffins, English, mixed-grain (includes granola)",1.8,0.23,46.3,9.1,2.8,237.8,1,0,1-0
"Muffins, English, raisin-cinnamon (includes apple-cinnamon)",1.8,0.54,48.1,7.91,2.6,240.2,1,0,1-0
"Hush puppies, prepared from recipe",13.5,2.108,46.0,7.7,2.8,336.3,1,0,1-0
"Ice cream cones, cake or wafer-type",6.9,1.222,79.0,8.1,3.0,410.5,1,0,1-0
"Ice cream cones, sugar, rolled-type",3.8,0.573,84.1,7.9,1.7,402.2,1,0,1-0
"Muffins, corn, commercially prepared",8.4,1.354,51.0,5.9,3.4,303.2,1,0,1-0
"Muffins, corn, dry mix, prepared",10.2,2.797,49.1,7.4,2.4,317.8,1,0,1-0
"Muffins, corn, toaster-type",11.3,1.681,57.9,5.3,1.6,354.5,1,0,1-0
"Pancakes, plain, dry mix, incomplete (includes buttermilk)",1.7,0.25,73.6,10.0,5.4,349.7,1,0,1-0
"Pie, chocolate creme, commercially prepared",22.41,12.449,38.44,4.15,0.8,372.0,1,1,1-1
"Pie, coconut creme, commercially prepared",16.6,6.976,37.3,2.1,1.3,307.0,1,1,1-1
"Pie, mince, prepared from recipe",10.8,2.682,48.0,2.6,2.6,299.6,1,0,1-0
"Pie, pecan, commercially prepared",16.69,2.654,59.61,4.5,2.1,406.6,1,1,1-1
"Pie crust, standard-type, dry mix, prepared, baked",30.4,7.711,50.4,6.7,1.8,502.0,1,1,1-1
"Pie crust, standard-type, frozen, ready-to-bake, enriched",26.07,8.159,48.62,6.16,2.5,453.8,1,1,1-1
"Pie crust, standard-type, frozen, ready-to-bake, enriched, baked",28.59,9.277,56.24,6.5,3.3,508.3,1,1,1-1
"Pie crust, standard-type, prepared from recipe, baked",34.6,8.622,47.5,6.4,1.7,527.0,1,1,1-1
"Rolls, dinner, egg",6.4,1.577,52.0,9.5,3.7,303.6,1,0,1-0
"Rolls, dinner, oat bran",4.6,0.619,40.2,9.5,4.1,240.2,1,0,1-0
"Rolls, dinner, rye",3.4,0.605,53.1,10.3,4.9,284.2,1,0,1-0
"Rolls, dinner, wheat",6.3,1.497,46.0,8.6,3.8,275.1,1,0,1-0
"Rolls, hard (includes kaiser)",4.3,0.606,52.7,9.9,2.3,289.1,1,0,1-0
"Strudel, apple",11.2,2.044,41.1,3.3,2.2,278.4,1,0,1-0
"Sweet rolls, cheese",18.3,6.059,43.7,7.1,1.2,367.9,1,1,1-1
"Sweet rolls, cinnamon, commercially prepared with raisins",16.4,3.079,50.9,6.2,2.4,376.0,1,1,1-1
"Toaster pastries, fruit (includes apple, blueberry, cherry, strawberry)",9.95,3.615,70.32,4.2,1.0,387.6,1,0,1-0
"Tortillas, ready-to-bake or -fry, corn",2.85,0.453,44.64,5.7,6.3,227.0,1,0,1-0
"Tortillas, ready-to-bake or -fry, flour, refrigerated",7.99,2.924,49.38,8.2,3.5,302.2,1,0,1-0
"Waffles, plain, frozen, ready-to-heat",9.7,1.531,42.98,6.47,2.2,285.1,1,0,1-0
"Leavening agents, cream of tartar",0.0,0.0,61.5,0.0,0.2,246.0,1,0,1-0
"Leavening agents, yeast, baker's, active dry",7.61,1.001,41.22,40.44,26.9,395.1,1,0,1-0
"Bread, rice bran, toasted",5.0,0.771,47.3,9.7,5.3,273.0,1,0,1-0
"Muffins, blueberry, toaster-type, toasted",10.1,1.551,56.7,4.9,1.9,337.3,1,0,1-0
"Muffins, wheat bran, toaster-type with raisins, toasted",9.4,1.5,55.5,5.5,8.2,328.6,1,0,1-0
"Waffles, plain, frozen, ready -to-heat, toasted",9.61,1.638,49.29,7.19,2.4,312.4,1,0,1-0
"Bagels, plain, enriched, without calcium propionate (includes onion, poppy, sesame)",1.6,0.22,53.4,10.5,2.3,270.0,1,0,1-0
"Bagels, plain, unenriched, with calcium propionate (includes onion, poppy, sesame)",1.6,0.22,53.4,10.5,2.3,270.0,1,0,1-0
"Bagels, plain, unenriched, without calcium propionate(includes onion, poppy, sesame)",1.6,0.22,53.4,10.5,2.3,270.0,1,0,1-0
"Cake, coffeecake, cinnamon with crumb topping, commercially prepared, unenriched",23.3,5.797,46.7,6.8,2.0,423.7,1,1,1-1
"Cake, pound, commercially prepared, other than all butter, unenriched",17.9,4.647,52.5,5.2,1.0,391.9,1,1,1-1
"Cake, pudding-type, white, unenriched, dry mix",9.5,2.34,81.0,3.9,0.7,425.1,1,0,1-0
"Cake, yellow, unenriched, dry mix",11.6,1.738,78.1,4.4,1.1,434.4,1,0,1-0
"Crackers, saltines, low salt (includes oyster, soda, soup)",8.85,2.001,74.34,9.5,2.9,415.0,1,0,1-0
"Crackers, saltines, unsalted tops (includes oyster, soda, soup)",11.8,2.932,71.5,9.2,3.0,429.0,1,0,1-0
"Crackers, standard snack-type, regular, low salt",25.3,3.776,61.0,7.4,1.6,501.3,1,1,1-1
"Crackers, wheat, low salt",20.6,5.178,64.9,8.6,4.5,479.4,1,1,1-1
"Crackers, cheese, low sodium",25.3,9.638,58.2,10.1,2.4,500.9,1,1,1-1
"Danish pastry, raspberry, unenriched",18.5,2.826,47.8,5.4,1.9,379.3,1,1,1-1
"Doughnuts, yeast-leavened, glazed, unenriched (includes honey buns)",22.8,5.813,44.3,6.4,1.2,408.0,1,1,1-1
"English muffins, plain, enriched, without calcium propionate(includes sourdough)",1.8,0.259,46.0,7.7,2.7,231.0,1,0,1-0
"Pie, fried pies, lemon",16.1,2.457,42.6,3.0,2.6,327.3,1,1,1-1
"Pie crust, standard-type, frozen, ready-to-bake, unenriched",29.2,4.357,44.1,3.9,0.9,454.8,1,1,1-1
"Taco shells, baked, without added salt",22.6,3.245,62.4,7.2,7.5,481.8,1,1,1-1
"Crackers, saltines, fat-free, low-sodium",1.6,0.244,82.3,10.5,2.7,385.6,1,0,1-0
"Tart, breakfast, low fat",5.99,1.393,76.8,3.99,1.5,377.1,1,0,1-0
"Archway Home Style Cookies, Sugar Free Oatmeal",20.92,4.9,67.2,5.54,1.9,479.2,1,1,1-1
"Archway Home Style Cookies, Chocolate Chip Ice Box",24.4,8.08,65.02,4.28,2.0,496.8,1,1,1-1
"Archway Home Style Cookies, Iced Oatmeal",16.53,4.61,66.76,4.89,2.0,435.4,1,1,1-1
"Archway Home Style Cookies, Molasses",12.06,2.81,69.41,4.25,1.2,403.2,1,0,1-0
"Archway Home Style Cookies, Oatmeal",14.08,3.2,68.17,5.48,2.9,421.3,1,0,1-0
"Archway Home Style Cookies, Oatmeal Raisin",12.08,2.75,69.27,5.17,2.7,406.5,1,0,1-0
"Archway Home Style Cookies, Strawberry Filled",13.26,5.16,65.92,4.35,2.2,400.4,1,0,1-0
"Archway Home Style Cookies, Reduced Fat Ginger Snaps",11.14,2.6,76.23,4.67,1.1,423.9,1,0,1-0
"Kraft, Stove Top Stuffing Mix Chicken Flavor",4.1,0.8,73.1,12.6,2.5,379.7,1,0,1-0
"Martha White Foods, Martha White's Chewy Fudge Brownie Mix, dry",6.16,1.7,83.58,4.42,2.9,407.4,1,0,1-0
"Martha White Foods, Martha White's Buttermilk Biscuit Mix, dry",13.23,4.07,59.41,7.81,1.5,388.0,1,0,1-0
"Nabisco, Nabisco Grahams Crackers",10.0,1.56,76.2,6.99,3.4,422.8,1,0,1-0
"Nabisco, Nabisco Oreo Crunchies, Cookie Crumb Topping",21.5,4.14,70.23,4.78,3.2,493.5,1,1,1-1
"Beverages, tea, instant, lemon, unsweetened",0.18,0.047,78.52,7.4,5.0,345.3,1,0,1-0
"Beverages, tea, instant, lemon, sweetened, powder",0.73,0.097,98.55,0.12,0.7,401.2,1,0,1-0
"Beverages, tea, instant, sweetened with sodium saccharin, lemon-flavored, powder",0.6,0.0,85.4,3.3,0.0,360.2,1,0,1-0
"Alcoholic beverage, liqueur, coffee, 53 proof",0.3,0.106,46.8,0.1,0.0,190.3,1,0,1-0
"Beverages, Cocoa mix, low calorie, powder, with added calcium, phosphorus, aspartame, without added sodium or vitamin A",3.0,1.777,58.0,25.1,1.1,359.4,1,0,1-0
"Beans, black turtle, mature seeds, raw",0.9,0.232,63.25,21.25,15.5,346.1,1,0,1-0
"Beans, cranberry (roman), mature seeds, raw",1.23,0.316,60.05,23.03,24.7,343.4,1,0,1-0
"Beans, great northern, mature seeds, raw (Includes foods for USDA's Food Distribution Program)",1.14,0.356,62.37,21.86,20.2,347.2,1,0,1-0
"Beans, kidney, all types, mature seeds, raw",0.83,0.12,60.01,23.58,24.9,341.8,1,0,1-0
"Beans, kidney, royal red, mature seeds, raw",0.45,0.065,58.33,25.33,24.9,338.7,1,0,1-0
"Beans, pinto, mature seeds, raw (Includes foods for USDA's Food Distribution Program)",1.23,0.235,62.55,21.42,15.5,347.0,1,0,1-0
"Beans, white, mature seeds, raw",0.85,0.219,60.27,23.36,15.2,342.2,1,0,1-0
"Broadbeans (fava beans), mature seeds, raw",1.53,0.254,58.29,26.12,25.0,351.4,1,0,1-0
"Cowpeas, catjang, mature seeds, raw",2.07,0.542,59.64,23.85,10.7,352.6,1,0,1-0
"Hyacinth beans, mature seeds, raw",1.69,0.288,60.74,23.9,25.6,353.8,1,0,1-0
"Flour, 00",1.52,0.0,74.4462,11.4,2.656,357.1,1,0,1-0
"Flour, spelt, whole grain",2.543,0.0,70.723,14.475,9.339,363.7,1,0,1-0
"Flour, semolina, coarse and semi-coarse",1.597,0.0,73.82345,11.73125,3.216,356.6,1,0,1-0
"Flour, semolina, fine",1.838,0.0,71.98575,13.33125,3.683,357.8,1,0,1-0
"Flour, potato",0.9513,0.0,79.9422,8.1125,5.401,360.8,1,0,1-0
"Beef, ground, 90% lean meat / 10% fat, raw",12.85,5.051,0.0,18.15625,0.0,188.3,4,0,4-0
"Beef, ground, 80% lean meat / 20% fat, raw",19.44,6.845,0.0,17.53125,0.0,245.1,4,0,4-0
"Pork, ground, raw",17.49,6.283,0.0,17.80625,0.0,228.6,4,0,4-0
"Chicken, ground, with additives, raw",7.161,1.559,0.0,17.9125,0.0,136.1,4,0,4-0
"Turkey, ground, 93% lean/ 7% fat, raw",9.591,2.264,0.0,17.34375,0.0,155.7,4,0,4-0
"Pork, loin, boneless, raw",9.469,3.285,0.0,21.11875,0.0,169.7,4,0,4-0
"Pork, loin, tenderloin, boneless, raw",3.899,0.8663,0.0,21.58125,0.0,121.4,4,0,4-0
"Chicken, breast, boneless, skinless, raw",1.934,0.3488,0.0,22.525,0.0,107.5,4,0,4-0
"Chicken, thigh, boneless, skinless, raw",7.916,1.658,0.0,18.6125,0.0,145.7,4,0,4-0
"Beef, ribeye, steak, boneless, choice, raw",20.04,7.966,0.0,18.74375,0.0,255.3,4,0,4-0
"Beef, round, top round, boneless, choice, raw",5.703,1.695,0.852,21.475,0.0,140.6,4,0,4-0
"Beef, chuck, roast, boneless, choice, raw",17.8,6.341,0.0,18.4,0.0,233.8,4,0,4-0
"Beef, flank, steak, boneless, choice, raw",9.399,3.551,0.0,20.13125,0.0,165.1,4,0,4-0
"Cheese, monterey jack, solid",32.63,19.16,1.8979,22.6171,0.0,391.7,2,0,2-0
"Cheese, provolone, sliced",28.13,16.24,2.45312,23.45288,0.0,356.8,2,0,2-0
"Cheese, oaxaca, solid",22.1,12.71,2.40202,22.14498,0.0,297.1,2,0,2-0
"Cheese, queso fresco, solid",23.36,13.95,2.9572,18.8848,0.0,297.6,2,0,2-0
"Cheese, cotija, solid",27.24,15.89,2.72432,23.83568,0.0,351.4,2,0,2-0
"Fish, tilapia, farm raised, raw",2.479,0.0,0.0,19.0,0.0,98.3,4,0,4-0
"Crustaceans, shrimp, farm raised, raw",0.8013,0.0,0.48495,15.56875,0.0,71.4,4,0,4-0
"Fish, cod, Atlantic, wild caught, raw",0.6675,0.0,0.0,16.06875,0.0,70.3,4,0,4-0
"Crustaceans, crab, blue swimming, lump, pasteurized, refrigerated",0.8075,0.0,0.0,18.65,0.0,81.9,4,0,4-0
"Peanut butter, smooth style, with salt",51.1,10.1,22.3,22.5,4.8,639.1,2,0,2-0
"Cheese, cheddar",34.0,19.2,2.44,23.3,0.0,409.0,2,0,2-0
"Chicken, broilers or fryers, drumstick, meat only, cooked, braised",5.95,1.6,0.0,23.9,0.0,149.2,4,0,4-0
"Fish, tuna, light, canned in water, drained solids",0.94,0.224,0.08,19.0,0.0,84.8,4,0,4-0
"Beef, loin, tenderloin roast, separable lean only, boneless, trimmed to 0"" fat, select, cooked, roasted",6.36,2.47,0.0,27.7,0.0,168.0,4,0,4-0
"Beef, loin, top loin steak, boneless, lip-on, separable lean only, trimmed to 1/8"" fat, choice, raw",6.39,2.56,0.0,22.8,0.0,148.7,4,0,4-0
"Beef, round, eye of round roast, boneless, separable lean only, trimmed to 0"" fat, select, raw",2.48,0.953,0.0,23.4,0.0,115.9,4,0,4-0
"Beef, round, top round roast, boneless, separable lean only, trimmed to 0"" fat, select, raw",2.41,0.924,0.0,23.7,0.0,116.5,4,0,4-0
"Beef, short loin, porterhouse steak, separable lean only, trimmed to 1/8"" fat, select, raw",5.32,2.07,0.0,22.7,0.0,138.7,4,0,4-0
"Beef, short loin, t-bone steak, bone-in, separable lean only, trimmed to 1/8"" fat, choice, cooked, grilled",11.4,4.68,0.0,27.3,0.0,211.8,4,0,4-0
"Cheese, dry white, queso seco",24.3,13.7,2.07,24.5,0.0,325.0,2,0,2-0
"Cheese, swiss",31.0,18.2,1.44,27.0,0.0,392.8,2,0,2-0
"Sausage, breakfast sausage, beef, pre-cooked, unprepared",28.7,11.3,3.37,13.3,0.0,325.0,2,0,2-0
"Sausage, Italian, pork, mild, cooked, pan-fried",26.2,9.15,2.15,18.2,0.0,317.2,2,0,2-0
"Sausage, pork, chorizo, link or ground, cooked, pan-fried",28.1,9.45,2.63,19.3,0.0,340.6,2,0,2-0
"Sausage, turkey, breakfast links, mild, raw",10.4,2.53,0.93,16.7,0.0,164.1,4,0,4-0
"Turkey, ground, 93% lean, 7% fat, pan-broiled crumbles",11.6,2.97,0.0,27.1,0.0,212.8,4,0,4-0
"Ham, sliced, restaurant",3.68,1.25,2.36,19.6,0.0,121.0,4,0,4-0
"Eggs, Grade A, Large, egg whole",9.96,3.2,0.96,12.4,0.0,143.1,4,0,4-0
"Pork, cured, bacon, cooked, restaurant",36.5,12.6,2.1,40.9,0.0,500.5,2,0,2-0
"Snacks, beef jerky, chopped and formed",25.6,10.85,11.0,33.2,1.8,407.2,2,0,2-0
"Snacks, popcorn, oil-popped, microwave, regular flavor, no trans fat",43.55,6.82,45.06,7.29,8.1,601.4,2,0,2-0
"Baking chocolate, unsweetened, liquid",47.7,25.29,36.2,12.1,18.1,622.5,2,0,2-0
"Baking chocolate, unsweetened, squares",52.31,32.277,28.42,14.32,16.6,641.8,2,0,2-0
"Mutton, cooked, roasted (Navajo)",11.09,5.142,0.08,33.43,0.0,233.8,4,0,4-0
"ON THE BORDER, soft taco with ground beef, cheese and lettuce",11.05,4.848,19.28,13.19,1.8,229.3,4,0,4-0
"Restaurant, Latino, empanadas, beef, prepared",18.37,5.156,31.19,11.31,2.0,335.3,2,0,2-0
"CRACKER BARREL, grilled sirloin steak",8.52,3.045,0.0,31.52,0.0,202.8,4,0,4-0
"DENNY'S, top sirloin steak",7.34,2.595,0.14,28.9,0.0,182.2,4,0,4-0
"Restaurant, Chinese, general tso's chicken",16.36,2.76,23.99,12.9,0.9,294.8,2,0,2-0
"Restaurant, Chinese, orange chicken",12.68,2.422,22.46,14.46,0.8,261.8,4,0,4-0
"Bologna, beef and pork, low fat",19.3,7.308,2.6,11.5,0.0,230.1,4,0,4-0
"Vegetable oil-butter spread, reduced calorie",53.0,17.88,0.0,0.0,0.0,477.0,2,0,2-0
"Sausage, turkey and pork, fresh, bulk, patty or link, cooked",23.0,7.95,0.7,22.7,0.0,300.6,2,0,2-0
"Mayonnaise, made with tofu",31.79,2.921,3.06,5.95,1.1,322.2,2,0,2-0
"Frankfurter, beef, low fat",9.5,1.526,1.6,12.0,0.0,139.9,4,0,4-0
"Pork sausage rice links, brown and serve, cooked",37.63,12.825,2.36,13.7,0.0,402.9,2,0,2-0
"Oil, flaxseed, cold pressed",99.98,8.976,0.0,0.11,0.0,900.3,3,0,3-0
"Salad dressing, bacon and tomato",35.0,5.435,2.0,1.8,0.2,330.2,2,0,2-0
"Cheese, parmesan, low sodium",29.99,19.051,3.7,41.6,0.0,451.1,2,0,2-0
"Turkey, wing, smoked, cooked, with skin, bone removed",12.41,3.383,0.0,27.4,0.0,221.3,4,0,4-0
"Turkey, drumstick, smoked, cooked, with skin, bone removed",9.8,3.054,0.0,27.9,0.0,199.8,4,0,4-0
"Pork, cured, bacon, cooked, broiled, pan-fried or roasted, reduced sodium",41.78,13.739,1.43,37.04,0.0,529.9,2,0,2-0
"Turkey, light or dark meat, smoked, cooked, skin and bone removed",5.0,1.368,0.0,29.3,0.0,162.2,4,0,4-0
Yeast extract spread,0.9,0.0,20.42,23.88,6.5,185.3,4,0,4-0
"Chicken, meatless, breaded, fried",12.77,1.13,8.51,21.28,4.3,234.1,4,0,4-0
"Cheese, mozzarella, low sodium",17.1,10.867,3.1,27.5,0.0,276.3,4,0,4-0
"Mayonnaise dressing, no cholesterol",77.8,10.784,0.3,0.0,0.0,701.4,3,0,3-0
"Oil, corn, peanut, and olive",100.0,14.367,0.0,0.0,0.0,900.0,3,0,3-0
"Mollusks, scallop, (bay and sea), cooked, steamed",0.84,0.218,5.41,20.54,0.0,111.4,4,0,4-0
"Mollusks, snail, raw",1.4,0.361,2.0,16.1,0.0,85.0,4,0,4-0
"Turtle, green, raw",0.5,0.127,0.0,19.8,0.0,83.7,4,0,4-0
"Pork, fresh, composite of trimmed leg, loin, shoulder, and spareribs, (includes cuts to be cured), separable lean and fat, raw",14.79,4.918,0.0,18.22,0.0,206.0,4,0,4-0
"Pork, fresh, backfat, raw",88.69,32.21,0.0,2.92,0.0,809.9,3,0,3-0
"Pork, fresh, belly, raw",53.01,19.33,0.0,9.34,0.0,514.4,2,0,2-0
"Pork, fresh, separable fat, raw",65.7,21.979,0.0,9.25,0.0,628.3,3,0,3-0
"Pork, fresh, leg (ham), rump half, separable lean and fat, raw",10.63,3.526,0.0,20.27,0.0,176.8,4,0,4-0
"Pork, fresh, leg (ham), rump half, separable lean and fat, cooked, roasted",10.32,3.369,0.0,27.03,0.0,201.0,4,0,4-0
"Pork, fresh, leg (ham), rump half, separable lean only, raw (Includes foods for USDA's Food Distribution Program)",2.93,0.947,0.0,21.81,0.0,113.6,4,0,4-0
"Pork, fresh, leg (ham), rump half, separable lean only, cooked, roasted",4.62,1.451,0.0,28.86,0.0,157.0,4,0,4-0
"Pork, fresh, loin, whole, separable lean and fat, raw",12.58,4.36,0.0,19.74,0.0,192.2,4,0,4-0
"Pork, fresh, loin, whole, separable lean and fat, cooked, braised",13.62,5.11,0.0,27.23,0.0,231.5,4,0,4-0
"Pork, fresh, loin, whole, separable lean and fat, cooked, broiled",13.92,5.23,0.0,27.32,0.0,234.6,4,0,4-0
"Pork, fresh, loin, whole, separable lean and fat, cooked, roasted",14.65,5.37,0.0,27.09,0.0,240.2,4,0,4-0
"Pork, fresh, loin, blade (chops or roasts), bone-in, separable lean and fat, raw",12.27,4.27,0.0,19.56,0.0,188.7,4,0,4-0
"Pork, fresh, loin, blade (chops), bone-in, separable lean and fat, cooked, braised",15.71,4.487,0.0,26.54,0.0,247.6,4,0,4-0
"Pork, fresh, loin, blade (chops), bone-in, separable lean and fat, cooked, broiled",14.35,4.339,0.0,23.72,0.0,224.0,4,0,4-0
"Pork, fresh, loin, blade (roasts), bone-in, separable lean and fat, cooked, roasted",16.71,5.9,0.0,24.29,0.0,247.6,4,0,4-0
"Pork, fresh, loin, center loin (chops), bone-in, separable lean and fat, cooked, braised",13.51,4.934,0.0,28.21,0.0,234.4,4,0,4-0
"Pork, fresh, loin, center loin (chops), bone-in, separable lean and fat, cooked, broiled",11.06,3.518,0.0,25.61,0.0,202.0,4,0,4-0
"Pork, fresh, loin, center loin (roasts), bone-in, separable lean and fat, cooked, roasted",12.8,4.859,0.0,27.01,0.0,223.2,4,0,4-0
"Pork, fresh, loin, center loin (chops), bone-in, separable lean only, raw",3.71,1.098,0.0,21.99,0.0,121.4,4,0,4-0
"Pork, fresh, loin, center rib (chops), bone-in, separable lean and fat, cooked, braised",16.28,5.435,0.0,26.66,0.0,253.2,4,0,4-0
"Pork, fresh, loin, center rib (chops), bone-in, separable lean and fat, cooked, broiled",13.04,4.486,0.0,24.42,0.0,215.0,4,0,4-0
"Pork, fresh, loin, center rib (roasts), bone-in, separable lean and fat, cooked, roasted",14.68,5.442,0.0,26.99,0.0,240.1,4,0,4-0
"Pork, fresh, loin, center rib (chops or roasts), bone-in, separable lean only, raw",4.8,1.617,0.0,21.79,0.0,130.4,4,0,4-0
"Pork, fresh, loin, sirloin (chops), bone-in, separable lean and fat, cooked, braised",12.31,4.294,0.0,28.81,0.0,226.0,4,0,4-0
"Pork, fresh, loin, sirloin (chops), bone-in, separable lean and fat, cooked, broiled",11.82,4.045,0.0,26.96,0.0,214.2,4,0,4-0
"Pork, fresh, loin, sirloin (roasts), bone-in, separable lean and fat, cooked, roasted",12.87,4.113,0.0,26.64,0.0,222.4,4,0,4-0
"Pork, fresh, loin, sirloin (chops), bone-in, separable lean only, cooked, braised",6.9,2.327,0.0,31.0,0.0,186.1,4,0,4-0
"Pork, fresh, loin, top loin (chops), boneless, separable lean and fat, raw",6.94,2.45,0.0,21.55,0.0,148.7,4,0,4-0
"Pork, fresh, loin, top loin (chops), boneless, separable lean and fat, cooked, braised",8.31,3.218,0.0,29.2,0.0,191.6,4,0,4-0
"Pork, fresh, loin, top loin (chops), boneless, separable lean and fat, cooked, broiled",9.14,3.164,0.0,26.62,0.0,188.7,4,0,4-0
"Pork, fresh, loin, top loin (roasts), boneless, separable lean and fat, cooked, roasted",8.82,2.839,0.0,26.45,0.0,185.2,4,0,4-0
"Pork, fresh, shoulder, whole, separable lean and fat, raw",17.99,6.24,0.0,17.18,0.0,230.6,4,0,4-0
"Pork, fresh, shoulder, whole, separable lean and fat, cooked, roasted",21.39,7.86,0.0,23.28,0.0,285.6,4,0,4-0
"Pork, fresh, shoulder, whole, separable lean only, raw",7.14,2.47,0.0,19.55,0.0,142.5,4,0,4-0
"Pork, fresh, shoulder, whole, separable lean only, cooked, roasted",13.54,4.79,0.0,25.33,0.0,223.2,4,0,4-0
"Pork, fresh, shoulder, arm picnic, separable lean only, cooked, braised",8.87,2.85,0.0,26.76,0.0,186.9,4,0,4-0
"Pork, fresh, shoulder, arm picnic, separable lean only, cooked, roasted",12.62,4.3,0.0,26.68,0.0,220.3,4,0,4-0
"Pork, fresh, shoulder, (Boston butt), blade (steaks), separable lean and fat, raw",12.36,4.348,0.0,17.42,0.0,180.9,4,0,4-0
"Pork, fresh, shoulder, (Boston butt), blade (steaks), separable lean and fat, cooked, braised",17.69,6.584,0.0,25.07,0.0,259.5,4,0,4-0
"Pork, fresh, shoulder, blade, boston (steaks), separable lean and fat, cooked, broiled",16.61,5.95,0.0,25.58,0.0,251.8,4,0,4-0
"Pork, fresh, shoulder, blade, boston (roasts), separable lean only, cooked, roasted",14.3,5.19,0.0,24.21,0.0,225.5,4,0,4-0
"Pork, fresh, spareribs, separable lean and fat, raw",23.4,7.529,0.0,15.47,0.0,272.5,4,0,4-0
"Pork, fresh, spareribs, separable lean and fat, cooked, braised",30.3,11.12,0.0,29.06,0.0,388.9,2,0,2-0
"Pork, fresh, composite of trimmed retail cuts (leg, loin, and shoulder), separable lean only, cooked",9.21,3.092,0.0,27.51,0.0,192.9,4,0,4-0
"Pork, fresh, variety meats and by-products, chitterlings, cooked, simmered",20.32,9.52,0.0,12.49,0.0,232.8,4,0,4-0
"Pork, fresh, variety meats and by-products, ears, frozen, raw",15.1,5.39,0.6,22.45,0.0,228.1,4,0,4-0
"Pork, fresh, variety meats and by-products, ears, frozen, cooked, simmered",10.8,3.86,0.2,15.95,0.0,161.8,4,0,4-0
"Pork, fresh, variety meats and by-products, feet, raw",12.59,3.57,0.0,23.16,0.0,206.0,4,0,4-0
"Pork, fresh, variety meats and by-products, kidneys, cooked, braised",4.7,1.51,0.0,25.4,0.0,143.9,4,0,4-0
"Pork, fresh, variety meats and by-products, leaf fat, raw",94.16,45.23,0.0,1.76,0.0,854.5,3,0,3-0
"Pork, fresh, variety meats and by-products, liver, raw",3.65,1.17,2.47,21.39,0.0,128.3,4,0,4-0
"Pork, fresh, variety meats and by-products, liver, cooked, braised",4.4,1.41,3.76,26.02,0.0,158.7,4,0,4-0
"Pork, fresh, variety meats and by-products, lungs, raw",2.72,0.96,0.0,14.08,0.0,80.8,4,0,4-0
"Pork, fresh, variety meats and by-products, spleen, raw",2.59,0.86,0.0,17.86,0.0,94.8,4,0,4-0
"Pork, fresh, variety meats and by-products, spleen, cooked, braised",3.2,1.06,0.0,28.2,0.0,141.6,4,0,4-0
"Pork, fresh, variety meats and by-products, stomach, raw",10.14,4.025,0.0,16.85,0.0,158.7,4,0,4-0
"Pork, fresh, loin, blade (chops), bone-in, separable lean only, cooked, pan-fried",12.14,2.557,0.0,26.38,0.0,214.8,4,0,4-0
"Canadian bacon, unprepared",2.62,0.9,1.34,20.31,0.0,110.2,4,0,4-0
"Pork, cured, feet, pickled",10.02,2.945,0.01,11.63,0.0,136.7,4,0,4-0
"Pork, cured, ham, boneless, extra lean (approximately 5% fat), roasted",5.53,1.81,1.5,20.93,0.0,139.5,4,0,4-0
"Pork, cured, ham, boneless, regular (approximately 11% fat), roasted",9.02,3.12,0.0,22.62,0.0,171.7,4,0,4-0
"Pork, cured, ham, patties, unheated",28.19,10.13,1.69,12.78,0.0,311.6,2,0,2-0
"Pork, cured, ham, steak, boneless, extra lean, unheated",4.25,1.44,0.0,19.56,0.0,116.5,4,0,4-0
"Pork, cured, ham, whole, separable lean and fat, unheated",18.52,6.62,0.06,18.49,0.0,240.9,4,0,4-0
"Pork, cured, ham, whole, separable lean only, unheated",5.71,1.92,0.05,22.32,0.0,140.9,4,0,4-0
"Pork, cured, separable fat (from ham and arm picnic), unheated",61.41,22.52,0.09,5.68,0.0,575.8,3,0,3-0
"Pork, cured, separable fat (from ham and arm picnic), roasted",61.86,22.69,0.0,7.64,0.0,587.3,3,0,3-0
"Pork, cured, shoulder, arm picnic, separable lean and fat, roasted",21.35,7.67,0.0,20.43,0.0,273.9,4,0,4-0
"Pork, cured, shoulder, arm picnic, separable lean only, roasted",7.04,2.36,0.0,24.94,0.0,163.1,4,0,4-0
"Pork, fresh, variety meats and by-products, tail, cooked, simmered",35.8,12.45,0.0,17.0,0.0,390.2,2,0,2-0
"Pork, fresh, loin, center loin (chops), bone-in, separable lean only, cooked, pan-fried",7.66,2.597,0.0,29.56,0.0,187.2,4,0,4-0
"Pork, fresh, loin, center rib (chops), bone-in, separable lean only, cooked, pan-fried",9.73,2.563,0.0,28.84,0.0,202.9,4,0,4-0
"Pork, fresh, loin, blade (chops), bone-in, separable lean and fat, cooked, pan-fried",16.56,4.266,0.0,25.02,0.0,249.1,4,0,4-0
"Pork, cured, ham, extra lean and regular, canned, unheated",7.46,2.45,0.0,17.97,0.0,139.0,4,0,4-0
"Pork, cured, ham, extra lean and regular, canned, roasted",8.43,2.81,0.49,20.94,0.0,161.6,4,0,4-0
"Pork, fresh, loin, top loin (chops), boneless, separable lean and fat, cooked, pan-fried",7.86,3.058,0.0,29.36,0.0,188.2,4,0,4-0
"Pork, fresh, composite of trimmed retail cuts (leg, loin, shoulder, and spareribs), separable lean and fat, raw",14.95,5.28,0.0,18.95,0.0,210.3,4,0,4-0
"Pork, fresh, loin, center rib (chops or roasts), boneless, separable lean and fat, raw",14.01,4.86,0.0,19.9,0.0,205.7,4,0,4-0
"Pork, fresh, loin, center rib (chops), boneless, separable lean and fat, cooked, braised",15.79,6.12,0.0,26.29,0.0,247.3,4,0,4-0
"Pork, fresh, loin, center rib (chops), boneless, separable lean and fat, cooked, broiled",15.76,5.79,0.0,27.63,0.0,252.4,4,0,4-0
"Pork, fresh, loin, center rib (chops), boneless, separable lean and fat, cooked, pan-fried",18.05,6.72,0.0,25.82,0.0,265.7,4,0,4-0
"Pork, fresh, loin, center rib (chops), boneless, separable lean only, cooked, pan-fried",11.8,4.3,0.0,27.68,0.0,216.9,4,0,4-0
"Pork, fresh, loin, center rib (roasts), boneless, separable lean only, cooked, roasted",10.13,3.54,0.0,28.81,0.0,206.4,4,0,4-0
"Pork, fresh, loin, country-style ribs, separable lean and fat, raw",11.82,2.37,0.0,19.34,0.0,183.7,4,0,4-0
"Pork, fresh, loin, country-style ribs, separable lean and fat, cooked, braised",17.71,6.302,0.0,26.49,0.0,265.4,4,0,4-0
"Pork, fresh, loin, country-style ribs, separable lean and fat, bone-in, cooked, roasted",29.46,10.689,0.0,21.75,0.0,352.1,2,0,2-0
"Pork, fresh, loin, sirloin (chops), boneless, separable lean and fat, cooked, braised",5.47,1.87,0.0,28.41,0.0,162.9,4,0,4-0
"Pork, fresh, loin, sirloin (chops), boneless, separable lean and fat, cooked, broiled",5.53,1.785,0.0,28.19,0.0,162.5,4,0,4-0
"Pork, fresh, loin, sirloin (roasts), boneless, separable lean and fat, cooked, roasted",7.32,2.528,0.0,29.62,0.0,184.4,4,0,4-0
"Pork, fresh, loin, sirloin (chops or roasts), boneless, separable lean only, raw",2.59,0.906,0.0,22.81,0.0,114.6,4,0,4-0
"Pork, fresh, ground, raw",21.19,7.87,0.0,16.88,0.0,258.2,4,0,4-0
"Pork, fresh, ground, cooked",20.77,7.72,0.0,25.69,0.0,289.7,4,0,4-0
"Pork, fresh, loin, tenderloin, separable lean and fat, cooked, broiled",8.11,2.93,0.0,29.86,0.0,192.4,4,0,4-0
"Pork, fresh, loin, tenderloin, separable lean and fat, cooked, roasted",3.96,1.358,0.0,26.04,0.0,139.8,4,0,4-0
"Pork, fresh, composite of trimmed retail cuts (loin and shoulder blade), separable lean and fat, cooked",13.66,4.703,0.0,26.07,0.0,227.2,4,0,4-0
"Pork, fresh, composite of trimmed retail cuts (loin and shoulder blade), separable lean only, raw",5.88,2.03,0.0,21.23,0.0,137.8,4,0,4-0
"Pork, fresh, composite of trimmed retail cuts (loin and shoulder blade), separable lean only, cooked",9.44,3.34,0.0,29.47,0.0,202.8,4,0,4-0
"HORMEL, Cure 81 Ham",3.59,1.17,0.21,18.43,0.0,106.9,4,0,4-0
"HORMEL ALWAYS TENDER, Pork Tenderloin, Teriyaki-Flavored",3.07,1.05,4.63,18.2,0.0,119.0,4,0,4-0
HORMEL Canadian Style Bacon,4.94,1.83,1.87,16.88,0.0,119.5,4,0,4-0
"Pork, fresh, loin, top loin (chops), boneless, separable lean only, with added solution, cooked, pan-broiled",5.0,1.797,0.0,28.95,0.0,160.8,4,0,4-0
"Pork, fresh, loin, top loin (chops), boneless, separable lean and fat, with added solution, cooked, pan-broiled",7.66,2.725,0.0,28.35,0.0,182.3,4,0,4-0
"Pork, cured, bacon, cooked, baked",43.27,14.187,1.35,35.73,0.0,537.8,2,0,2-0
"Pork, cured, ham -- water added, rump, bone-in, separable lean only, heated, roasted",3.56,1.254,0.87,21.41,0.0,121.2,4,0,4-0
"Pork, cured, ham -- water added, rump, bone-in, separable lean only, unheated",3.48,1.227,0.67,15.43,0.0,95.7,4,0,4-0
"Pork, cured, ham -- water added, shank, bone-in, separable lean only, heated, roasted",4.43,1.402,1.2,20.92,0.0,128.4,4,0,4-0
"Pork, cured, ham -- water added, slice, bone-in, separable lean only, heated, pan-broil",4.3,1.439,1.48,22.04,0.0,132.8,4,0,4-0
"Pork, cured, ham with natural juices, rump, bone-in, separable lean only, heated, roasted",4.25,1.418,0.48,24.14,0.0,136.7,4,0,4-0
"Pork, cured, ham with natural juices, shank, bone-in, separable lean only, heated, roasted",4.97,1.564,0.34,24.95,0.0,145.9,4,0,4-0
"Snacks, pork skins, plain",31.3,11.37,0.0,61.3,0.0,526.9,2,0,2-0
"Restaurant, Italian, chicken parmesan without pasta",10.64,2.55,10.92,16.17,0.9,204.1,4,0,4-0
"CRACKER BARREL, chicken tenderloin platter, fried, from kid's menu",15.41,2.83,20.24,18.67,1.0,294.3,4,0,4-0
"CRACKER BARREL, country fried shrimp platter",16.77,3.064,21.4,12.62,0.3,287.0,2,0,2-0
"CRACKER BARREL, farm raised catfish platter",17.05,3.249,5.31,22.94,1.6,266.5,4,0,4-0
"DENNY'S, mozzarella cheese sticks",17.87,6.643,27.22,13.56,1.6,324.0,2,0,2-0
"DENNY'S, golden fried shrimp",20.01,3.515,20.93,13.88,1.5,319.3,2,0,2-0
"DENNY'S, chicken nuggets, star shaped, from kid's menu",28.57,5.606,13.59,16.27,0.8,376.6,2,0,2-0
"Restaurant, Chinese, sesame chicken",14.25,2.41,26.88,14.33,0.7,293.1,2,0,2-0
"Imitation cheese, american or cheddar, low cholesterol",32.0,5.815,1.0,25.0,0.0,392.0,2,0,2-0
"Ham, turkey, sliced, extra lean, prepackaged or deli",5.8,0.5,0.93,19.6,0.0,134.3,4,0,4-0
"Salad dressing, peppercorn dressing, commercial, regular",61.4,10.527,3.5,1.2,0.0,571.4,2,0,2-0
"Mayonnaise, reduced-calorie or diet, cholesterol-free",33.3,4.618,6.7,0.9,0.0,330.1,2,0,2-0
"Cheese, monterey, low fat",21.6,14.04,0.7,28.2,0.0,310.0,2,0,2-0
"Bologna, beef, low fat",14.8,5.464,5.2,11.8,0.0,201.2,4,0,4-0
"Pork, cured, ham, low sodium, lean and fat, cooked",8.3,2.781,0.3,22.3,0.0,165.1,4,0,4-0
"Pork, cured, ham, boneless, low sodium, extra lean (approximately 5% fat), roasted",5.5,1.801,1.5,20.9,0.0,139.1,4,0,4-0
"Beef, bologna, reduced sodium",28.4,11.676,2.0,11.7,0.0,310.4,2,0,2-0
"Turkey, light or dark meat, smoked, cooked, with skin, bone removed",9.7,2.831,0.0,28.1,0.0,199.7,4,0,4-0
"Cheese, pasteurized process, cheddar or American, low sodium",31.19,19.651,1.6,22.2,0.0,375.9,2,0,2-0
"Cheese, swiss, low sodium",27.4,17.744,3.4,28.4,0.0,373.8,2,0,2-0
"Frozen novelties, ice cream type, chocolate or caramel covered, with nuts",20.2,12.658,30.9,4.4,0.6,323.0,2,0,2-0
"Frankfurter, low sodium",28.51,12.038,1.8,12.0,0.0,311.8,2,0,2-0
"Cheese, swiss, low fat",5.1,3.304,3.4,28.4,0.0,173.1,4,0,4-0
"Frog legs, raw",0.3,0.076,0.0,16.4,0.0,68.3,4,0,4-0
"Fish, mackerel, salted",25.1,7.148,0.0,18.5,0.0,299.9,2,0,2-0
"Pork, fresh, composite of separable fat, with added solution, cooked",60.42,21.382,0.32,10.06,0.0,585.3,2,0,2-0
"Pork, fresh, carcass, separable lean and fat, raw",35.07,12.44,0.0,13.91,0.0,371.3,2,0,2-0
"Pork, fresh, composite of trimmed retail cuts (leg, loin, shoulder), separable lean only, raw",4.86,1.625,0.0,21.2,0.0,128.5,4,0,4-0
"Pork, fresh, separable fat, cooked",66.1,23.856,0.0,7.06,0.0,623.1,3,0,3-0
"Pork, fresh, leg (ham), whole, separable lean and fat, raw",18.87,6.54,0.0,17.43,0.0,239.6,4,0,4-0
"Pork, fresh, leg (ham), whole, separable lean and fat, cooked, roasted",17.61,6.47,0.0,26.83,0.0,265.8,4,0,4-0
"Pork, fresh, leg (ham), whole, separable lean only, raw",5.41,1.87,0.0,20.48,0.0,130.6,4,0,4-0
"Pork, fresh, leg (ham), whole, separable lean only, cooked, roasted",9.44,3.3,0.0,29.41,0.0,202.6,4,0,4-0
"Pork, fresh, leg (ham), shank half, separable lean and fat, raw",11.96,3.942,0.0,19.87,0.0,187.1,4,0,4-0
"Pork, fresh, leg (ham), shank half, separable lean and fat, cooked, roasted",13.42,4.609,0.0,25.96,0.0,224.6,4,0,4-0
"Pork, fresh, leg (ham), shank half, separable lean only, raw",2.95,0.917,0.0,21.66,0.0,113.2,4,0,4-0
"Pork, fresh, leg (ham), shank half, separable lean only, cooked, roasted",5.83,1.837,0.0,28.69,0.0,167.2,4,0,4-0
"Pork, fresh, loin, whole, separable lean only, raw",5.66,1.95,0.0,21.43,0.0,136.7,4,0,4-0
"Pork, fresh, loin, whole, separable lean only, cooked, braised",9.12,3.38,0.0,28.57,0.0,196.4,4,0,4-0
"Pork, fresh, loin, whole, separable lean only, cooked, broiled",9.8,3.64,0.0,28.57,0.0,202.5,4,0,4-0
"Pork, fresh, loin, whole, separable lean only, cooked, roasted",9.63,3.51,0.0,28.62,0.0,201.2,4,0,4-0
"Pork, fresh, loin, blade (chops or roasts), bone-in, separable lean only, raw",5.84,1.974,0.0,21.22,0.0,137.4,4,0,4-0
"Pork, fresh, loin, blade (chops), bone-in, separable lean only, cooked, braised",11.29,2.59,0.0,28.02,0.0,213.7,4,0,4-0
"Pork, fresh, loin, blade (chops), bone-in, separable lean only, cooked, broiled",9.56,2.322,0.0,24.99,0.0,186.0,4,0,4-0
"Pork, fresh, loin, blade (roasts), bone-in, separable lean only, cooked, roasted",11.89,3.934,0.0,25.7,0.0,209.8,4,0,4-0
"Pork, fresh, loin, center loin (chops), bone-in, separable lean and fat, raw",9.03,2.993,0.0,20.71,0.0,164.1,4,0,4-0
"Pork, fresh, loin, center loin (chops), bone-in, separable lean only, cooked, braised",7.86,2.671,0.0,30.2,0.0,191.5,4,0,4-0
"Pork, fresh, loin, center loin (chops), bone-in, separable lean only, cooked, broiled",7.29,2.156,0.0,26.76,0.0,172.6,4,0,4-0
"Pork, fresh, loin, center loin (roasts), bone-in, separable lean only, cooked, roasted",7.95,2.932,0.0,28.58,0.0,185.9,4,0,4-0
"Pork, fresh, loin, center rib (chops or roasts), bone-in, separable lean and fat, raw",11.04,2.365,0.0,20.28,0.0,180.5,4,0,4-0
"Pork, fresh, loin, center rib (chops), bone-in, separable lean only, cooked, braised",9.32,2.389,0.0,29.03,0.0,200.0,4,0,4-0
"Pork, fresh, loin, center rib (chops), bone-in, separable lean only, cooked, broiled",8.36,2.816,0.0,25.79,0.0,178.4,4,0,4-0
"Pork, fresh, loin, center rib (roasts), bone-in, separable lean only, cooked, roasted",9.21,3.254,0.0,28.82,0.0,198.2,4,0,4-0
"Pork, fresh, loin, sirloin (chops or roasts), bone-in, separable lean and fat, raw",8.96,2.978,0.0,20.48,0.0,162.6,4,0,4-0
"Pork, fresh, loin, sirloin (chops), bone-in, separable lean only, cooked, broiled",5.45,1.718,0.0,29.29,0.0,166.2,4,0,4-0
"Pork, fresh, loin, sirloin (roasts), bone-in, separable lean only, cooked, roasted",9.44,2.871,0.0,27.78,0.0,196.1,4,0,4-0
"Pork, fresh, loin, tenderloin, separable lean only, raw",2.17,0.698,0.0,20.95,0.0,103.3,4,0,4-0
"Pork, fresh, loin, tenderloin, separable lean only, cooked, roasted",3.51,1.198,0.0,26.17,0.0,136.3,4,0,4-0
"Pork, fresh, loin, top loin (chops), boneless, separable lean only, raw",3.42,1.208,0.0,22.41,0.0,120.4,4,0,4-0
"Pork, fresh, loin, top loin (chops), boneless, separable lean only, cooked, braised",4.34,1.657,0.0,30.54,0.0,161.2,4,0,4-0
"Pork, fresh, loin, top loin (chops), boneless, separable lean only, cooked, broiled",6.08,2.077,0.0,27.58,0.0,165.0,4,0,4-0
"Pork, fresh, loin, top loin (roasts), boneless, separable lean only, cooked, roasted",6.28,1.927,0.0,27.23,0.0,165.4,4,0,4-0
"Pork, fresh, shoulder, arm picnic, separable lean and fat, raw",12.51,4.14,0.0,18.71,0.0,187.4,4,0,4-0
"Pork, fresh, shoulder, arm picnic, separable lean and fat, cooked, braised",14.33,4.854,0.0,24.88,0.0,228.5,4,0,4-0
"Pork, fresh, shoulder, arm picnic, separable lean and fat, cooked, roasted",24.01,8.78,0.0,23.47,0.0,310.0,2,0,2-0
"Pork, fresh, shoulder, arm picnic, separable lean only, raw",3.77,1.206,0.0,20.26,0.0,115.0,4,0,4-0
"Pork, fresh, shoulder, blade, boston (roasts), separable lean and fat, cooked, roasted",18.86,6.97,0.0,23.11,0.0,262.2,4,0,4-0
"Pork, fresh, shoulder, (Boston butt), blade (steaks), separable lean only, raw",5.71,1.998,0.0,18.73,0.0,126.3,4,0,4-0
"Pork, fresh, shoulder, (Boston butt), blade (steaks), separable lean only, cooked, braised",13.2,5.023,0.0,26.57,0.0,225.1,4,0,4-0
"Pork, fresh, shoulder, blade, boston (steaks), separable lean only, cooked, broiled",12.54,4.45,0.0,26.74,0.0,219.8,4,0,4-0
"Pork, fresh, loin, center loin (chops), boneless, separable lean only, raw",3.09,0.801,0.0,23.75,0.0,122.8,4,0,4-0
"Pork, fresh, variety meats and by-products, brain, raw",9.21,2.079,0.0,10.28,0.0,124.0,4,0,4-0
"Pork, fresh, variety meats and by-products, brain, cooked, braised",9.51,2.15,0.0,12.14,0.0,134.2,4,0,4-0
"Pork, fresh, variety meats and by-products, chitterlings, raw",16.61,7.619,0.0,7.64,0.0,180.0,4,0,4-0
"Pork, fresh, variety meats and by-products, heart, raw",4.36,1.16,1.33,17.27,0.0,113.6,4,0,4-0
"Pork, fresh, variety meats and by-products, heart, cooked, braised",5.05,1.34,0.4,23.6,0.0,141.4,4,0,4-0
"Pork, fresh, variety meats and by-products, jowl, raw",69.61,25.26,0.0,6.38,0.0,652.0,3,0,3-0
"Pork, fresh, variety meats and by-products, kidneys, raw",3.25,1.04,0.0,16.46,0.0,95.1,4,0,4-0
"Pork, fresh, variety meats and by-products, lungs, cooked, braised",3.1,1.09,0.0,16.6,0.0,94.3,4,0,4-0
"Pork, fresh, variety meats and by-products, mechanically separated, raw",26.54,9.82,0.0,15.03,0.0,299.0,2,0,2-0
"Pork, fresh, variety meats and by-products, pancreas, raw",13.24,4.58,0.0,18.56,0.0,193.4,4,0,4-0
"Pork, fresh, variety meats and by-products, pancreas, cooked, braised",10.8,3.73,0.0,28.5,0.0,211.2,4,0,4-0
"Pork, fresh, variety meats and by-products, tongue, raw",17.2,5.96,0.0,16.3,0.0,220.0,4,0,4-0
"Pork, fresh, variety meats and by-products, tongue, cooked, braised",18.6,6.449,0.0,24.1,0.0,263.8,4,0,4-0
"Pork, cured, bacon, unprepared",37.13,12.615,0.0,13.66,0.0,388.8,2,0,2-0
"Pork, cured, breakfast strips, raw or unheated",37.16,12.91,0.7,11.74,0.0,384.2,2,0,2-0
"Pork, cured, ham, extra lean (approximately 4% fat), canned, unheated",4.56,1.51,0.0,18.49,0.0,115.0,4,0,4-0
"Pork, cured, ham, extra lean (approximately 4% fat), canned, roasted",4.88,1.6,0.52,21.16,0.0,130.6,4,0,4-0
"Pork, cured, ham, regular (approximately 13% fat), canned, roasted",15.2,5.04,0.42,20.53,0.0,220.6,4,0,4-0
"Pork, cured, ham, center slice, country-style, separable lean only, raw",8.32,2.78,0.3,27.8,0.0,187.3,4,0,4-0
"Pork, cured, ham, center slice, separable lean and fat, unheated",12.9,4.572,0.05,20.17,0.0,197.0,4,0,4-0
"Pork, cured, ham, whole, separable lean only, roasted",5.5,1.84,0.0,25.05,0.0,149.7,4,0,4-0
"Pork, fresh, loin, center loin (chops), boneless, separable lean only, cooked, pan-broiled",4.65,1.658,0.0,30.02,0.0,161.9,4,0,4-0
"Pork, fresh, loin, center loin (chops), boneless, separable lean and fat, raw",12.96,4.413,0.0,21.14,0.0,201.2,4,0,4-0
"Pork, cured, salt pork, raw",80.5,29.38,0.0,5.05,0.0,744.7,3,0,3-0
"Pork, cured, shoulder, blade roll, separable lean and fat, unheated",21.98,7.939,0.0,16.47,0.0,263.7,4,0,4-0
"Pork, cured, shoulder, blade roll, separable lean and fat, roasted",23.48,8.38,0.37,17.28,0.0,281.9,2,0,2-0
"Pork, fresh, variety meats and by-products, feet, cooked, simmered",16.05,4.343,0.0,21.94,0.0,232.2,4,0,4-0
"Pork, fresh, variety meats and by-products, tail, raw",33.5,11.64,0.0,17.75,0.0,372.5,2,0,2-0
"Pork, fresh, loin, center loin (chops), bone-in, separable lean and fat, cooked, pan-fried",13.32,4.867,0.0,27.63,0.0,230.4,4,0,4-0
"Pork, fresh, loin, center rib (chops), bone-in, separable lean and fat, cooked, pan-fried",15.71,5.056,0.0,26.81,0.0,248.6,4,0,4-0
"Pork, fresh, loin, top loin (chops), boneless, separable lean only, cooked, pan-fried",4.62,1.784,0.0,30.46,0.0,163.4,4,0,4-0
"Pork, cured, ham, boneless, extra lean and regular, unheated",8.39,2.7,2.28,18.26,0.0,157.7,4,0,4-0
"Pork, cured, ham, boneless, extra lean and regular, roasted",7.66,2.61,0.5,21.97,0.0,158.8,4,0,4-0
"Pork, fresh, composite of trimmed retail cuts (leg, loin, shoulder, and spareribs), separable lean and fat, cooked",13.89,4.893,0.0,26.36,0.0,230.4,4,0,4-0
"Pork, fresh, loin, center loin (chops), boneless, separable lean and fat, cooked, pan-broiled",13.6,4.89,0.0,26.68,0.0,229.1,4,0,4-0
"Pork, fresh, backribs, separable lean and fat, raw",16.33,5.783,0.0,19.07,0.0,223.2,4,0,4-0
"Pork, fresh, backribs, separable lean and fat, cooked, roasted",21.51,7.8,0.0,23.01,0.0,285.6,4,0,4-0
"Pork, fresh, loin, center rib (roasts), boneless, separable lean and fat, cooked, roasted",15.15,5.35,0.0,26.99,0.0,244.3,4,0,4-0
"Pork, fresh, loin, center rib (chops or roasts), boneless, separable lean only, raw",6.48,2.24,0.0,21.8,0.0,145.5,4,0,4-0
"Pork, fresh, loin, center rib (chops), boneless, separable lean only, cooked, braised",10.14,3.96,0.0,27.95,0.0,203.1,4,0,4-0
"Pork, fresh, loin, center rib (chops), boneless, separable lean only, cooked, broiled",10.05,3.57,0.0,29.46,0.0,208.3,4,0,4-0
"Pork, fresh, loin, country-style ribs, separable lean only, raw",5.64,2.012,0.0,20.76,0.0,133.8,4,0,4-0
"Pork, fresh, loin, country-style ribs, separable lean only, cooked, braised",14.26,5.086,0.0,27.74,0.0,239.3,4,0,4-0
"Pork, fresh, loin, country-style ribs, separable lean only, bone-in, cooked, roasted",11.38,3.766,0.0,29.2,0.0,219.2,4,0,4-0
"Pork, fresh, loin, sirloin (chops or roasts), boneless, separable lean and fat, raw",4.05,1.393,0.0,22.49,0.0,126.4,4,0,4-0
"Pork, fresh, loin, sirloin (chops), boneless, separable lean only, cooked, braised",4.5,1.517,0.0,28.75,0.0,155.5,4,0,4-0
"Pork, fresh, loin, sirloin (chops), boneless, separable lean only, cooked, broiled",4.36,1.357,0.0,28.6,0.0,153.6,4,0,4-0
"Pork, fresh, loin, sirloin (roasts), boneless, separable lean only, cooked, roasted",5.31,1.798,0.0,30.39,0.0,169.4,4,0,4-0
"Pork, fresh, loin, tenderloin, separable lean and fat, raw",3.53,1.181,0.0,20.65,0.0,114.4,4,0,4-0
"Pork, fresh, loin, tenderloin, separable lean only, cooked, broiled",6.33,2.24,0.0,30.42,0.0,178.6,4,0,4-0
"Pork, fresh, loin, top loin (roasts), boneless, separable lean and fat, raw",8.33,2.76,0.0,21.34,0.0,160.3,4,0,4-0
"Pork, fresh, loin, top loin (roasts), boneless, separable lean only, raw",4.06,1.248,0.0,22.39,0.0,126.1,4,0,4-0
"Pork, fresh, composite of trimmed retail cuts (loin and shoulder blade), separable lean and fat, raw",10.14,3.106,0.0,20.08,0.0,171.6,4,0,4-0
"HORMEL ALWAYS TENDER, Pork Tenderloin, Peppercorn-Flavored",3.8,1.16,1.82,17.21,0.0,110.3,4,0,4-0
"HORMEL ALWAYS TENDER, Pork Loin Filets, Lemon Garlic-Flavored",4.16,1.41,1.79,17.83,0.0,115.9,4,0,4-0
"HORMEL ALWAYS TENDER, Center Cut Chops, Fresh Pork",9.62,3.6,0.84,18.74,0.0,164.9,4,0,4-0
"HORMEL ALWAYS TENDER, Boneless Pork Loin, Fresh Pork",7.18,2.84,0.76,19.02,0.0,143.7,4,0,4-0
"Pork, cured, bacon, cooked, microwaved",34.12,11.644,0.48,39.01,0.0,465.0,2,0,2-0
"Pork, cured, bacon, pre-sliced, cooked, pan-fried",35.09,11.964,1.7,33.92,0.0,458.3,2,0,2-0
"Pork, fresh, variety meats and by-products, stomach, cooked, simmered",7.26,2.99,0.09,21.4,0.0,151.3,4,0,4-0
"Pork, bacon, rendered fat, cooked",99.5,31.991,0.0,0.07,0.0,895.8,3,0,3-0
"Pork, cured, ham and water product, slice, bone-in, separable lean only, heated, pan-broil",3.63,1.217,1.35,20.9,0.0,121.7,4,0,4-0
"Pork, cured, ham and water product, slice, boneless, separable lean only, heated, pan-broil",5.06,1.528,4.69,15.09,0.0,124.7,4,0,4-0
"Pork, cured, ham and water product, whole, boneless, separable lean only, heated, roasted",5.46,1.841,4.61,13.88,0.0,123.1,4,0,4-0
"Pork, cured, ham and water product, whole, boneless, separable lean only, unheated",4.86,1.447,4.22,14.07,0.0,116.9,4,0,4-0
"Pork, cured, ham -- water added, slice, boneless, separable lean only, heated, pan-broil",4.09,1.401,1.75,18.82,0.0,119.1,4,0,4-0
"Pork, cured, ham with natural juices, slice, bone-in, separable lean only, heated, pan-broil",4.38,1.11,0.0,27.75,0.0,150.4,4,0,4-0
"Pork, cured, ham with natural juices, spiral slice, meat only, boneless, separable lean only, heated, roasted",3.78,0.493,1.08,22.56,0.0,128.6,4,0,4-0
"Pork, cured, ham and water product, rump, bone-in, separable lean only, heated, roasted",4.7,1.536,1.15,21.28,0.0,132.0,4,0,4-0
"Pork, cured, ham with natural juices, slice, boneless, separable lean only, heated, pan-broil",3.16,0.975,1.05,20.95,0.0,116.4,4,0,4-0
"Pork, cured, ham with natural juices, whole, boneless, separable lean only, heated, roasted",3.01,1.044,0.84,20.57,0.0,112.7,4,0,4-0
"Pork, cured, ham with natural juices, whole, boneless, separable lean only, unheated",3.21,0.934,1.03,19.44,0.0,110.8,4,0,4-0
"Pork, cured, ham -- water added, shank, bone-in, separable lean only, unheated",1.87,0.592,0.71,18.65,0.0,94.3,4,0,4-0
"Pork, cured, ham with natural juices, rump, bone-in, separable lean only, unheated",3.47,1.16,0.43,22.71,0.0,123.8,4,0,4-0
"Pork, cured, ham with natural juices, shank, bone-in, separable lean only, unheated",3.33,1.048,0.3,25.11,0.0,131.6,4,0,4-0
"Pork, cured, ham with natural juices, slice, bone-in, separable lean only, unheated",2.87,0.726,0.0,24.34,0.0,123.2,4,0,4-0
"Pork, cured, ham with natural juices, spiral slice, boneless, separable lean only, unheated",3.26,1.009,1.22,19.25,0.0,111.2,4,0,4-0
"Pork, cured, ham with natural juices, spiral slice, boneless, separable lean and fat, unheated",5.75,1.833,1.18,18.66,0.0,131.1,4,0,4-0
"Pork, cured, ham with natural juices, slice, bone-in, separable lean and fat, unheated",7.4,2.236,0.17,22.82,0.0,158.6,4,0,4-0
"Pork, cured, ham with natural juices, shank, bone-in, separable lean and fat, unheated",11.11,3.614,0.32,22.35,0.0,190.7,4,0,4-0
"Pork, cured, ham with natural juices, rump, bone-in, separable lean and fat, unheated",13.26,4.373,0.43,19.7,0.0,199.9,4,0,4-0
"Pork, cured, ham -- water added, whole, boneless, separable lean and fat, unheated",5.38,1.889,1.42,17.06,0.0,122.3,4,0,4-0
"Pork, cured, ham -- water added, slice, bone-in, separable lean and fat, unheated",10.77,3.554,1.1,15.73,0.0,164.2,4,0,4-0
"Pork, cured, ham -- water added, shank, bone-in, separable lean and fat, unheated",11.02,3.607,0.66,16.65,0.0,168.4,4,0,4-0
"Pork, cured, ham -- water added, rump, bone-in, separable lean and fat, unheated",12.5,4.176,0.8,13.99,0.0,171.7,4,0,4-0
"Pork, cured, ham -- water added, whole, boneless, separable lean and fat, heated, roasted",5.48,1.787,1.54,17.77,0.0,126.6,4,0,4-0
"Pork, cured, ham and water product, rump, bone-in, separable lean and fat, heated, roasted",11.48,3.783,1.15,19.46,0.0,185.8,4,0,4-0
"Pork, cured, ham and water product, shank, bone-in, separable lean and fat, heated, roasted",17.29,5.715,1.42,18.17,0.0,234.0,4,0,4-0
"Pork, cured, ham and water product, slice, bone-in, separable lean and fat, heated, pan-broil",7.78,2.586,1.41,19.85,0.0,155.1,4,0,4-0
"Pork, cured, ham with natural juices, slice, boneless, separable lean and fat, heated, pan-broil",3.4,1.054,1.04,20.89,0.0,118.3,4,0,4-0
"Pork, cured, ham with natural juices, spiral slice, boneless, separable lean and fat, heated, roasted",5.1,0.95,1.06,22.18,0.0,138.9,4,0,4-0
"Pork, cured, ham with natural juices, whole, boneless, separable lean and fat, heated, roasted",3.13,1.084,0.84,20.54,0.0,113.7,4,0,4-0
"Pork, cured, ham, rump, bone-in, separable lean and fat, heated, roasted",8.88,2.85,0.64,23.95,0.0,178.3,4,0,4-0
"Pork, cured, ham, shank, bone-in, separable lean and fat, heated, roasted",9.35,3.018,0.64,24.39,0.0,184.3,4,0,4-0
"Pork, cured, ham, shank, bone-in, separable lean and fat, unheated",9.85,3.18,0.41,21.61,0.0,176.7,4,0,4-0
"Pork, cured, ham, slice, bone-in, separable lean and fat, heated, pan-broil",8.48,2.75,0.7,25.48,0.0,181.0,4,0,4-0
"Pork, cured, ham, slice, bone-in, separable lean only, unheated",3.59,1.099,0.0,24.36,0.0,129.8,4,0,4-0
"Pork, fresh, enhanced, loin, tenderloin, separable lean only, raw",2.09,0.671,0.0,20.39,0.0,100.4,4,0,4-0
"Pork, fresh, shoulder, (Boston butt), blade (steaks), separable lean only, with added solution cooked, braised",12.14,4.62,0.0,27.58,0.0,219.6,4,0,4-0
"Pork, fresh, shoulder, (Boston butt), blade (steaks), separable lean only, with added solution, raw",5.36,1.873,0.18,18.29,0.0,122.1,4,0,4-0
"Pork, fresh, loin, top loin (chops), boneless, separable lean only, with added solution, cooked, broiled",5.73,1.957,0.0,29.65,0.0,170.2,4,0,4-0
"Pork, fresh, shoulder, (Boston butt), blade (steaks), separable lean and fat,with added solution, raw",11.12,3.912,0.16,17.19,0.0,169.5,4,0,4-0
"Pork, fresh, shoulder, (Boston butt), blade (steaks), separable lean and fat, with added solution, cooked, braised",16.94,6.288,0.03,25.84,0.0,255.9,4,0,4-0
"Pork, cured, ham, rump, bone-in, separable lean and fat, unheated",9.38,3.008,0.52,22.27,0.0,175.6,4,0,4-0
"Pork, loin, leg cap steak, boneless, separable lean and fat, cooked, broiled",4.41,1.358,0.0,27.57,0.0,150.0,4,0,4-0
"Pork, Shoulder petite tender, boneless, separable lean and fat, raw",3.91,1.012,0.0,21.65,0.0,121.8,4,0,4-0
"Pork, Leg sirloin tip roast, boneless, separable lean and fat, cooked, braised",2.56,0.791,0.0,31.11,0.0,147.5,4,0,4-0
"Pork, Leg sirloin tip roast, boneless, separable lean and fat, raw",1.71,0.524,0.0,22.88,0.0,106.9,4,0,4-0
"Pork, ground, 84% lean / 16% fat, raw",16.0,4.93,0.44,17.99,0.0,217.7,4,0,4-0
"Pork, ground, 72% lean / 28% fat, cooked, pan-broiled",31.42,10.804,1.08,22.59,0.0,377.5,2,0,2-0
"Pork, ground, 84% lean / 16% fat, cooked, pan-broiled",21.39,7.453,0.0,27.14,0.0,301.1,4,0,4-0
"Pork, ground, 96% lean / 4% fat, cooked, pan-broiled",6.2,1.86,0.57,31.69,0.0,184.8,4,0,4-0
"Pork loin, fresh, backribs, bone-in, raw, lean only",9.84,3.477,0.0,20.85,0.0,172.0,4,0,4-0
"Pork loin, fresh, backribs, bone-in, cooked-roasted, lean only",17.65,6.221,0.0,24.15,0.0,255.4,4,0,4-0
"Pork, fresh, loin, country-style ribs, separable lean only, bone-in, cooked, broiled",11.65,3.096,0.0,27.83,0.0,216.2,4,0,4-0
"Pork, fresh, loin, country-style ribs, separable lean only, boneless, cooked, roasted",11.38,4.079,0.0,29.2,0.0,219.2,4,0,4-0
"Pork, fresh, blade, (chops), boneless, separable lean and fat, cooked, broiled",11.13,3.28,0.83,24.73,0.0,202.4,4,0,4-0
"Pork, fresh, loin, blade (chops or roasts), boneless, separable lean and fat only, raw",7.94,2.767,0.76,20.54,0.0,156.7,4,0,4-0
"Canadian bacon, cooked, pan-fried",2.78,1.039,1.8,28.31,0.0,145.5,4,0,4-0
"Moose, meat, raw (Alaska Native)",1.5,0.22,0.0,22.3,0.0,102.7,4,0,4-0
"Seal, bearded (Oogruk), meat, raw (Alaska Native)",0.4,0.0,0.0,26.7,0.0,110.4,4,0,4-0
"Oil, bearded seal (Oogruk) (Alaska Native)",99.6,10.926,0.0,0.56,0.0,898.6,3,0,3-0
"Fish, salmon, king, chinook, smoked, brined (Alaska Native)",30.0,6.97,0.0,39.9,0.0,429.6,2,0,2-0
"Duck, scoter, white-winged, meat (Alaska Native)",0.4,0.0,0.0,20.2,0.0,84.4,4,0,4-0
"Walrus, meat, dried (Alaska Native)",2.6,0.0,0.0,57.0,0.0,251.4,4,0,4-0
"Deer (venison), sitka, raw (Alaska Native)",2.66,0.63,0.0,21.5,0.0,109.9,4,0,4-0
"Whale, bowhead, skin and subcutaneous fat (muktuk) (Alaska Native)",46.1,6.56,0.0,12.6,0.0,465.3,2,0,2-0
"Fish, halibut, raw, with skin (Alaska Native)",2.92,0.726,1.81,20.53,0.0,115.6,4,0,4-0
"Fish, salmon, coho (silver), raw (Alaska Native)",5.57,0.904,0.0,22.56,0.0,140.4,4,0,4-0
"Oil, spotted seal (Alaska Native)",99.32,14.74,0.0,0.0,0.0,893.9,3,0,3-0
"Fish, salmon, red, canned, bones removed (Alaska Native)",5.76,0.92,0.0,27.31,0.0,161.1,4,0,4-0
"Fish, whitefish, eggs (Alaska Native)",2.88,0.496,4.89,14.66,0.0,104.1,4,0,4-0
"Caribou, rump meat, half dried (Alaska Native)",5.23,1.55,0.0,52.06,0.0,255.3,4,0,4-0
"Fish, salmon, red, (sockeye), canned, smoked (Alaska Native)",7.26,1.48,0.0,35.19,0.0,206.1,4,0,4-0
"Fish, salmon, red, (sockeye), kippered (Alaska Native)",4.75,0.8,0.0,24.5,0.0,140.8,4,0,4-0
"Fish, salmon, king, with skin, kippered, (Alaska Native)",12.95,2.44,0.0,23.19,0.0,209.3,4,0,4-0
"Fish, sheefish, raw (Alaska Native)",2.84,0.49,0.0,22.25,0.0,114.6,4,0,4-0
"Buffalo, free range, top round steak, raw (Shoshone Bannock)",1.3,0.418,0.0,21.44,0.0,97.5,4,0,4-0
"Seal, bearded (Oogruk), meat, partially dried (Alaska Native)",2.31,0.0,0.0,62.38,0.0,270.3,4,0,4-0
"Buffalo, free range, top round steak, cooked (Shoshone Bannock)",1.8,0.595,0.0,32.51,0.0,146.2,4,0,4-0
"Elk, free range, roast, eye of round, raw (Shoshone Bannock)",2.1,0.828,0.0,19.74,0.0,97.9,4,0,4-0
"Smelt, dried (Alaska Native)",17.9,3.59,0.0,56.19,0.0,385.9,4,0,4-0
"Seal, bearded (Oogruk), meat, dried (Alaska Native)",2.3,0.6,0.0,82.6,0.0,351.1,4,0,4-0
"Seal, ringed, meat (Alaska Native)",3.2,0.82,0.0,28.4,0.0,142.4,4,0,4-0
"Seal, ringed, liver (Alaska Native)",3.3,1.17,2.9,18.6,0.0,115.7,4,0,4-0
"Walrus, meat, raw (Alaska Native)",13.6,2.57,0.0,19.2,0.0,199.2,4,0,4-0
"Fish, whitefish, mixed species, raw (Alaska Native)",6.1,1.37,0.0,18.9,0.0,130.5,4,0,4-0
"Fish, salmon, sockeye (red), raw (Alaska Native)",7.28,1.007,0.0,21.94,0.0,153.3,4,0,4-0
"Fish, Salmon, Chum, raw (Alaska Native)",3.67,0.547,0.0,20.69,0.0,115.8,4,0,4-0
"Fish, salmon, king (chinook), raw (Alaska Native)",11.73,1.87,0.0,20.25,0.0,186.6,4,0,4-0
"Caribou, shoulder meat, dried (Alaska Native)",3.67,1.586,0.0,59.38,0.0,270.6,4,0,4-0
"Caribou, hind quarter meat, raw (Alaska Native)",3.37,1.27,0.0,22.63,0.0,120.8,4,0,4-0
"Seal, bearded (Oogruk), meat, dried, in oil (Alaska Native)",25.08,3.92,0.0,35.31,0.0,367.0,2,0,2-0
"Fish, whitefish, dried (Alaska Native)",13.44,2.85,0.0,62.44,0.0,370.7,4,0,4-0
"Fish, salmon, chum, dried (Alaska Native)",14.38,2.395,0.0,62.09,0.0,377.8,4,0,4-0
"Elk, free range, ground, cooked patties (Shoshone Bannock)",2.8,1.138,0.0,29.45,0.0,143.0,4,0,4-0
"Elk, free range, ground, raw (Shoshone Bannock)",1.8,0.706,0.0,20.14,0.0,96.8,4,0,4-0
"Elk, free range, roast, eye of round, cooked (Shoshone Bannock)",2.85,1.125,0.0,30.56,0.0,147.9,4,0,4-0
"Steelhead trout, dried, flesh (Shoshone Bannock)",8.06,0.829,0.0,77.27,0.0,381.6,4,0,4-0
"Steelhead trout, boiled, canned (Alaska Native)",8.26,1.53,0.0,21.11,0.0,158.8,4,0,4-0
Vital wheat gluten,1.85,0.272,13.79,75.16,0.6,372.4,4,0,4-0
"Nuts, almond butter, plain, without salt added",55.5,4.152,18.82,20.96,10.3,658.6,2,0,2-0
"Nuts, almonds, honey roasted, unblanched",49.9,4.73,27.9,18.17,13.7,633.4,2,0,2-0
"Seeds, sunflower seed kernels, oil roasted, with salt added",51.3,7.068,22.89,20.06,10.6,633.5,2,0,2-0
"Seeds, sunflower seed kernels, toasted, with salt added",56.8,5.953,20.59,17.21,11.5,662.4,2,0,2-0
"Seeds, sunflower seed butter, with salt added (Includes foods for USDA's Food Distribution Program)",55.2,4.678,23.32,17.28,5.7,659.2,2,0,2-0
"Nuts, almonds, dry roasted, with salt added",52.54,4.092,21.01,20.96,10.9,640.7,2,0,2-0
"Nuts, cashew butter, plain, with salt added",53.03,10.606,30.3,12.12,3.0,647.0,2,0,2-0
"Nuts, macadamia nuts, dry roasted, with salt added",76.08,11.947,12.83,7.79,8.0,767.2,3,0,3-0
"Nuts, mixed nuts, dry roasted, with peanuts, with salt added",51.45,6.5,25.35,17.3,9.0,633.7,2,0,2-0
"Nuts, mixed nuts, oil roasted, with peanuts, with salt added",53.95,8.711,21.05,20.04,7.0,649.9,2,0,2-0
"Nuts, almonds, oil roasted, lightly salted",55.17,4.207,17.68,21.23,10.5,652.2,2,0,2-0
"Nuts, almond butter, plain, with salt added",55.5,6.55,18.82,20.96,10.3,658.6,2,0,2-0
"Seeds, sesame butter, tahini, type of kernels unspecified",53.01,7.423,21.5,17.4,4.7,632.7,2,0,2-0
"Beef, retail cuts, separable fat, raw",70.89,29.45,0.0,8.21,0.0,670.8,3,0,3-0
"Beef, retail cuts, separable fat, cooked",70.33,28.5,0.0,10.65,0.0,675.6,3,0,3-0
"Beef, brisket, whole, separable lean only, all grades, raw",7.37,2.59,0.6,20.72,0.0,151.6,4,0,4-0
"Beef, grass-fed, ground, raw",12.73,5.335,0.0,19.42,0.0,192.2,4,0,4-0
"Beef, flank, steak, separable lean only, trimmed to 0"" fat, choice, raw",6.29,2.612,0.0,21.72,0.0,143.5,4,0,4-0
"Beef, flank, steak, separable lean only, trimmed to 0"" fat, choice, cooked, braised",13.0,5.54,0.0,28.02,0.0,229.1,4,0,4-0
"Beef, flank, steak, separable lean only, trimmed to 0"" fat, choice, cooked, broiled",8.32,3.452,0.0,27.82,0.0,186.2,4,0,4-0
"Beef, rib, eye, small end (ribs 10-12), separable lean and fat, trimmed to 0"" fat, choice, raw",22.07,9.0,0.0,17.51,0.0,268.7,4,0,4-0
"Beef, rib, shortribs, separable lean and fat, choice, cooked, braised",41.98,17.8,0.0,21.57,0.0,464.1,2,0,2-0
"Beef, rib, shortribs, separable lean only, choice, raw",10.19,4.33,0.4,19.05,0.0,169.5,4,0,4-0
"Beef, rib, shortribs, separable lean only, choice, cooked, braised",18.13,7.74,0.0,30.76,0.0,286.2,4,0,4-0
"Beef, round, full cut, separable lean only, trimmed to 1/4"" fat, choice, cooked, broiled",7.31,2.56,0.0,29.21,0.0,182.6,4,0,4-0
"Beef, round, full cut, separable lean only, trimmed to 1/4"" fat, select, cooked, broiled",5.22,1.83,0.0,29.25,0.0,164.0,4,0,4-0
"Beef, short loin, porterhouse steak, separable lean only, trimmed to 1/8"" fat, choice, cooked, grilled",11.36,4.407,0.0,27.65,0.0,212.8,4,0,4-0
"Beef, short loin, t-bone steak, bone-in, separable lean only, trimmed to 1/8"" fat, choice, raw",7.27,2.782,0.0,22.1,0.0,153.8,4,0,4-0
"Beef, rib eye, small end (ribs 10-12), separable lean only, trimmed to 0"" fat, select, raw",6.57,2.65,0.0,21.17,0.0,143.8,4,0,4-0
"Beef, variety meats and by-products, brain, raw",10.3,2.3,1.05,10.86,0.0,140.3,4,0,4-0
"Beef, variety meats and by-products, brain, cooked, pan-fried",15.83,3.74,0.0,12.57,0.0,192.8,4,0,4-0
"Beef, variety meats and by-products, brain, cooked, simmered",10.53,2.394,1.48,11.67,0.0,147.4,4,0,4-0
"Beef, variety meats and by-products, heart, raw",3.94,1.383,0.14,17.72,0.0,106.9,4,0,4-0
"Beef, variety meats and by-products, liver, cooked, braised",5.26,2.947,5.13,29.08,0.0,184.2,4,0,4-0
"Beef, variety meats and by-products, liver, cooked, pan-fried",4.68,2.53,5.16,26.52,0.0,168.8,4,0,4-0
"Beef, variety meats and by-products, lungs, raw",2.5,0.86,0.0,16.2,0.0,87.3,4,0,4-0
"Beef, variety meats and by-products, lungs, cooked, braised",3.7,1.27,0.0,20.4,0.0,114.9,4,0,4-0
"Beef, variety meats and by-products, mechanically separated beef, raw",23.52,11.78,0.0,14.97,0.0,271.6,2,0,2-0
"Beef, loin, top loin steak, boneless, lip off, separable lean and fat, trimmed to 0"" fat, select, cooked, grilled",9.12,3.667,0.0,29.16,0.0,198.7,4,0,4-0
"Beef, loin, top loin steak, boneless, lip off, separable lean only, trimmed to 0"" fat, all grades, cooked, grilled",8.41,3.413,0.0,29.53,0.0,193.8,4,0,4-0
"Beef, top sirloin, steak, separable lean and fat, trimmed to 0"" fat, select, cooked, broiled",8.8,3.417,0.0,29.65,0.0,197.8,4,0,4-0
"Beef, top sirloin, steak, separable lean only, trimmed to 0"" fat, all grades, cooked, broiled",5.79,2.205,0.0,30.55,0.0,174.3,4,0,4-0
"Beef, top sirloin, steak, separable lean only, trimmed to 0"" fat, choice, cooked, broiled",6.55,2.495,0.0,30.29,0.0,180.1,4,0,4-0
"Beef, top sirloin, steak, separable lean only, trimmed to 0"" fat, select, cooked, broiled",5.03,1.915,0.0,30.8,0.0,168.5,4,0,4-0
"Beef, short loin, porterhouse steak, separable lean only,  trimmed to 1/8"" fat, all grades, cooked, grilled",10.32,4.026,0.0,28.16,0.0,205.5,4,0,4-0
"Beef, short loin, porterhouse steak, separable lean only, trimmed to 0"" fat, all grades, cooked, broiled",11.18,3.912,0.0,26.07,0.0,204.9,4,0,4-0
"Beef, short loin, porterhouse steak, separable lean only, trimmed to 0"" fat, choice, cooked, broiled",12.8,4.345,0.0,25.51,0.0,217.2,4,0,4-0
"Beef, short loin, porterhouse steak, separable lean only, trimmed to 1/8"" fat, select, cooked, grilled",8.76,3.454,0.0,28.92,0.0,194.5,4,0,4-0
"Beef, short loin, t-bone steak, bone-in, separable lean only, trimmed to 1/8"" fat, all grades, raw",6.5,2.53,0.0,22.22,0.0,147.4,4,0,4-0
"Beef, short loin, t-bone steak, bone-in, separable lean only, trimmed to 1/8"" fat, all grades, cooked, grilled",10.37,4.219,0.0,27.86,0.0,204.8,4,0,4-0
"Beef, short loin, t-bone steak, separable lean only, trimmed to 0"" fat, choice, cooked, broiled",9.61,3.27,0.0,25.98,0.0,190.4,4,0,4-0
"Beef, short loin, t-bone steak, bone-in, separable lean only, trimmed to 1/8"" fat, select, raw",5.34,2.152,0.0,22.41,0.0,137.7,4,0,4-0
"Beef, round, tip round, roast, separable lean and fat, trimmed to 0"" fat, choice, raw",7.73,3.066,0.0,20.16,0.0,150.2,4,0,4-0
"Beef, round, tip round, roast, separable lean and fat, trimmed to 0"" fat, select, raw",6.28,2.489,0.0,20.8,0.0,139.7,4,0,4-0
"Beef, rib, eye, small end (ribs 10- 12) separable lean only, trimmed to 0"" fat, select, cooked, broiled",6.05,2.305,0.0,29.93,0.0,174.2,4,0,4-0
"Beef, round, top round steak, boneless, separable lean only, trimmed to 0"" fat, all grades, cooked, grilled",3.77,1.556,0.0,30.09,0.0,154.3,4,0,4-0
"Beef, ground, 70% lean meat / 30% fat, patty cooked, pan-broiled",15.54,6.075,0.0,22.86,0.0,231.3,4,0,4-0
"Beef, ground, 70% lean meat / 30% fat, patty, cooked, broiled",18.66,7.344,0.0,25.38,0.0,269.5,4,0,4-0
"Beef, ground, 70% lean meat / 30% fat, raw",30.0,11.754,0.0,14.35,0.0,327.4,2,0,2-0
"Beef, chuck, under blade center steak, boneless, Denver Cut, separable lean only, trimmed to 0"" fat, select, raw",8.54,3.449,0.21,19.71,0.0,156.5,4,0,4-0
"Beef, shoulder top blade steak, boneless, separable lean only, trimmed to 0"" fat, all grades, cooked, grilled",9.23,3.771,0.0,28.15,0.0,195.7,4,0,4-0
"Beef, shoulder top blade steak, boneless, separable lean only, trimmed to 0"" fat, select, raw",5.73,2.472,0.0,20.39,0.0,133.1,4,0,4-0
"Beef, brisket, flat half, boneless separable lean only, trimmed to 0"" fat, all grades, raw",5.11,1.844,0.0,21.47,0.0,131.9,4,0,4-0
"Beef, brisket, flat half, boneless, separable lean only, trimmed to 0"" fat, choice, raw",5.75,1.993,0.0,21.28,0.0,136.9,4,0,4-0
"Beef, brisket, flat half, boneless, separable lean only, trimmed to 0"" fat, select, raw",4.14,1.58,0.0,21.74,0.0,124.2,4,0,4-0
"Beef, shoulder top blade steak, boneless, separable lean and fat, trimmed to 0"" fat, choice, cooked, grilled",12.26,4.968,0.0,27.51,0.0,220.4,4,0,4-0
"Beef, chuck eye roast, boneless, America's Beef Roast, separable lean and fat, trimmed to 0"" fat, all grades, raw",11.48,5.042,0.0,19.18,0.0,180.0,4,0,4-0
"Beef, chuck eye roast, boneless, America's Beef Roast, separable lean and fat, trimmed to 0"" fat, choice, raw",12.02,5.072,0.0,19.14,0.0,184.7,4,0,4-0
"Beef, chuck eye roast, boneless, America's Beef Roast, separable lean and fat, trimmed to 0"" fat, select, raw",10.67,4.998,0.0,19.25,0.0,173.0,4,0,4-0
"Beef, composite of trimmed retail cuts, separable lean and fat, trimmed to 1/8"" fat, select, cooked",15.09,6.163,0.0,26.06,0.0,240.0,4,0,4-0
"Beef, brisket, whole, separable lean and fat, trimmed to 1/8"" fat, all grades, raw",19.06,7.53,0.56,18.42,0.0,247.5,4,0,4-0
"Beef, brisket, whole, separable lean and fat, trimmed to 1/8"" fat, all grades, cooked, braised",24.5,9.44,0.0,25.85,0.0,323.9,2,0,2-0
"Beef, brisket, flat half, separable lean and fat, trimmed to 1/8"" fat, all grades, raw",22.18,8.951,0.0,17.94,0.0,271.4,4,0,4-0
"Beef, chuck, arm pot roast, separable lean and fat, trimmed to 1/8"" fat, all grades, cooked, braised",19.22,7.62,0.0,30.12,0.0,293.5,4,0,4-0
"Beef, chuck, arm pot roast, separable lean and fat, trimmed to 1/8"" fat, choice, raw",18.57,7.492,0.0,19.14,0.0,243.7,4,0,4-0
"Beef, chuck, arm pot roast, separable lean and fat, trimmed to 1/8"" fat, choice, cooked, braised",19.93,7.902,0.0,30.2,0.0,300.2,4,0,4-0
"Beef, chuck, arm pot roast, separable lean and fat, trimmed to 1/8"" fat, select, raw",17.39,7.016,0.0,19.33,0.0,233.8,4,0,4-0
"Beef, chuck, blade roast, separable lean and fat, trimmed to 1/8"" fat, choice, cooked, braised",27.26,10.86,0.0,26.37,0.0,350.8,2,0,2-0
"Beef, chuck, blade roast, separable lean and fat, trimmed to 1/8"" fat, select, raw",17.33,6.99,0.0,17.37,0.0,225.4,4,0,4-0
"Beef, chuck, blade roast, separable lean and fat, trimmed to 1/8"" fat, select, cooked, braised",22.35,8.89,0.0,27.33,0.0,310.5,4,0,4-0
"Beef, chuck eye roast, boneless, America's Beef Roast, separable lean only, trimmed to 0"" fat, all grades, cooked, roasted",8.46,3.422,0.0,26.65,0.0,182.7,4,0,4-0
"Beef, rib, whole (ribs 6-12), separable lean and fat, trimmed to 1/8"" fat, choice, raw",27.93,11.51,0.0,16.34,0.0,316.7,2,0,2-0
"Beef, rib, whole (ribs 6-12), separable lean and fat, trimmed to 1/8"" fat, choice, cooked, broiled",28.5,11.57,0.0,22.26,0.0,345.5,2,0,2-0
"Beef, rib, whole (ribs 6-12), separable lean and fat, trimmed to 1/8"" fat, choice, cooked, roasted",29.79,12.01,0.0,22.6,0.0,358.5,2,0,2-0
"Beef, rib, whole (ribs 6-12), separable lean and fat, trimmed to 1/8"" fat, select, raw",23.95,9.88,0.0,16.75,0.0,282.5,2,0,2-0
"Beef, rib, whole (ribs 6-12), separable lean and fat, trimmed to 1/8"" fat, prime, cooked, roasted",33.7,13.96,0.0,22.57,0.0,393.6,2,0,2-0
"Beef, rib, large end (ribs 6-9), separable lean and fat, trimmed to 1/8"" fat, all grades, raw",27.29,11.29,0.0,16.26,0.0,310.6,2,0,2-0
"Beef, rib, large end (ribs 6-9), separable lean and fat, trimmed to 1/8"" fat, all grades, cooked, broiled",27.22,11.06,0.0,21.55,0.0,331.2,2,0,2-0
"Beef, rib, large end (ribs 6-9), separable lean and fat, trimmed to 1/8"" fat, all grades, cooked, roasted",28.51,11.5,0.0,23.01,0.0,348.6,2,0,2-0
"Beef, rib, large end (ribs 6-9), separable lean and fat, trimmed to 1/8"" fat, select, cooked, broiled",25.71,10.43,0.0,21.55,0.0,317.6,2,0,2-0
"Beef, rib, large end (ribs 6-9), separable lean and fat, trimmed to 1/8"" fat, select, cooked, roasted",25.84,10.42,0.0,23.4,0.0,326.2,2,0,2-0
"Beef, rib, large end (ribs 6-9), separable lean and fat, trimmed to 1/8"" fat, prime, raw",33.26,13.96,0.0,15.77,0.0,362.4,2,0,2-0
"Beef, rib, large end (ribs 6-9), separable lean and fat, trimmed to 1/8"" fat, prime, cooked, broiled",34.97,14.51,0.0,20.65,0.0,397.3,2,0,2-0
"Beef, rib, large end (ribs 6-9), separable lean and fat, trimmed to 1/8"" fat, prime, cooked, roasted",32.74,13.59,0.0,22.86,0.0,386.1,2,0,2-0
"Beef, rib, small end (ribs 10-12), separable lean and fat, trimmed to 1/8"" fat, choice, cooked, broiled",22.09,8.7,0.0,24.53,0.0,296.9,4,0,4-0
"Beef, rib, small end (ribs 10-12), separable lean and fat, trimmed to 1/8"" fat, choice, cooked, roasted",29.21,11.78,0.0,22.28,0.0,352.0,2,0,2-0
"Beef, rib, small end (ribs 10-12), separable lean and fat, trimmed to 1/8"" fat, select, raw",18.0,7.264,0.0,19.56,0.0,240.2,4,0,4-0
"Beef, rib, small end (ribs 10-12), separable lean and fat, trimmed to 1/8"" fat, select, cooked, broiled",18.0,7.088,0.0,27.17,0.0,270.7,4,0,4-0
"Beef, shoulder top blade steak, boneless, separable lean and fat, trimmed to 0"" fat, select, cooked, grilled",9.29,3.868,0.0,27.7,0.0,194.4,4,0,4-0
"Beef, shoulder top blade steak, boneless, separable lean and fat, trimmed to 0"" fat, all grades, raw",7.25,3.153,0.0,20.16,0.0,145.9,4,0,4-0
"Beef, round, full cut, separable lean and fat, trimmed to 1/8"" fat, choice, raw",11.92,4.63,0.0,20.56,0.0,189.5,4,0,4-0
"Beef, round, full cut, separable lean and fat, trimmed to 1/8"" fat, choice, cooked, broiled",12.98,4.9,0.0,27.54,0.0,227.0,4,0,4-0
"Beef, round, bottom round, roast, separable lean and fat, trimmed to 1/8"" fat, all grades, cooked, roasted",11.64,4.418,0.0,26.41,0.0,210.4,4,0,4-0
"Beef, round, bottom round, steak, separable lean and fat, trimmed to 1/8"" fat, choice, raw",12.15,4.784,0.0,20.71,0.0,192.2,4,0,4-0
"Beef, round, bottom round, steak, separable lean and fat, trimmed to 1/8"" fat, choice, cooked, braised",12.56,4.766,0.0,32.85,0.0,244.4,4,0,4-0
"Beef, round, bottom round, roast, separable lean and fat, trimmed to 1/8"" fat, choice, cooked, roasted",12.44,4.721,0.0,26.05,0.0,216.2,4,0,4-0
"Beef, round, bottom round, steak, separable lean and fat, trimmed to 1/8"" fat, select, raw",10.93,4.303,0.0,20.68,0.0,181.1,4,0,4-0
"Beef, round, eye of round, roast, separable lean and fat, trimmed to 1/8"" fat, choice, raw",8.91,3.509,0.0,21.68,0.0,166.9,4,0,4-0
"Beef, round, eye of round, roast, separable lean and fat, trimmed to 1/8"" fat, choice, cooked, roasted",10.05,3.813,0.0,28.48,0.0,204.4,4,0,4-0
"Beef, round, eye of round, roast, separable lean and fat, trimmed to 1/8"" fat, select, raw",7.57,2.98,0.08,21.3,0.0,153.6,4,0,4-0
"Beef, round, eye of round, roast, separable lean and fat, trimmed to 1/8"" fat, select, cooked, roasted",9.26,3.515,0.0,28.13,0.0,195.9,4,0,4-0
"Beef, round, tip round, separable lean and fat, trimmed to 1/8"" fat, select, raw",10.39,4.1,0.0,19.74,0.0,172.5,4,0,4-0
"Beef, round, tip round, roast, separable lean and fat, trimmed to 1/8"" fat, select, cooked, roasted",10.24,3.81,0.0,27.63,0.0,202.7,4,0,4-0
"Beef, shoulder top blade steak, boneless, separable lean and fat, trimmed to 0"" fat, choice, raw",7.94,3.462,0.0,20.07,0.0,151.7,4,0,4-0
"Beef, round, top round, separable lean only, trimmed to 1/8"" fat, choice, cooked, pan-fried",8.33,2.399,2.03,33.93,0.0,218.8,4,0,4-0
"Beef, round, top round, separable lean and fat, trimmed to 1/8"" fat, choice, cooked, braised",11.61,4.33,0.0,34.09,0.0,240.8,4,0,4-0
"Beef, round, top round, steak, separable lean and fat, trimmed to 1/8"" fat, choice, cooked, broiled",10.27,3.898,0.0,30.7,0.0,215.2,4,0,4-0
"Beef, round, top round, separable lean and fat, trimmed to 1/8"" fat, choice, cooked, pan-fried",13.83,4.64,0.0,32.99,0.0,256.4,4,0,4-0
"Beef, round, top round, steak, separable lean and fat, trimmed to 1/8"" fat, select, raw",7.68,3.023,0.0,22.18,0.0,157.8,4,0,4-0
"Beef, round, top round, separable lean and fat, trimmed to 1/8"" fat, select, cooked, braised",8.54,3.2,0.0,34.6,0.0,215.3,4,0,4-0
"Beef, brisket, flat half, boneless, separable lean and fat, trimmed to 0"" fat, all grades, raw",9.29,3.592,0.0,20.32,0.0,164.9,4,0,4-0
"Beef, short loin, porterhouse steak, separable lean and fat, trimmed to 1/8"" fat, choice, raw",14.58,6.171,0.0,20.36,0.0,212.7,4,0,4-0
"Beef, short loin, porterhouse steak, separable lean and fat, trimmed to 1/8"" fat, choice, cooked, grilled",19.78,7.905,0.0,24.85,0.0,277.4,4,0,4-0
"Beef, short loin, t-bone steak, separable lean and fat, trimmed to 1/8"" fat, choice, raw",15.83,6.684,0.0,20.0,0.0,222.5,4,0,4-0
"Beef, short loin, top loin, steak, separable lean and fat, trimmed to 1/8"" fat, choice, cooked, grilled",18.45,7.264,0.0,26.16,0.0,270.7,4,0,4-0
"Beef, loin, top loin, separable lean and fat, trimmed to 1/8"" fat, select, raw",15.04,6.067,0.0,20.59,0.0,217.7,4,0,4-0
"Beef, loin, top loin, separable lean and fat, trimmed to 1/8"" fat, select, cooked, grilled",15.11,5.951,0.0,26.72,0.0,242.9,4,0,4-0
"Beef, short loin, top loin, steak, separable lean and fat, trimmed to 1/8"" fat, prime, raw",22.17,9.08,0.0,19.0,0.0,275.5,4,0,4-0
"Beef, tenderloin, steak, separable lean and fat, trimmed to 1/8"" fat, choice, cooked, broiled",17.78,7.001,0.0,26.43,0.0,265.7,4,0,4-0
"Beef, tenderloin, roast, separable lean and fat, trimmed to 1/8"" fat, choice, cooked, roasted",25.39,10.02,0.0,23.9,0.0,324.1,2,0,2-0
"Beef, tenderloin, steak, separable lean and fat, trimmed to 1/8"" fat, select, raw",18.46,7.451,0.0,19.37,0.0,243.6,4,0,4-0
"Beef, tenderloin, steak, separable lean and fat, trimmed to 1/8"" fat, select, cooked, broiled",16.53,6.511,0.0,26.48,0.0,254.7,4,0,4-0
"Beef, top sirloin, steak, separable lean and fat, trimmed to 1/8"" fat, all grades, raw",12.71,5.127,0.0,20.3,0.0,195.6,4,0,4-0
"Beef, top sirloin, steak, separable lean and fat, trimmed to 1/8"" fat, all grades, cooked, broiled",14.23,5.603,0.0,26.96,0.0,235.9,4,0,4-0
"Beef, top sirloin, steak, separable lean and fat, trimmed to 1/8"" fat, choice, raw",14.28,5.763,0.0,19.92,0.0,208.2,4,0,4-0
"Beef, top sirloin, steak, separable lean and fat, trimmed to 1/8"" fat, choice, cooked, broiled",15.75,6.202,0.0,26.8,0.0,249.0,4,0,4-0
"Beef, chuck, clod roast, separable lean only, trimmed to 0"" fat, select, cooked, roasted",5.82,2.15,0.0,28.09,0.0,164.7,4,0,4-0
"Beef, shoulder steak, boneless, separable lean only, trimmed to 0"" fat, choice, cooked, grilled",6.25,2.596,0.0,28.54,0.0,170.4,4,0,4-0
"Beef, shoulder steak, boneless, separable lean only, trimmed to 0"" fat, select, cooked, grilled",5.17,2.192,0.0,28.71,0.0,161.4,4,0,4-0
"Beef, flank, steak, separable lean and fat, trimmed to 0"" fat, all grades, cooked, broiled",8.23,3.395,0.0,27.66,0.0,184.7,4,0,4-0
"Beef, bottom sirloin, tri-tip roast, separable lean and fat, trimmed to 0"" fat, all grades, raw",8.55,3.14,0.0,20.64,0.0,159.5,4,0,4-0
"Beef, bottom sirloin, tri-tip roast, separable lean and fat, trimmed to 0"" fat, choice, cooked, roasted",12.36,4.546,0.0,25.66,0.0,213.9,4,0,4-0
"Beef, bottom sirloin, tri-tip roast, separable lean and fat, trimmed to 0"" fat, choice, raw",9.51,3.493,0.0,20.64,0.0,168.2,4,0,4-0
"Beef, bottom sirloin, tri-tip roast, separable lean and fat, trimmed to 0"" fat, select, cooked, roasted",9.78,3.595,0.0,26.44,0.0,193.8,4,0,4-0
"Beef, chuck, top blade, separable lean only, trimmed to 0"" fat, choice, cooked, broiled",11.65,3.62,0.0,26.11,0.0,209.3,4,0,4-0
"Beef, chuck, top blade, separable lean only, trimmed to 0"" fat, select, cooked, broiled",8.0,2.71,0.0,26.16,0.0,176.6,4,0,4-0
"Beef, round, top round steak, boneless, separable lean and fat, trimmed to 0"" fat, choice, cooked, grilled",4.62,1.769,0.0,30.12,0.0,162.1,4,0,4-0
"Beef, round, top round steak, boneless, separable lean and fat, trimmed to 0"" fat, select, cooked, grilled",3.85,1.502,0.0,29.7,0.0,153.4,4,0,4-0
"Beef, chuck eye roast, boneless, America's Beef Roast, separable lean only, trimmed to 0"" fat, select, raw",5.71,1.61,0.0,20.52,0.0,133.5,4,0,4-0
"Beef, brisket, flat half, boneless, separable lean and fat, trimmed to 0"" fat, choice, raw",9.86,3.704,0.0,20.15,0.0,169.3,4,0,4-0
"Beef, plate, inside skirt steak, separable lean only, trimmed to 0"" fat, all grades, cooked, broiled",10.06,3.85,0.0,26.66,0.0,197.2,4,0,4-0
"Beef, plate, outside skirt steak, separable lean only, trimmed to 0"" fat, all grades, cooked, broiled",14.37,5.97,0.0,24.18,0.0,226.0,4,0,4-0
"Snacks, pork skins, barbecue-flavor",31.8,11.56,1.6,57.9,0.0,524.2,2,0,2-0
"Chicken, thighs, frozen, breaded, reheated",22.45,5.207,14.23,18.66,0.1,333.6,2,0,2-0
"APPLEBEE'S, Double Crunch Shrimp",18.9,3.366,25.96,12.31,2.6,323.2,2,0,2-0
"APPLEBEE'S, mozzarella sticks",18.37,6.73,22.87,14.87,2.1,316.3,2,0,2-0
"APPLEBEE'S, chicken tenders, from kids' menu",16.15,2.852,18.36,19.25,1.2,295.8,4,0,4-0
"T.G.I. FRIDAY'S, chicken fingers, from kids' menu",20.78,3.916,17.72,18.11,0.9,330.3,2,0,2-0
"T.G.I. FRIDAY'S, classic sirloin steak (10 oz)",7.83,2.451,0.47,31.02,0.0,196.4,4,0,4-0
"Restaurant, family style, fried mozzarella sticks",18.33,6.848,25.14,14.75,2.0,324.5,2,0,2-0
"Restaurant, family style, sirloin steak",8.48,3.143,0.0,29.8,0.0,195.5,4,0,4-0
"APPLEBEE'S, chili",9.79,4.15,4.57,12.56,1.4,156.6,4,0,4-0
"T.G.I. FRIDAY'S, chicken fingers",20.31,3.905,16.84,18.68,0.8,324.9,2,0,2-0
"DENNY'S, chicken strips",14.5,2.585,22.03,19.17,1.1,295.3,4,0,4-0
"DENNY'S, fish fillet, battered or breaded, fried",12.16,2.139,17.41,13.75,1.0,234.1,4,0,4-0
"Restaurant, family style, chili with meat and beans",9.79,4.023,4.57,12.56,1.4,156.6,4,0,4-0
"ON THE BORDER, cheese quesadilla",25.5,12.976,24.25,16.87,2.2,394.0,2,0,2-0
"Restaurant, Mexican, cheese quesadilla",23.08,11.559,24.11,15.93,1.7,367.9,2,0,2-0
"Cheese, muenster, low fat",17.6,10.95,3.5,24.7,0.0,271.2,4,0,4-0
"Cheese, mozzarella, nonfat",0.0,0.0,3.5,31.7,1.8,140.8,4,0,4-0
"Margarine-like, butter-margarine blend, 80% fat, stick, without salt",80.7,26.904,0.6,0.9,0.0,732.3,3,0,3-0
"Margarine-like, vegetable oil-butter spread, reduced calorie, tub, with salt",50.0,16.669,1.0,1.0,0.0,458.0,2,0,2-0
"Salad dressing, caesar dressing, regular",57.85,8.789,3.3,2.17,0.5,542.5,2,0,2-0
"Salad dressing, coleslaw",34.53,5.343,22.4,0.85,0.0,403.8,2,0,2-0
"Salad dressing, green goddess, regular",43.33,5.978,7.36,1.9,0.1,427.0,2,0,2-0
"Luncheon slices, meatless",11.11,1.338,4.44,17.78,1.1,188.9,4,0,4-0
"Meatballs, meatless",9.0,1.425,8.0,21.0,4.6,197.0,4,0,4-0
Vegetarian fillets,18.0,2.849,9.0,23.0,6.1,290.0,4,0,4-0
"Cheese, cream, low fat",16.67,10.0,6.73,7.85,0.0,208.4,4,0,4-0
"Cheese, pasteurized process, American, low fat",7.0,4.41,3.5,24.6,0.0,175.4,4,0,4-0
"Cheese spread, cream cheese base",28.6,18.02,3.5,7.1,0.0,299.8,2,0,2-0
"Pork, oriental style, dehydrated",62.4,23.056,1.4,11.8,0.0,614.4,3,0,3-0
"Soybean, curd cheese",8.1,1.172,6.9,12.5,0.0,150.5,4,0,4-0
"Pork, cured, ham -- water added, whole, boneless, separable lean only, heated, roasted",4.39,1.424,1.57,17.99,0.0,117.8,4,0,4-0
"Pork, cured, ham -- water added, whole, boneless, separable lean only, unheated",3.97,1.428,1.45,17.34,0.0,110.9,4,0,4-0
"Pork, cured, ham and water product, shank, bone-in, separable lean only, heated, roasted",4.45,1.471,1.26,21.69,0.0,131.9,4,0,4-0
"Pork, cured, ham -- water added, slice, bone-in, separable lean only, unheated",2.29,0.768,1.23,17.38,0.0,95.0,4,0,4-0
"Pork, cured, ham and water product, rump, bone-in, separable lean only, unheated",3.38,1.105,1.24,17.93,0.0,107.1,4,0,4-0
"Pork, cured, ham and water product, slice, bone-in, separable lean only, unheated",3.78,1.266,2.82,14.47,0.0,103.2,4,0,4-0
"Pork, cured, ham and water product, shank, bone-in, unheated, separable lean only",4.18,1.384,1.2,17.53,0.0,112.5,4,0,4-0
"Pork, cured, ham, separable fat, boneless, heated",51.57,17.048,2.0,8.77,0.0,507.2,2,0,2-0
"Pork, cured, ham, separable fat, boneless, unheated",53.0,17.433,1.87,7.5,0.0,514.5,2,0,2-0
"Pork, pickled pork hocks",10.54,3.231,0.0,19.11,0.0,171.3,4,0,4-0
"Pork, cured, ham, slice, bone-in, separable lean only, heated, pan-broil",4.09,1.253,0.74,27.18,0.0,148.5,4,0,4-0
"Pork, cured, ham with natural juices, whole, boneless, separable lean and fat, unheated",3.43,1.005,1.02,19.38,0.0,112.5,4,0,4-0
"Pork, cured, ham and water product, whole, boneless, separable lean and fat, unheated",4.99,1.489,4.21,14.05,0.0,118.0,4,0,4-0
"Pork, cured, ham and water product, slice, bone-in, separable lean and fat, unheated",9.29,3.076,2.72,13.69,0.0,149.2,4,0,4-0
"Pork, cured, ham and water product, shank, bone-in, separable lean and fat, unheated",20.0,6.583,1.42,14.28,0.0,242.8,4,0,4-0
"Pork, cured, ham and water product, rump, bone-in, separable lean and fat, unheated",12.13,3.984,1.35,16.09,0.0,178.9,4,0,4-0
"Pork, cured, ham -- water added, rump, bone-in, separable lean and fat, heated, roasted",8.56,2.897,0.99,20.1,0.0,161.4,4,0,4-0
"Pork, cured, ham -- water added, shank, bone-in, separable lean and fat, heated, roasted",13.37,4.371,1.35,18.62,0.0,200.2,4,0,4-0
"Pork, cured, ham -- water added, slice, bone-in, separable lean and fat, heated, pan-broil",8.73,2.901,1.54,20.8,0.0,167.9,4,0,4-0
"Pork, cured, ham -- water added, slice, boneless, separable lean and fat, heated, pan-broil",5.05,1.717,1.72,18.62,0.0,126.8,4,0,4-0
"Pork, cured, ham and water product, slice, boneless, separable lean and fat, heated, pan-broil",5.13,1.553,4.69,15.08,0.0,125.2,4,0,4-0
"Pork, cured, ham and water product, whole, boneless, separable lean and fat, heated, roasted",5.46,1.841,4.61,13.88,0.0,123.1,4,0,4-0
"Pork, cured, ham with natural juices, rump, bone-in, separable lean and fat, heated, roasted",9.39,3.116,0.6,22.47,0.0,176.8,4,0,4-0
"Pork, cured, ham with natural juices, shank, bone-in, separable lean and fat, heated, roasted",10.93,3.545,0.33,22.88,0.0,191.2,4,0,4-0
"Pork, cured, ham with natural juices, slice, bone-in, separable lean and fat, heated, pan-broil",8.28,2.427,0.17,26.18,0.0,179.9,4,0,4-0
"Pork, cured, ham, rump, bone-in, separable lean only, heated, roasted",3.07,0.917,0.68,26.02,0.0,134.4,4,0,4-0
"Pork, cured, ham, rump, bone-in, separable lean only, unheated",2.92,0.874,0.32,24.46,0.0,125.4,4,0,4-0
"Pork, cured, ham, shank, bone-in, separable lean only, heated, roasted",3.68,1.134,0.68,26.49,0.0,141.8,4,0,4-0
"Pork, cured, ham, shank, bone-in, separable lean only, unheated",3.19,0.981,0.18,23.79,0.0,124.6,4,0,4-0
"Pork, cured, ham, slice, bone-in, separable lean and fat, unheated",9.17,2.945,0.21,22.45,0.0,173.2,4,0,4-0
"Pork, fresh, spareribs, separable lean and fat, cooked, roasted",30.86,9.242,0.0,20.89,0.0,361.3,2,0,2-0
"Pork, fresh, composite of separable fat, with added solution, raw",52.33,18.488,0.0,9.27,0.0,508.0,2,0,2-0
"Pork, fresh, loin, tenderloin, separable lean only, with added solution, cooked, roasted",3.15,1.077,0.31,21.61,0.0,116.0,4,0,4-0
"Pork, fresh, loin, top loin (chops), boneless, separable lean only, with added solution, raw",3.48,1.052,0.22,21.09,0.0,116.6,4,0,4-0
"Pork, fresh, loin, top loin (chops), boneless, separable lean and fat, with added solution, raw",10.26,2.53,0.0,19.45,0.0,170.1,4,0,4-0
"Pork, fresh, loin, top loin (chops), boneless, separable lean and fat, with added solution, cooked, broiled",9.42,3.268,0.02,28.33,0.0,198.2,4,0,4-0
"Pork, fresh, loin, tenderloin, separable lean and fat, with added solution, raw",3.14,1.045,0.0,20.16,0.0,108.9,4,0,4-0
"Pork, fresh, loin, tenderloin, separable lean and fat, with added solution, cooked, roasted",3.7,1.27,0.31,21.5,0.0,120.5,4,0,4-0
"Pork, Leg Cap Steak, boneless, separable lean and fat, raw",3.39,1.187,0.0,21.64,0.0,117.1,4,0,4-0
"Pork, Shoulder breast, boneless, separable lean and fat, raw",3.4,1.074,0.0,22.54,0.0,120.8,4,0,4-0
"Pork, Shoulder breast, boneless, separable lean and fat, cooked, broiled",4.49,1.325,0.0,28.47,0.0,154.3,4,0,4-0
"Pork, shoulder, petite tender, boneless, separable lean and fat, cooked, broiled",4.23,1.322,0.0,27.47,0.0,148.0,4,0,4-0
"Pork, ground, 96% lean / 4% fat, raw",4.0,1.42,0.21,21.1,0.0,121.2,4,0,4-0
"Pork, ground, 72% lean / 28% fat, cooked, crumbles",32.93,11.345,1.39,22.83,0.0,393.2,2,0,2-0
"Pork, ground, 84% lean / 16% fat, cooked, crumbles",20.04,6.631,0.58,26.69,0.0,289.4,4,0,4-0
"Pork, ground, 96% lean / 4% fat, cooked, crumbles",7.15,1.951,0.0,30.55,0.0,186.6,4,0,4-0
"Pork, fresh, loin, blade (chops or roasts), boneless, separable lean only, raw",3.78,1.384,0.82,21.35,0.0,122.7,4,0,4-0
"Pork, fresh, loin, blade (roasts), boneless, separable lean only, cooked, roasted",7.14,2.56,0.0,27.58,0.0,174.6,4,0,4-0
"Pork, fresh, loin, blade (chops), boneless, separable lean only, boneless, cooked, broiled",6.74,1.638,0.89,26.14,0.0,168.8,4,0,4-0
"Pork, fresh, loin, country-style ribs, separable lean only, boneless, cooked, broiled",11.65,2.831,0.0,27.83,0.0,216.2,4,0,4-0
"Pork, fresh, loin, blade (roasts), boneless, separable lean and fat, cooked, roasted",10.32,3.706,0.0,26.48,0.0,198.8,4,0,4-0
"Pork, fresh, loin, country-style ribs, separable lean and fat, boneless, cooked, broiled",15.73,4.408,0.0,26.28,0.0,246.7,4,0,4-0
"Pork, fresh, loin, country-style ribs, separable lean and fat, bone-in, cooked, broiled",17.56,5.311,0.0,25.58,0.0,260.4,4,0,4-0
"Pork, fresh, loin, country-style ribs, separable lean and fat, boneless, cooked, roasted",18.31,6.581,0.0,26.4,0.0,270.4,4,0,4-0
"Seeds, sesame butter, tahini, from unroasted kernels (non-chemically removed seed coat)",56.44,7.904,17.89,17.95,9.3,651.3,2,0,2-0
"Seeds, sesame butter, tahini, from raw and stone ground kernels",48.0,6.722,26.19,17.81,9.3,608.0,2,0,2-0
"Nuts, formulated, wheat-based, all flavors except macadamia, without salt",62.3,9.37,20.79,13.11,5.2,696.3,3,0,3-0
"Seeds, sesame seed kernels, dried (decorticated)",61.21,9.055,11.73,20.45,11.6,679.6,2,0,2-0
"Seeds, flaxseed",42.16,3.663,28.88,18.29,27.3,568.1,2,0,2-0
"Seeds, pumpkin and squash seed kernels, roasted, with salt added",49.05,8.544,14.71,29.84,6.5,619.6,2,0,2-0
"Seeds, sesame seed kernels, toasted, with salt added (decorticated)",48.0,6.722,26.04,16.96,16.9,604.0,2,0,2-0
"Seeds, sunflower seed kernels from shell, dry roasted, with salt added",49.8,5.219,15.31,19.33,9.0,586.8,2,0,2-0
"Seeds, sunflower seed kernels, dry roasted, with salt added",49.8,5.219,24.07,19.33,9.0,621.8,2,0,2-0
"Nuts, almonds, oil roasted, with salt added",55.17,4.208,17.68,21.23,10.5,652.2,2,0,2-0
"Nuts, almonds, oil roasted, with salt added, smoke flavor",55.89,3.571,17.86,21.43,10.7,660.2,2,0,2-0
"Nuts, cashew nuts, dry roasted, with salt added",46.35,9.157,32.69,15.31,3.0,609.2,2,0,2-0
"Nuts, cashew nuts, oil roasted, with salt added",47.77,8.478,30.16,16.84,3.3,617.9,2,0,2-0
"Nuts, mixed nuts, oil roasted, without peanuts, with salt added",56.17,9.087,22.27,15.52,5.5,656.7,2,0,2-0
"Nuts, pecans, dry roasted, with salt added",74.27,6.283,13.55,9.5,9.4,760.6,3,0,3-0
"Nuts, pecans, oil roasted, with salt added",75.23,7.238,13.01,9.2,9.5,765.9,3,0,3-0
"Nuts, pistachio nuts, dry roasted, with salt added",45.82,5.645,27.55,21.05,10.3,606.8,2,0,2-0
"Nuts, mixed nuts, oil roasted, with peanuts, lightly salted",53.95,8.711,21.05,20.04,7.0,649.9,2,0,2-0
"Nuts, mixed nuts, oil roasted, without peanuts, lightly salted",50.0,7.143,25.0,17.86,7.1,621.4,2,0,2-0
"Beef, grass-fed, strip steaks, lean only, raw",2.69,1.032,0.0,23.07,0.0,116.5,4,0,4-0
"Beef, carcass, separable lean and fat, choice, raw",24.05,9.75,0.0,17.32,0.0,285.7,2,0,2-0
"Beef, carcass, separable lean and fat, select, raw",22.55,9.16,0.0,17.48,0.0,272.9,4,0,4-0
"Beef, brisket, flat half, separable lean and fat, trimmed to 1/8"" fat, select, cooked, braised",17.37,6.888,0.0,28.97,0.0,272.2,4,0,4-0
"Beef, flank, steak, separable lean and fat, trimmed to 0"" fat, choice, raw",8.29,3.443,0.0,21.22,0.0,159.5,4,0,4-0
"Beef, flank, steak, separable lean and fat, trimmed to 0"" fat, choice, cooked, braised",16.44,6.92,0.0,26.98,0.0,255.9,4,0,4-0
"Beef, flank, steak, separable lean and fat, trimmed to 0"" fat, choice, cooked, broiled",9.31,3.84,0.0,27.55,0.0,194.0,4,0,4-0
"Beef, rib, eye, small end (ribs 10-12), separable lean and fat, trimmed to 0"" fat, choice, cooked, broiled",16.76,6.506,0.0,26.58,0.0,257.2,4,0,4-0
"Beef, rib, eye, small end (ribs 10-12), separable lean only, trimmed to 0"" fat, choice, raw",8.3,3.23,0.0,20.13,0.0,155.2,4,0,4-0
"Beef, rib, eye, small end (ribs 10-12), separable lean only, trimmed to 0"" fat, choice, cooked, broiled",9.01,3.43,0.0,28.88,0.0,196.6,4,0,4-0
"Beef, rib, shortribs, separable lean and fat, choice, raw",36.23,15.76,0.4,14.4,0.0,385.3,2,0,2-0
"Beef, brisket, flat half, separable lean and fat, trimmed to 0"" fat, choice, cooked, braised",9.24,3.638,0.0,32.21,0.0,212.0,4,0,4-0
"Beef, shank crosscuts, separable lean only, trimmed to 1/4"" fat, choice, raw",3.85,1.28,0.0,21.75,0.0,121.6,4,0,4-0
"Beef, shank crosscuts, separable lean only, trimmed to 1/4"" fat, choice, cooked, simmered",6.36,2.29,0.0,33.68,0.0,192.0,4,0,4-0
"Beef, short loin, porterhouse steak, separable lean only, trimmed to 1/8"" fat, choice, raw",7.39,2.894,0.0,22.13,0.0,155.0,4,0,4-0
"Beef, chuck, under blade pot roast, boneless, separable lean only, trimmed to 0"" fat, all grades, cooked, braised",10.46,4.002,0.0,30.54,0.0,216.3,4,0,4-0
"Beef, chuck, under blade pot roast or steak, boneless, separable lean only, trimmed to 0"" fat, all grades, raw",6.07,2.58,0.31,21.13,0.0,140.4,4,0,4-0
"Beef, chuck, under blade pot roast or steak, boneless, separable lean only, trimmed to 0"" fat, choice, raw",6.51,2.76,0.39,21.19,0.0,144.9,4,0,4-0
"Beef, ground, patties, frozen, cooked, broiled",21.83,8.805,0.0,23.05,0.0,288.7,4,0,4-0
"Beef, variety meats and by-products, heart, cooked, simmered",4.73,1.404,0.15,28.48,0.0,157.1,4,0,4-0
"Beef, variety meats and by-products, kidneys, raw",3.09,0.868,0.29,17.4,0.0,98.6,4,0,4-0
"Beef, variety meats and by-products, kidneys, cooked, simmered",4.65,1.439,0.0,27.27,0.0,150.9,4,0,4-0
"Beef, variety meats and by-products, liver, raw",3.63,1.233,3.89,20.36,0.0,129.7,4,0,4-0
"Beef, variety meats and by-products, pancreas, raw",18.6,6.41,0.0,15.7,0.0,230.2,4,0,4-0
"Beef, variety meats and by-products, pancreas, cooked, braised",17.2,5.9,0.0,27.1,0.0,263.2,4,0,4-0
"Beef, variety meats and by-products, spleen, raw",3.0,1.0,0.0,18.3,0.0,100.2,4,0,4-0
"Beef, loin, top loin steak, boneless, lip off, separable lean only, trimmed to 0"" fat, choice, cooked, grilled",9.52,3.899,0.0,29.22,0.0,202.6,4,0,4-0
"Beef, loin, top loin steak, boneless, lip off, separable lean only, trimmed to 0"" fat, select, cooked, grilled",6.74,2.685,0.0,29.99,0.0,180.6,4,0,4-0
"Beef, top sirloin, steak, separable lean and fat, trimmed to 0"" fat, all grades, cooked, broiled",9.67,3.754,0.0,29.33,0.0,204.4,4,0,4-0
"Beef, top sirloin, steak, separable lean and fat, trimmed to 0"" fat, choice, cooked, broiled",10.54,4.09,0.0,29.02,0.0,210.9,4,0,4-0
"Beef, short loin, porterhouse steak, separable lean and fat, trimmed to 0"" fat, all grades, cooked, broiled",19.27,7.271,0.0,23.96,0.0,269.3,4,0,4-0
"Beef, short loin, porterhouse steak, separable lean and fat, trimmed to 0"" fat, USDA choice, cooked, broiled",20.15,7.43,0.0,23.61,0.0,275.8,4,0,4-0
"Beef, short loin, porterhouse steak, separable lean and fat, trimmed to 0"" fat, USDA select, cooked, broiled",17.98,7.04,0.0,24.47,0.0,259.7,4,0,4-0
"Beef, short loin, porterhouse steak, separable lean only, trimmed to 1/8"" fat, all grades, raw",6.6,2.557,0.0,22.32,0.0,148.7,4,0,4-0
"Beef, short loin, porterhouse steak, separable lean only, trimmed to 0"" fat, select, cooked, broiled",8.81,3.28,0.0,26.89,0.0,186.9,4,0,4-0
"Beef, short loin, t-bone steak, separable lean and fat, trimmed to 0"" fat, all grades, cooked, broiled",15.93,6.074,0.0,24.18,0.0,240.1,4,0,4-0
"Beef, short loin, t-bone steak, separable lean and fat, trimmed to 0"" fat, USDA choice, cooked, broiled",17.26,6.449,0.0,24.05,0.0,251.5,4,0,4-0
"Beef, short loin, t-bone steak, separable lean and fat, trimmed to 0"" fat, USDA select, cooked, broiled",14.0,5.527,0.0,24.38,0.0,223.5,4,0,4-0
"Beef, short loin, t-bone steak, bone-in, separable lean only, trimmed to 1/8"" fat, select, cooked, grilled",9.35,3.648,0.0,28.45,0.0,198.0,4,0,4-0
"Beef, short loin, t-bone steak, separable lean only, trimmed to 0"" fat, select, cooked, broiled",7.36,2.82,0.0,26.0,0.0,170.2,4,0,4-0
"Beef, brisket, flat half, separable lean only, trimmed to 0"" fat, select, cooked, braised",5.92,2.241,0.0,33.9,0.0,188.9,4,0,4-0
"Beef, round, tip round, roast, separable lean and fat, trimmed to 0"" fat, all grades, raw",7.01,2.778,0.0,20.48,0.0,145.0,4,0,4-0
"Beef, round, top round steak, boneless, separable lean only, trimmed to 0"" fat, choice, cooked, grilled",4.11,1.562,0.0,30.24,0.0,158.0,4,0,4-0
"Beef, round, top round steak, boneless, separable lean only, trimmed to 0"" fat, select, cooked, grilled",3.37,1.278,0.0,29.81,0.0,149.6,4,0,4-0
"Beef, ground, 70% lean meat / 30% fat, crumbles, cooked, pan-browned",17.86,6.942,0.0,25.56,0.0,263.0,4,0,4-0
"Beef, ground, 70% lean meat / 30% fat, loaf, cooked, baked",15.37,6.073,0.0,23.87,0.0,233.8,4,0,4-0
"Beef, shoulder top blade steak, boneless, separable lean only, trimmed to 0"" fat, choice, cooked, grilled",9.83,3.984,0.0,28.28,0.0,201.6,4,0,4-0
"Beef, shoulder top blade steak, boneless, separable lean only, trimmed to 0"" fat, select, cooked, grilled",8.34,3.451,0.0,27.96,0.0,186.9,4,0,4-0
"Beef, shoulder top blade steak, boneless, separable lean only, trimmed to 0"" fat, all grades, raw",6.42,2.73,0.0,20.36,0.0,139.2,4,0,4-0
"Beef, shoulder top blade steak, boneless, separable lean only, trimmed to 0"" fat, choice, raw",6.88,2.9,0.0,20.35,0.0,143.3,4,0,4-0
"Beef, shoulder top blade steak, boneless, separable lean and fat, trimmed to 0"" fat, all grades, cooked, grilled",11.07,4.528,0.0,27.59,0.0,210.0,4,0,4-0
"Beef, shoulder pot roast or steak, boneless, separable lean only, trimmed to 0"" fat, all grades, raw",4.09,1.653,0.0,21.64,0.0,123.4,4,0,4-0
"Beef, shoulder pot roast or steak, boneless, separable lean only, trimmed to 0"" fat, choice, raw",4.35,1.709,0.11,21.45,0.0,125.4,4,0,4-0
"Beef, shoulder pot roast or steak, boneless, separable lean only, trimmed to 0"" fat, select, raw",3.7,1.53,0.0,21.93,0.0,121.0,4,0,4-0
"Beef, composite of trimmed retail cuts, separable lean and fat, trimmed to 1/8"" fat, all grades, raw",14.42,6.036,0.0,20.01,0.0,209.8,4,0,4-0
"Beef, composite of trimmed retail cuts, separable lean and fat, trimmed to 1/8"" fat, all grades, cooked",16.59,6.782,0.0,26.11,0.0,253.8,4,0,4-0
"Beef, composite of trimmed retail cuts, separable lean and fat, trimmed to 1/8"" fat, choice, raw",15.42,6.43,0.0,19.79,0.0,217.9,4,0,4-0
"Beef, composite of trimmed retail cuts, separable lean and fat, trimmed to 1/8"" fat, choice, cooked",17.68,7.243,0.0,25.85,0.0,262.5,4,0,4-0
"Beef, composite of trimmed retail cuts, separable lean and fat, trimmed to 1/8"" fat, select, raw",12.4,5.219,0.0,19.06,0.0,187.8,4,0,4-0
"Beef, brisket, flat half, separable lean and fat, trimmed to 1/8"" fat, all grades, cooked, braised",18.42,7.305,0.0,28.82,0.0,281.1,4,0,4-0
"Beef, brisket, point half, separable lean and fat, trimmed to 1/8"" fat, all grades, raw",20.98,8.42,0.59,17.65,0.0,261.8,4,0,4-0
"Beef, brisket, point half, separable lean and fat, trimmed to 1/8"" fat, all grades, cooked, braised",27.17,10.64,0.0,24.4,0.0,342.1,2,0,2-0
"Beef, chuck, arm pot roast, separable lean and fat, trimmed to 1/8"" fat, all grades, raw",17.98,7.254,0.0,19.23,0.0,238.7,4,0,4-0
"Beef, chuck, arm pot roast, separable lean and fat, trimmed to 1/8"" fat, select, cooked, braised",18.5,7.337,0.0,30.05,0.0,286.7,4,0,4-0
"Beef, chuck, blade roast, separable lean and fat, trimmed to 1/8"" fat, all grades, raw",19.41,7.82,0.0,17.16,0.0,243.3,4,0,4-0
"Beef, chuck, blade roast, separable lean and fat, trimmed to 1/8"" fat, all grades, cooked, braised",25.12,10.0,0.0,26.78,0.0,333.2,2,0,2-0
"Beef, chuck, blade roast, separable lean and fat, trimmed to 1/8"" fat, choice, raw",21.31,8.59,0.97,16.98,0.0,263.6,4,0,4-0
"Beef, chuck eye roast, boneless, America's Beef Roast, separable lean only, trimmed to 0"" fat, choice, cooked, roasted",9.36,3.751,0.0,26.41,0.0,189.9,4,0,4-0
"Beef, chuck eye roast, boneless, America's Beef Roast, separable lean only, trimmed to 0"" fat, select, cooked, roasted",7.12,2.929,0.0,27.02,0.0,172.2,4,0,4-0
"Beef, rib, whole (ribs 6-12), separable lean and fat, trimmed to 1/8"" fat, all grades, raw",26.1,10.76,0.0,16.53,0.0,301.0,2,0,2-0
"Beef, rib, whole (ribs 6-12), separable lean and fat, trimmed to 1/8"" fat, all grades, cooked, broiled",26.75,10.85,0.0,22.42,0.0,330.4,2,0,2-0
"Beef, rib, whole (ribs 6-12), separable lean and fat, trimmed to 1/8"" fat, all grades, cooked, roasted",28.11,11.33,0.0,22.77,0.0,344.1,2,0,2-0
"Beef, rib, whole (ribs 6-12), separable lean and fat, trimmed to 1/8"" fat, select, cooked, broiled",24.2,9.81,0.0,22.73,0.0,308.7,2,0,2-0
"Beef, rib, whole (ribs 6-12), separable lean and fat, trimmed to 1/8"" fat, select, cooked, roasted",25.63,10.32,0.0,23.1,0.0,323.1,2,0,2-0
"Beef, rib, whole (ribs 6-12), separable lean and fat, trimmed to 1/8"" fat, prime, raw",31.66,13.22,0.0,16.15,0.0,349.5,2,0,2-0
"Beef, rib, whole (ribs 6-12), separable lean and fat, trimmed to 1/8"" fat, prime, cooked, broiled",32.38,13.42,0.0,21.95,0.0,379.2,2,0,2-0
"Beef, rib, large end (ribs 6-9), separable lean and fat, trimmed to 1/8"" fat, choice, raw",29.34,12.13,0.0,16.03,0.0,328.2,2,0,2-0
"Beef, rib, large end (ribs 6-9), separable lean and fat, trimmed to 1/8"" fat, choice, cooked, broiled",31.18,12.67,0.0,20.86,0.0,364.1,2,0,2-0
"Beef, rib, large end (ribs 6-9), separable lean and fat, trimmed to 1/8"" fat, choice, cooked, roasted",31.28,12.62,0.0,22.5,0.0,371.5,2,0,2-0
"Beef, rib, large end (ribs 6-9), separable lean and fat, trimmed to 1/8"" fat, select, raw",24.85,10.28,0.0,16.52,0.0,289.7,2,0,2-0
"Beef, rib, small end (ribs 10-12), separable lean and fat, trimmed to 1/8"" fat, all grades, raw",19.06,7.692,0.0,19.33,0.0,248.9,4,0,4-0
"Beef, rib, small end (ribs 10-12), separable lean and fat, trimmed to 1/8"" fat, all grades, cooked, broiled",20.04,7.894,0.0,25.85,0.0,283.8,4,0,4-0
"Beef, rib, small end (ribs 10-12), separable lean and fat, trimmed to 1/8"" fat, all grades, cooked, roasted",27.14,10.92,0.0,22.54,0.0,334.4,2,0,2-0
"Beef, rib, small end (ribs 10-12), separable lean and fat, trimmed to 1/8"" fat, choice, raw",20.13,8.121,0.0,19.09,0.0,257.5,4,0,4-0
"Beef, rib, small end (ribs 10-12), separable lean and fat, trimmed to 1/8"" fat, select, cooked, roasted",25.02,10.05,0.0,22.76,0.0,316.2,2,0,2-0
"Beef, rib, small end (ribs 10-12), separable lean and fat, trimmed to 1/8"" fat, prime, raw",29.18,12.07,0.06,16.74,0.0,329.8,2,0,2-0
"Beef, rib, small end (ribs 10-12), separable lean and fat, trimmed to 1/8"" fat, prime, cooked, broiled",27.86,11.51,0.0,24.13,0.0,347.3,2,0,2-0
"Beef, rib, small end (ribs 10-12), separable lean and fat, trimmed to 1/8"" fat, prime, cooked, roasted",35.12,14.51,0.0,22.15,0.0,404.7,2,0,2-0
"Beef, round, full cut, separable lean and fat, trimmed to 1/8"" fat, select, raw",10.68,4.2,0.0,20.56,0.0,178.4,4,0,4-0
"Beef, round, full cut, separable lean and fat, trimmed to 1/8"" fat, select, cooked, broiled",11.08,4.23,0.0,27.58,0.0,210.0,4,0,4-0
"Beef, round, bottom round, steak, separable lean and fat, trimmed to 1/8"" fat, all grades, raw",11.54,4.544,0.0,20.7,0.0,186.7,4,0,4-0
"Beef, round, bottom round, steak, separable lean and fat, trimmed to 1/8"" fat, all grades, cooked, braised",11.87,4.506,0.0,32.76,0.0,237.9,4,0,4-0
"Beef, round, bottom round, steak, separable lean and fat, trimmed to 1/8"" fat, select, cooked, braised",11.19,4.247,0.0,32.67,0.0,231.4,4,0,4-0
"Beef, round, bottom round, roast, separable lean and fat, trimmed to 1/8"" fat, select, cooked, roasted",10.85,4.116,0.0,26.77,0.0,204.7,4,0,4-0
"Beef, round, eye of round, roast, separable lean and fat, trimmed to 1/8"" fat, all grades, raw",8.24,3.245,0.0,21.49,0.0,160.1,4,0,4-0
"Beef, round, eye of round, roast, separable lean and fat, trimmed to 1/8"" fat, all grades, cooked, roasted",9.65,3.664,0.0,28.31,0.0,200.1,4,0,4-0
"Beef, round, tip round, separable lean and fat, trimmed to 1/8"" fat, all grades, raw",11.67,4.6,0.0,19.6,0.0,183.4,4,0,4-0
"Beef, round, tip round, roast, separable lean and fat, trimmed to 1/8"" fat, all grades, cooked, roasted",11.34,4.24,0.0,27.45,0.0,211.9,4,0,4-0
"Beef, round, tip round, separable lean and fat, trimmed to 1/8"" fat, choice, raw",12.83,5.04,0.0,19.48,0.0,193.4,4,0,4-0
"Beef, round, tip round, roast, separable lean and fat, trimmed to 1/8"" fat, choice, cooked, roasted",12.34,4.63,0.0,27.27,0.0,220.1,4,0,4-0
"Beef, round, top round, steak, separable lean and fat, trimmed to 1/8"" fat, all grades, raw",7.93,3.123,0.0,22.06,0.0,159.6,4,0,4-0
"Beef, round, top round, separable lean and fat, trimmed to 1/8"" fat, all grades, cooked, braised",10.13,3.78,0.0,34.34,0.0,228.5,4,0,4-0
"Beef, round, top round steak, separable lean and fat, trimmed to 1/8"" fat, all grades, cooked, broiled",9.0,3.415,0.0,30.67,0.0,203.7,4,0,4-0
"Beef, round, top round, steak, separable lean and fat, trimmed to 1/8"" fat, choice, raw",8.19,3.224,0.0,21.94,0.0,161.5,4,0,4-0
"Beef, round, top round, steak, separable lean and fat, trimmed to 1/8"" fat, select, cooked, broiled",7.73,2.933,0.0,30.63,0.0,192.1,4,0,4-0
"Beef, round, top round, separable lean and fat, trimmed to 1/8"" fat, prime, raw",8.67,3.3,0.0,22.24,0.0,167.0,4,0,4-0
"Beef, round, top round, steak, separable lean and fat, trimmed to 1/8"" fat, prime, cooked, broiled",10.1,3.61,0.0,31.27,0.0,216.0,4,0,4-0
"Beef, shoulder top blade steak, boneless, separable lean and fat, trimmed to 0"" fat, select, raw",6.21,2.69,0.0,20.28,0.0,137.0,4,0,4-0
"Beef, short loin, t-bone steak, separable lean and fat, trimmed to 1/8"" fat, choice, cooked, grilled",21.13,8.722,0.0,24.21,0.0,287.0,4,0,4-0
"Beef, short loin, top loin, steak, separable lean and fat, trimmed to 1/8"" fat, all grades, raw",15.49,6.251,0.0,20.61,0.0,221.8,4,0,4-0
"Beef, loin, top loin, separable lean and fat, trimmed to 1/8"" fat, all grades, cooked, grilled",16.78,6.608,0.0,26.44,0.0,256.8,4,0,4-0
"Beef, loin, top loin, separable lean and fat, trimmed to 1/8"" fat, choice, raw",17.1,6.91,0.0,19.32,0.0,231.2,4,0,4-0
"Beef, short loin, top loin, separable lean and fat, trimmed to 1/8"" fat, prime, cooked, broiled",22.12,8.91,0.0,25.92,0.0,302.8,4,0,4-0
"Beef, tenderloin, steak, separable lean and fat, trimmed to 1/8"" fat, all grades, raw",18.16,8.41,0.0,19.61,0.0,241.9,4,0,4-0
"Beef, tenderloin, steak, separable lean and fat, trimmed to 1/8"" fat, all grades, cooked, broiled",17.12,6.743,0.0,26.46,0.0,259.9,4,0,4-0
"Beef, tenderloin, roast, separable lean and fat, trimmed to 1/8"" fat, all grades, cooked, roasted",24.6,9.72,0.0,23.9,0.0,317.0,2,0,2-0
"Beef, tenderloin, steak, separable lean and fat, trimmed to 1/8"" fat, choice, raw",17.88,7.214,0.0,19.82,0.0,240.2,4,0,4-0
"Beef, tenderloin, roast, separable lean and fat, trimmed to 1/8"" fat, select, cooked, roasted",23.7,9.38,0.0,23.9,0.0,308.9,2,0,2-0
"Beef, tenderloin, separable lean and fat, trimmed to 1/8"" fat, prime, raw",21.83,8.96,0.0,18.15,0.0,269.1,4,0,4-0
"Beef, tenderloin, steak, separable lean and fat, trimmed to 1/8"" fat, prime, cooked, broiled",22.21,8.85,0.0,25.26,0.0,300.9,4,0,4-0
"Beef, tenderloin, roast, separable lean and fat, trimmed to 1/8"" fat, prime, cooked, roasted",26.67,10.63,0.0,24.04,0.0,336.2,2,0,2-0
"Beef, top sirloin, steak, separable lean and fat, trimmed to 1/8"" fat, choice, cooked, pan-fried",21.06,8.18,0.0,28.77,0.0,304.6,4,0,4-0
"Beef, top sirloin, steak, separable lean and fat, trimmed to 1/8"" fat, select, raw",11.13,4.491,0.0,20.68,0.0,182.9,4,0,4-0
"Beef, top sirloin, steak, separable lean and fat, trimmed to 1/8"" fat, select, cooked, broiled",12.71,5.004,0.0,27.12,0.0,222.9,4,0,4-0
"Beef, chuck, clod roast, separable lean only, trimmed to 0"" fat, choice, cooked, roasted",6.69,1.96,0.0,25.95,0.0,164.0,4,0,4-0
"Beef, flank, steak, separable lean and fat, trimmed to 0"" fat, select, cooked, broiled",7.15,2.951,0.0,27.78,0.0,175.5,4,0,4-0
"Beef, brisket, flat half, separable lean and fat, trimmed to 0"" fat, select, cooked, braised",6.77,2.666,0.0,33.59,0.0,195.3,4,0,4-0
"Beef, rib eye, small end (ribs 10-12), separable lean and fat, trimmed to 0"" fat, select, cooked, broiled",12.71,4.934,0.0,27.95,0.0,226.2,4,0,4-0
"Beef, rib eye, small end (ribs 10-12), separable lean and fat, trimmed to 0"" fat, all grades, cooked, broiled",14.74,5.72,0.0,27.27,0.0,241.7,4,0,4-0
"Beef, bottom sirloin, tri-tip roast, separable lean and fat, trimmed to 0"" fat, select, raw",7.68,2.822,0.0,20.64,0.0,151.7,4,0,4-0
"Beef, round, top round steak, boneless, separable lean and fat, trimmed to 0"" fat, all grades, cooked, grilled",4.28,1.788,0.0,29.96,0.0,158.4,4,0,4-0
"Beef, chuck, mock tender steak, separable lean only, trimmed to 0"" fat, choice, cooked, broiled",5.69,1.71,0.0,25.74,0.0,154.2,4,0,4-0
"Beef, chuck, mock tender steak, separable lean only, trimmed to 0"" fat, select, cooked, broiled",5.02,2.0,0.0,26.13,0.0,149.7,4,0,4-0
"Beef, flank, steak, separable lean and fat, trimmed to 0"" fat, all grades, raw",7.17,2.978,0.0,21.22,0.0,149.4,4,0,4-0
"Beef, flank, steak, separable lean and fat, trimmed to 0"" fat, select, raw",6.06,2.514,0.0,21.22,0.0,139.4,4,0,4-0
"Beef, chuck eye roast, boneless, America's Beef Roast, separable lean only, trimmed to 0"" fat, all grades, raw",6.01,2.55,0.0,20.61,0.0,136.5,4,0,4-0
"Beef, chuck eye roast, boneless, America's Beef Roast, separable lean only, trimmed to 0"" fat, choice, raw",6.21,2.354,0.0,20.67,0.0,138.6,4,0,4-0
"Beef, chuck, short ribs, boneless, separable lean only, trimmed to 0"" fat, choice, cooked, braised",14.95,4.22,0.0,28.84,0.0,249.9,4,0,4-0
"Beef, chuck, short ribs, boneless, separable lean only, trimmed to 0"" fat, select, cooked, braised",12.08,3.54,0.0,28.79,0.0,223.9,4,0,4-0
"Beef, chuck, short ribs, boneless, separable lean only, trimmed to 0"" fat, all grades, cooked, braised",13.8,3.89,0.0,28.82,0.0,239.5,4,0,4-0
"Beef, brisket, flat half, boneless, separable lean and fat, trimmed to 0"" fat, select, raw",8.45,3.424,0.0,20.57,0.0,158.3,4,0,4-0
"Beef, loin, bottom sirloin butt, tri-tip roast, separable lean only, trimmed to 0"" fat, all grades, cooked, roasted",8.34,3.108,0.0,26.75,0.0,182.1,4,0,4-0
"Candies, HERSHEY'S POT OF GOLD Almond Bar",38.46,16.667,44.89,12.82,3.8,577.0,2,0,2-0
"Gelatins, dry powder, unsweetened",0.1,0.07,0.0,85.6,0.0,343.3,4,0,4-0
"Candies, MARS SNACKFOOD US, SNICKERS MUNCH bar",36.22,8.819,43.64,15.25,4.7,561.5,2,0,2-0
"Gelatin desserts, dry mix, reduced calorie, with aspartame, added phosphorus, potassium, sodium, vitamin C",0.0,0.0,33.3,55.3,0.0,354.4,4,0,4-0
"Gelatin desserts, dry mix, reduced calorie, with aspartame, no added sodium",0.0,0.0,33.3,55.3,0.0,354.4,4,0,4-0
"Sausage, egg and cheese breakfast biscuit",22.13,8.595,21.57,9.54,2.0,323.6,2,0,2-0
"JIMMY DEAN, Sausage, Egg, and Cheese Breakfast Biscuit, frozen, unprepared",22.9,8.595,21.07,9.29,2.0,327.5,2,0,2-0
"Whale, beluga, meat, dried (Alaska Native)",5.34,1.204,0.0,69.86,0.0,327.5,4,0,4-0
"Salmon, red (sockeye), filets with skin, smoked (Alaska Native)",11.43,2.593,0.0,60.62,0.0,345.4,4,0,4-0
"Caribou, hind quarter, meat, cooked (Alaska Native)",4.82,1.88,0.0,28.81,0.0,158.6,4,0,4-0
"APPLEBEE'S, 9 oz house sirloin steak",9.08,3.477,0.0,26.85,0.0,189.1,4,0,4-0
"T.G.I. FRIDAY'S, fried mozzarella",18.76,7.172,25.33,15.82,2.2,333.4,2,0,2-0
"Restaurant, family style, chicken fingers, from kid's menu",17.45,3.199,18.77,18.68,1.1,306.8,2,0,2-0
"Restaurant, family style, shrimp, breaded and fried",18.67,3.361,22.29,12.67,1.5,307.9,2,0,2-0
"APPLEBEE'S, chicken tenders platter",16.24,2.849,17.98,19.62,1.0,296.6,4,0,4-0
"CRACKER BARREL, chicken tenderloin platter, fried",15.48,2.763,20.29,18.06,0.7,292.7,4,0,4-0
"Restaurant, family style, fish fillet, battered or breaded, fried",10.79,1.876,16.89,13.49,0.9,218.6,4,0,4-0
"Restaurant, family style, chicken tenders",16.63,2.946,19.29,18.88,0.9,302.3,2,0,2-0
"OLIVE GARDEN, lasagna classico",10.84,5.347,10.33,11.28,1.6,184.0,4,0,4-0
"ON THE BORDER, cheese enchilada",17.74,7.52,16.2,11.67,1.8,271.1,2,0,2-0
"Restaurant, Mexican, cheese enchilada",18.47,8.365,15.45,11.24,1.9,273.0,2,0,2-0
"CARRABBA'S ITALIAN GRILL, chicken parmesan without cavatappi pasta",10.95,3.517,7.8,19.0,0.9,205.8,4,0,4-0
"OLIVE GARDEN, chicken parmigiana without pasta",11.23,2.113,12.28,15.33,0.9,211.5,4,0,4-0
"Margarine-like, vegetable oil spread, stick or tub, sweetened",52.0,8.35,16.7,0.0,0.0,534.8,2,0,2-0
"Frankfurter, meat and poultry, low fat",2.8,0.97,8.4,15.5,0.1,120.8,4,0,4-0
"Oil, corn and canola",100.0,8.026,0.0,0.0,0.0,900.0,3,0,3-0
"Peanut butter, reduced sodium",49.9,7.716,21.83,24.0,6.6,632.4,2,0,2-0
"Candies, chocolate covered, low sugar or low calorie",43.27,21.723,37.68,12.39,3.5,589.7,2,0,2-0
"Chicken, meatless",12.73,1.534,3.64,23.64,3.6,223.7,4,0,4-0
"Frankfurter, meatless",13.73,1.653,7.7,19.61,3.9,232.8,4,0,4-0
Vegetarian meatloaf or patties,9.0,1.425,8.0,21.0,4.6,197.0,4,0,4-0
"Bacon bits, meatless",25.9,4.055,28.6,32.0,10.2,475.5,2,0,2-0
"Cheese, american cheddar, imitation",14.0,8.79,11.6,16.7,0.0,239.2,4,0,4-0
"Quail, cooked, total edible",14.1,3.955,0.0,25.1,0.0,227.3,4,0,4-0
"Pheasant, cooked, total edible",12.1,3.908,0.0,32.4,0.0,238.5,4,0,4-0
"Dove, cooked (includes squab)",13.0,3.739,0.0,23.9,0.0,212.6,4,0,4-0
"Pork, cured, ham, boneless, low sodium, extra lean and regular, roasted",7.7,2.624,0.5,22.0,0.0,159.3,4,0,4-0
"Seeds, hemp seed, hulled",48.75,4.6,8.67,31.56,4.0,599.7,2,0,2-0
"Seeds, sesame seeds, whole, dried",49.67,6.957,23.45,17.73,11.8,611.8,2,0,2-0
"Seeds, sesame seeds, whole, roasted and toasted",48.0,6.722,25.74,16.96,14.0,602.8,2,0,2-0
"Seeds, sesame seed kernels, toasted, without salt added (decorticated)",48.0,6.722,26.04,16.96,16.9,604.0,2,0,2-0
"Seeds, sunflower seed kernels, toasted, without salt",56.8,5.953,20.59,17.21,11.5,662.4,2,0,2-0
"Seeds, sunflower seed butter, without salt",55.2,4.678,23.32,17.28,5.7,659.2,2,0,2-0
"Seeds, sunflower seed flour, partially defatted",1.61,0.138,35.83,48.06,5.2,350.0,4,0,4-0
"Nuts, almonds, dry roasted, without salt added",52.54,4.092,21.01,20.96,10.9,640.7,2,0,2-0
"Nuts, almonds, oil roasted, without salt added",55.17,4.208,17.68,21.23,10.5,652.2,2,0,2-0
"Nuts, cashew butter, plain, without salt added",49.41,9.763,27.57,17.56,2.0,625.2,2,0,2-0
"Nuts, coconut meat, raw",33.49,29.698,15.23,3.33,9.0,375.7,2,0,2-0
"Nuts, coconut meat, dried (desiccated), not sweetened",64.53,57.218,23.65,6.88,16.3,702.9,3,0,3-0
"Nuts, coconut milk, raw (liquid expressed from grated meat and water)",23.84,21.14,5.54,2.29,2.2,245.9,2,0,2-0
"Nuts, coconut milk, canned (liquid expressed from grated meat and water)",21.33,18.915,2.81,2.02,0.0,211.3,2,0,2-0
"Nuts, hickorynuts, dried",64.37,7.038,18.25,12.72,6.4,703.2,3,0,3-0
"Nuts, macadamia nuts, dry roasted, without salt added",76.08,11.947,13.38,7.79,8.0,769.4,3,0,3-0
"Nuts, formulated, wheat-based, unflavored, with salt added",57.7,8.701,23.68,13.82,5.2,669.3,2,0,2-0
"Nuts, mixed nuts, dry roasted, with peanuts, salt added, CHOSEN ROASTER",53.2,7.023,24.62,18.0,7.1,649.3,2,0,2-0
"Nuts, pecans",71.97,6.18,13.86,9.17,9.6,739.8,3,0,3-0
"Nuts, pecans, dry roasted, without salt added",74.27,6.283,13.55,9.5,9.4,760.6,3,0,3-0
"Nuts, pistachio nuts, dry roasted, without salt added",45.82,5.645,28.28,21.05,10.3,609.7,2,0,2-0
"Nuts, walnuts, black, dried",59.33,3.483,9.58,24.06,6.8,668.5,2,0,2-0
"Nuts, walnuts, english",65.21,6.126,13.71,15.23,6.7,702.6,3,0,3-0
"Seeds, sesame butter, tahini, from roasted and toasted kernels (most common type)",53.76,7.529,21.19,17.0,9.3,636.6,2,0,2-0
"Seeds, sesame butter, paste",50.87,7.124,24.05,18.08,5.5,626.3,2,0,2-0
"Beef, variety meats and by-products, suet, raw",94.0,52.3,0.0,1.5,0.0,852.0,3,0,3-0
"Beef, variety meats and by-products, thymus, raw",20.35,7.01,0.0,12.18,0.0,231.9,4,0,4-0
"Beef, variety meats and by-products, thymus, cooked, braised",24.98,8.61,0.0,21.85,0.0,312.2,2,0,2-0
"Beef, variety meats and by-products, tongue, raw",16.09,7.0,3.68,14.9,0.0,219.1,4,0,4-0
"Beef, cured, breakfast strips, raw or unheated",38.8,15.95,0.7,12.5,0.0,402.0,2,0,2-0
"Beef, cured, breakfast strips, cooked",34.4,14.35,1.4,31.3,0.0,440.4,2,0,2-0
"Beef, cured, corned beef, brisket, raw",14.9,4.73,0.14,14.68,0.0,193.4,4,0,4-0
"Beef, cured, corned beef, brisket, cooked",18.98,6.34,0.47,18.17,0.0,245.4,4,0,4-0
"Beef, chuck, under blade center steak, boneless, Denver Cut, separable lean only, trimmed to 0"" fat, choice, cooked, grilled",13.42,5.565,0.28,26.49,0.0,227.9,4,0,4-0
"Beef, cured, luncheon meat, jellied",3.3,1.41,0.0,19.0,0.0,105.7,4,0,4-0
"Beef, chuck, under blade center steak, boneless, Denver Cut, separable lean only, trimmed to 0"" fat, select, cooked, grilled",11.46,4.73,0.0,26.53,0.0,209.3,4,0,4-0
"Beef, cured, pastrami",5.82,2.681,0.36,21.8,0.0,141.0,4,0,4-0
"Beef, chuck, under blade center steak, boneless, Denver Cut, separable lean only, trimmed to 0"" fat, all grades, raw",9.99,4.132,0.49,19.42,0.0,169.6,4,0,4-0
"Beef, composite of trimmed retail cuts, separable lean and fat, trimmed to 0"" fat, choice, cooked",12.53,5.016,0.0,28.17,0.0,225.4,4,0,4-0
"Beef, composite of trimmed retail cuts, separable lean and fat, trimmed to 0"" fat, select, cooked",9.18,3.69,0.0,28.61,0.0,197.1,4,0,4-0
"Beef, composite of trimmed retail cuts, separable lean only, trimmed to 0"" fat, all grades, cooked",8.37,3.247,0.0,29.9,0.0,194.9,4,0,4-0
"Beef, composite of trimmed retail cuts, separable lean only, trimmed to 0"" fat, choice, cooked",8.87,3.374,0.0,29.51,0.0,197.9,4,0,4-0
"Beef, brisket, flat half, separable lean only, trimmed to 0"" fat, all grades, cooked, braised",6.99,2.647,0.0,33.26,0.0,196.0,4,0,4-0
"Beef, brisket, point half, separable lean and fat, trimmed to 0"" fat, all grades, cooked, braised",28.5,11.24,0.0,23.53,0.0,350.6,2,0,2-0
"Beef, brisket, point half, separable lean only, trimmed to 0"" fat, all grades, cooked, braised",13.8,5.18,0.0,28.05,0.0,236.4,4,0,4-0
"Beef, chuck, arm pot roast, separable lean and fat, trimmed to 0"" fat, all grades, cooked, braised",19.17,7.548,0.0,28.94,0.0,288.3,4,0,4-0
"Beef, chuck, under blade pot roast, boneless, separable lean and fat, trimmed to 0"" fat, select, cooked, braised",19.02,7.854,0.0,27.17,0.0,279.9,4,0,4-0
"Beef, chuck, blade roast, separable lean only, trimmed to 0"" fat, all grades, cooked, braised",13.3,5.16,0.0,31.06,0.0,243.9,4,0,4-0
"Beef, chuck, under blade pot roast, boneless, separable lean only, trimmed to 0"" fat, choice, cooked, braised",11.14,4.344,0.0,30.45,0.0,222.1,4,0,4-0
"Beef, chuck, under blade pot roast, boneless, separable lean only, trimmed to 0"" fat, select, cooked, braised",9.44,3.487,0.0,30.68,0.0,207.7,4,0,4-0
"Beef, rib, large end (ribs 6-9), separable lean only, trimmed to 0"" fat, select, cooked, roasted",11.4,4.55,0.0,27.53,0.0,212.7,4,0,4-0
"Beef, rib, small end (ribs 10-12), separable lean and fat, trimmed to 0"" fat, all grades, cooked, broiled",14.74,5.72,0.0,27.27,0.0,241.7,4,0,4-0
"Beef, rib, small end (ribs 10-12), separable lean and fat, trimmed to 0"" fat, choice, cooked, broiled",22.84,9.24,0.0,24.73,0.0,304.5,2,0,2-0
"Beef, rib, small end (ribs 10-12), separable lean and fat, trimmed to 0"" fat, select, cooked, broiled",19.79,8.01,0.0,24.91,0.0,277.8,4,0,4-0
"Beef, round, bottom round, roast, separable lean and fat, trimmed to 0"" fat, all grades, cooked, roasted",7.72,2.773,0.0,27.42,0.0,179.2,4,0,4-0
"Beef, round, bottom round, steak, separable lean and fat, trimmed to 0"" fat, choice, cooked, braised",10.0,3.593,0.0,32.73,0.0,220.9,4,0,4-0
"Beef, round, bottom round, roast, separable lean and fat, trimmed to 0"" fat, choice, cooked, roasted",9.37,3.366,0.0,26.76,0.0,191.4,4,0,4-0
"Beef, round, bottom round, steak, separable lean and fat, trimmed to 0"" fat, select, cooked, braised",7.72,2.775,0.0,34.39,0.0,207.0,4,0,4-0
"Beef, round, bottom round, steak, separable lean only, trimmed to 0"" fat, select, cooked, braised",6.3,2.198,0.0,34.93,0.0,196.4,4,0,4-0
"Beef, round, bottom round roast, separable lean only, trimmed to 0"" fat, select, cooked, roasted",5.33,1.86,0.0,28.29,0.0,161.1,4,0,4-0
"Beef, round, eye of round roast, boneless, separable lean and fat, trimmed to 0"" fat, all grades, cooked, roasted",4.46,1.615,0.0,29.66,0.0,158.8,4,0,4-0
"Beef, round, eye of round roast, boneless, separable lean and fat, trimmed to 0"" fat, choice, cooked, roasted",4.83,1.656,0.0,29.79,0.0,162.6,4,0,4-0
"Beef, round, tip round, roast, separable lean and fat, trimmed to 0"" fat, all grades, cooked, roasted",8.21,3.007,0.0,26.79,0.0,181.0,4,0,4-0
"Beef, round, tip round, roast, separable lean and fat, trimmed to 0"" fat, choice, cooked, roasted",8.9,3.257,0.0,27.01,0.0,188.1,4,0,4-0
"Beef, round, tip round, roast, separable lean and fat, trimmed to 0"" fat, select, cooked, roasted",7.53,2.756,0.0,26.57,0.0,174.0,4,0,4-0
"Beef, round, tip round, roast, separable lean only, trimmed to 0"" fat, all grades, cooked, roasted",6.2,2.209,0.0,27.53,0.0,165.9,4,0,4-0
"Beef, round, top round, separable lean and fat, trimmed to 0"" fat, select, cooked, braised",5.33,1.92,0.0,35.62,0.0,190.4,4,0,4-0
"Beef, round, top round, separable lean only, trimmed to 0"" fat, choice, cooked, braised",5.8,1.99,0.0,36.12,0.0,196.7,4,0,4-0
"Beef, round, top round, separable lean only, trimmed to 0"" fat, select, cooked, braised",4.0,1.37,0.0,36.12,0.0,180.5,4,0,4-0
"Beef, loin, tenderloin steak, boneless, separable lean and fat, trimmed to 0"" fat, all grades, cooked, grilled",8.91,3.525,0.0,30.5,0.0,202.2,4,0,4-0
"Beef, loin, tenderloin steak, boneless, separable lean and fat, trimmed to 0"" fat, choice, cooked, grilled",9.71,3.85,0.0,30.21,0.0,208.2,4,0,4-0
"Beef, loin, top loin steak, boneless, lip off, separable lean and fat, trimmed to 0"" fat, all grades, cooked, grilled",11.15,4.534,0.0,28.57,0.0,214.6,4,0,4-0
"Beef, loin, top loin steak, boneless, lip off, separable lean and fat, trimmed to 0"" fat, choice, cooked, grilled",12.51,5.111,0.0,28.19,0.0,225.4,4,0,4-0
"Chocolate, dark, 70-85% cacao solids",42.63,24.489,45.9,7.79,10.9,598.4,2,0,2-0
"Fast foods, nachos, with cheese",21.5,2.173,34.91,4.32,3.2,350.4,2,0,2-0
"Fast foods, cheeseburger, double, regular patty and bun, with condiments",16.18,6.96,17.97,16.24,1.0,282.5,2,0,2-0
"Fast foods, cheeseburger; single, large patty; plain",15.97,6.873,24.07,17.29,1.7,309.2,2,0,2-0
"Fast foods, chicken fillet sandwich, plain with pickles",11.19,2.123,20.89,16.28,1.4,249.4,4,0,4-0
"Fast foods, fish sandwich, with tartar sauce and cheese",14.64,2.833,26.39,11.26,0.8,282.4,2,0,2-0
"Fast foods, submarine sandwich, tuna on white bread with lettuce and tomato",12.04,2.059,15.95,12.33,0.7,221.5,4,0,4-0
"CHICK-FIL-A, Chick-n-Strips",11.2,2.057,10.39,21.4,0.9,228.0,4,0,4-0
"CHICK-FIL-A, hash browns",18.5,2.778,30.51,3.0,3.2,300.5,2,0,2-0
"Agutuk, fish/berry with seal oil (Alaskan ice cream) (Alaska Native)",31.8,7.7,13.4,3.4,0.5,353.4,2,0,2-0
"Agutuk, meat-caribou (Alaskan ice cream) (Alaska Native)",18.6,5.1,0.9,21.7,0.0,257.8,4,0,4-0
"Oil, beluga, whale (Alaska Native)",100.0,14.49,0.0,0.0,0.0,900.0,3,0,3-0
"Chiton, leathery, gumboots (Alaska Native)",1.6,0.0,0.0,17.1,0.0,82.8,4,0,4-0
"Sea lion, Steller, liver (Alaska Native)",5.0,1.3,0.0,22.9,0.0,136.6,4,0,4-0
"Sea lion, Steller, kidney (Alaska Native)",1.7,0.3,1.4,18.1,0.0,93.3,4,0,4-0
"Sea lion, Steller, meat (Alaska Native)",1.88,0.0,0.0,25.85,0.0,120.3,4,0,4-0
"Bear, polar, meat, raw (Alaska Native)",3.1,0.63,0.0,25.6,0.0,130.3,4,0,4-0
"Whale, beluga, meat, raw (Alaska Native)",0.5,0.092,0.0,26.5,0.0,110.5,4,0,4-0
"Fish, blackfish, whole (Alaska Native)",1.75,0.0,0.0,15.5,0.0,77.8,4,0,4-0
"Fish, lingcod, meat, raw (Alaska Native)",0.8,0.0,0.0,17.9,0.0,78.8,4,0,4-0
"Fish, halibut, cooked, with skin (Alaska Native)",2.73,0.498,0.0,22.13,0.0,113.1,4,0,4-0
"SUBWAY, tuna sub on white bread with lettuce and tomato",12.04,2.192,15.95,12.33,0.7,221.5,4,0,4-0
"McDONALD'S, FILET-O-FISH",14.64,2.833,26.39,11.26,1.4,282.4,2,0,2-0
"McDONALD'S, QUARTER POUNDER",11.55,4.008,22.17,14.1,1.6,249.0,4,0,4-0
"WENDY'S, CLASSIC SINGLE Hamburger, with cheese",11.6,5.191,14.2,14.87,1.4,220.7,4,0,4-0
"WENDY'S, CLASSIC DOUBLE, with cheese",14.2,5.89,11.71,16.52,1.1,240.7,4,0,4-0
"BURGER KING, Cheeseburger",14.81,6.842,23.71,14.57,1.0,286.4,2,0,2-0
"BURGER KING, Original Chicken Sandwich",14.69,2.723,26.22,12.14,2.4,285.6,2,0,2-0
"TACO BELL, Nachos",21.5,2.173,34.91,4.32,3.2,350.4,2,0,2-0
"POPEYES, Spicy Chicken Strips, analyzed 2006",11.2,4.743,18.52,19.61,1.2,253.3,4,0,4-0
"KFC, Crispy Chicken Strips",15.42,2.887,13.66,20.25,1.4,274.4,4,0,4-0
"KFC, Fried Chicken, ORIGINAL RECIPE, Wing, meat only, skin and breading removed",10.49,2.321,1.76,28.65,0.0,216.0,4,0,4-0
"KFC, Fried Chicken, EXTRA CRISPY, Breast, meat only, skin and breading removed",4.82,1.196,0.25,27.25,0.0,153.4,4,0,4-0
"KFC, Fried Chicken, EXTRA CRISPY, Drumstick, meat only, skin and breading removed",7.43,1.893,0.0,25.9,0.0,170.5,4,0,4-0
"KFC, Fried Chicken, ORIGINAL RECIPE, Thigh, meat and skin with breading",17.73,4.123,8.46,18.9,0.0,269.0,4,0,4-0
"KFC, Fried Chicken, ORIGINAL RECIPE, Wing, meat and skin with breading",18.9,4.251,9.93,21.7,0.0,296.6,4,0,4-0
"POPEYES, Fried Chicken, Mild, Thigh, meat only, skin and breading removed",9.66,2.938,0.85,24.31,0.0,187.6,4,0,4-0
"POPEYES, Fried Chicken, Mild, Wing, meat only, skin and breading removed",9.42,3.079,2.9,28.94,0.0,212.1,4,0,4-0
"POPEYES, Fried Chicken, Mild, Breast, meat and skin with breading",16.47,5.765,9.83,21.67,0.4,274.2,4,0,4-0
"Fast Foods, Fried Chicken, Breast, meat only, skin and breading removed",4.54,1.18,0.0,27.93,0.0,152.6,4,0,4-0
"Fast Foods, Fried Chicken, Drumstick, meat only, skin and breading removed",7.41,2.004,0.0,26.24,0.0,171.6,4,0,4-0
"Fast Foods, Fried Chicken, Thigh, meat only, skin and breading removed",9.41,2.484,0.24,23.21,0.0,178.5,4,0,4-0
"Fast Foods, Fried Chicken, Thigh, meat and skin and breading",18.07,4.832,8.68,19.23,0.1,274.3,4,0,4-0
"Fast Foods, Fried Chicken, Wing, meat and skin and breading",20.09,5.358,11.19,21.14,0.1,310.1,2,0,2-0
"Fast Food, Pizza Chain, 14"" pizza, sausage topping, thin crust",17.71,6.888,27.0,13.36,2.5,320.8,2,0,2-0
"Fast Foods, grilled chicken filet sandwich, with lettuce, tomato and spread",4.57,0.949,16.78,17.34,0.9,177.6,4,0,4-0
"PIZZA HUT 14"" Pepperoni Pizza, THIN 'N CRISPY Crust",16.17,6.674,32.66,14.13,2.1,332.7,2,0,2-0
"DOMINO'S 14"" Pepperoni Pizza, Crunchy Thin Crust",19.05,7.557,25.35,13.88,2.6,328.4,2,0,2-0
"DOMINO'S 14"" Sausage Pizza, Crunchy Thin Crust",18.52,7.079,25.3,12.77,2.6,319.0,2,0,2-0
"PIZZA HUT 14"" Sausage Pizza, Pan Crust",13.85,4.855,29.56,11.08,2.0,287.2,2,0,2-0
"Seaweed, spirulina, dried",7.72,2.65,23.9,57.47,3.6,395.0,4,0,4-0
"Seeds, pumpkin and squash seed kernels, dried",49.05,8.659,10.71,30.23,6.0,605.2,2,0,2-0
"Seeds, pumpkin and squash seed kernels, roasted, without salt",49.05,8.544,14.71,29.84,6.5,619.6,2,0,2-0
"Seeds, sunflower seed kernels, dried",51.46,4.455,20.0,20.78,8.6,626.3,2,0,2-0
"Seeds, sunflower seed kernels, dry roasted, without salt",49.8,5.219,24.07,19.33,11.1,621.8,2,0,2-0
"Seeds, sunflower seed kernels, oil roasted, without salt",51.3,7.068,22.89,20.06,10.6,633.5,2,0,2-0
"Nuts, almonds",49.93,3.802,21.55,21.15,12.5,620.2,2,0,2-0
"Nuts, almonds, blanched",52.52,3.953,18.67,21.4,9.9,633.0,2,0,2-0
"Nuts, brazilnuts, dried, unblanched",67.1,16.134,11.74,14.32,7.5,708.1,3,0,3-0
"Nuts, butternuts, dried",56.98,1.306,12.05,24.9,4.7,660.6,2,0,2-0
"Nuts, cashew nuts, dry roasted, without salt added",46.35,9.157,32.69,15.31,3.0,609.2,2,0,2-0
"Nuts, cashew nuts, oil roasted, without salt added",47.77,8.478,29.87,16.84,3.3,616.8,2,0,2-0
"Nuts, coconut meat, dried (desiccated), sweetened, flaked, canned",31.69,28.101,40.91,3.35,4.5,462.2,2,0,2-0
"Nuts, coconut cream, raw (liquid expressed from grated meat)",34.68,30.753,6.65,3.63,2.2,353.2,2,0,2-0
"Nuts, hazelnuts or filberts",60.75,4.464,16.7,14.95,9.7,673.3,2,0,2-0
"Nuts, hazelnuts or filberts, blanched",61.15,4.669,17.0,13.7,11.0,673.2,2,0,2-0
"Nuts, hazelnuts or filberts, dry roasted, without salt added",62.4,4.511,17.6,15.03,9.4,692.1,3,0,3-0
"Nuts, mixed nuts, dry roasted, with peanuts, without salt added",53.5,8.01,22.42,19.5,6.4,649.2,2,0,2-0
"Nuts, mixed nuts, dry roasted, with peanuts, salt added, PLANTERS pistachio blend",47.52,6.71,23.07,23.28,8.1,613.1,2,0,2-0
"Nuts, mixed nuts, oil roasted, with peanuts, without salt added",53.95,8.711,21.05,20.04,7.0,649.9,2,0,2-0
"Nuts, mixed nuts, oil roasted, without peanuts, without salt added",56.17,9.087,22.27,15.52,5.5,656.7,2,0,2-0
"Nuts, pecans, oil roasted, without salt added",75.23,7.238,13.01,9.2,9.5,765.9,3,0,3-0
"Nuts, pilinuts, dried",79.55,31.184,3.98,10.8,0.0,775.1,3,0,3-0
"Nuts, pine nuts, dried",68.37,4.899,13.08,13.69,3.7,722.4,3,0,3-0
"Nuts, pine nuts, pinyon, dried",60.98,9.377,19.3,11.57,10.7,672.3,2,0,2-0
"Nuts, walnuts, dry roasted, with salt added",60.71,5.357,17.86,14.29,7.1,675.0,2,0,2-0
"Seeds, cottonseed kernels, roasted (glandless)",36.29,9.699,21.9,32.59,5.5,544.6,2,0,2-0
"Beef, variety meats and by-products, spleen, cooked, braised",4.2,1.39,0.0,25.1,0.0,138.2,4,0,4-0
"Beef, variety meats and by-products, tongue, cooked, simmered",22.3,8.125,0.0,19.29,0.0,277.9,4,0,4-0
"Beef, sandwich steaks, flaked, chopped, formed and thinly sliced, raw",27.0,11.538,0.0,16.5,0.0,309.0,2,0,2-0
"Beef, brisket, flat half, separable lean only, trimmed to 0"" fat, choice, cooked, braised",8.07,3.053,0.0,32.62,0.0,203.1,4,0,4-0
"Beef, cured, corned beef, canned",14.93,6.18,0.0,27.1,0.0,242.8,4,0,4-0
"Beef, chuck, under blade pot roast or steak, boneless, separable lean only, trimmed to 0"" fat, select, raw",5.41,2.572,0.19,21.03,0.0,133.6,4,0,4-0
"Beef, cured, dried",1.94,0.95,2.76,31.1,0.0,152.9,4,0,4-0
"Beef, chuck, under blade center steak, boneless, Denver Cut, separable lean only, trimmed to 0"" fat, all grades, cooked, grilled",12.64,5.28,0.14,26.5,0.0,220.3,4,0,4-0
"Sausage, beef, cured, cooked, smoked",26.91,11.44,2.42,14.11,0.0,308.3,2,0,2-0
"Beef, chopped, cured, smoked",4.42,1.81,1.86,20.19,0.0,128.0,4,0,4-0
"Beef, chuck, under blade center steak, boneless, Denver Cut, separable lean only, trimmed to 0"" fat, choice, raw",10.96,4.588,0.67,19.23,0.0,178.2,4,0,4-0
"Beef, composite of trimmed retail cuts, separable lean and fat, trimmed to 0"" fat, all grades, cooked",12.42,4.853,0.0,28.4,0.0,225.4,4,0,4-0
"Beef, composite of trimmed retail cuts, separable lean only, trimmed to 0"" fat, select, cooked",7.12,2.7,0.0,29.88,0.0,183.6,4,0,4-0
"Beef, brisket, whole, separable lean and fat, trimmed to 0"" fat, all grades, cooked, braised",19.52,7.53,0.0,26.79,0.0,282.8,4,0,4-0
"Beef, brisket, whole, separable lean only, trimmed to 0"" fat, all grades, cooked, braised",10.08,3.63,0.0,29.75,0.0,209.7,4,0,4-0
"Beef, brisket, flat half, separable lean and fat, trimmed to 0"" fat, all grades, cooked, braised",8.01,3.152,0.0,32.9,0.0,203.7,4,0,4-0
"Beef, chuck, arm pot roast, separable lean and fat, trimmed to 0"" fat, select, cooked, braised",17.56,6.911,0.0,29.23,0.0,275.0,4,0,4-0
"Beef, chuck, arm pot roast, separable lean only, trimmed to 0"" fat, choice, cooked, braised",7.67,2.903,0.0,33.36,0.0,202.5,4,0,4-0
"Beef, chuck, arm pot roast, separable lean only, trimmed to 0"" fat, select, cooked, braised",5.8,2.194,0.0,33.37,0.0,185.7,4,0,4-0
"Beef, chuck, blade roast, separable lean and fat, trimmed to 0"" fat, all grades, cooked, braised",24.14,9.59,0.0,27.18,0.0,326.0,2,0,2-0
"Beef, chuck, under blade pot roast, boneless, separable lean and fat, trimmed to 0"" fat, choice, cooked, braised",21.48,8.532,0.0,26.39,0.0,298.9,4,0,4-0
"Beef, rib, large end (ribs 6-9), separable lean and fat, trimmed to 0"" fat, choice, cooked, roasted",30.49,12.29,0.0,22.8,0.0,365.6,2,0,2-0
"Beef, rib, large end (ribs 6-9), separable lean and fat, trimmed to 0"" fat, select, cooked, roasted",25.54,10.3,0.0,23.48,0.0,323.8,2,0,2-0
"Beef, rib, large end (ribs 6-9), separable lean only, trimmed to 0"" fat, all grades, cooked, roasted",13.4,5.35,0.0,27.53,0.0,230.7,4,0,4-0
"Beef, rib, large end (ribs 6-9), separable lean only, trimmed to 0"" fat, choice, cooked, roasted",15.0,5.99,0.0,27.53,0.0,245.1,4,0,4-0
"Beef, rib, small end (ribs 10-12), separable lean only, trimmed to 0"" fat, all grades, cooked, broiled",7.53,2.868,0.0,29.41,0.0,185.4,4,0,4-0
"Beef, rib, small end (ribs 10-12), separable lean only, trimmed to 0"" fat, choice, cooked, broiled",11.7,4.73,0.0,28.04,0.0,217.5,4,0,4-0
"Beef, rib, small end (ribs 10-12), separable lean only, trimmed to 0"" fat, select, cooked, broiled",8.7,3.51,0.0,28.04,0.0,190.5,4,0,4-0
"Beef, round, bottom round, steak, separable lean and fat, trimmed to 0"" fat, all grades, cooked, braised",8.86,3.184,0.0,33.56,0.0,214.0,4,0,4-0
"Beef, round, bottom round, roast, separable lean and fat, trimmed to 0"" fat, select, cooked, roasted",6.06,2.179,0.0,28.08,0.0,166.9,4,0,4-0
"Beef, round, bottom round, steak, separable lean only, trimmed to 0"" fat, all grades, cooked, braised",7.67,2.675,0.0,34.0,0.0,205.0,4,0,4-0
"Beef, round, bottom round, roast, separable lean only, trimmed to 0"" fat, all grades, cooked, roasted",6.48,2.26,0.0,27.76,0.0,169.4,4,0,4-0
"Beef, round, bottom round, steak, separable lean only, trimmed to 0"" fat, choice, cooked, braised",9.03,3.152,0.0,33.08,0.0,213.6,4,0,4-0
"Beef, round, bottom round, roast, separable lean only, trimmed to 0"" fat, choice, cooked, roasted",7.63,2.661,0.0,27.23,0.0,177.6,4,0,4-0
"Beef, round, eye of round roast, boneless, separable lean and fat, trimmed to 0"" fat, select, cooked, roasted",3.97,1.555,0.0,29.45,0.0,153.5,4,0,4-0
"Beef, round, eye of round roast, boneless, separable lean only, trimmed to 0"" fat, all grades, cooked, roasted",3.9,1.375,0.0,29.85,0.0,154.5,4,0,4-0
"Beef, round, eye of round roast, boneless, separable lean only, trimmed to 0"" fat, choice, cooked, roasted",4.26,1.439,0.0,29.94,0.0,158.1,4,0,4-0
"Beef, round, eye of round roast, boneless, separable lean only, trimmed to 0"" fat, select, cooked, roasted",3.43,1.28,0.0,29.52,0.0,149.0,4,0,4-0
"Beef, round, tip round, roast, separable lean only, trimmed to 0"" fat, choice, cooked, roasted",6.42,2.288,0.0,27.68,0.0,168.5,4,0,4-0
"Beef, round, tip round, roast, separable lean only, trimmed to 0"" fat, select, cooked, roasted",4.38,1.563,0.0,27.37,0.0,148.9,4,0,4-0
"Beef, round, top round, separable lean and fat, trimmed to 0"" fat, all grades, cooked, braised",6.31,2.25,0.0,35.62,0.0,199.3,4,0,4-0
"Beef, round, top round, separable lean and fat, trimmed to 0"" fat, choice, cooked, braised",7.09,2.52,0.0,35.62,0.0,206.3,4,0,4-0
"Beef, loin, tenderloin steak, boneless, separable lean and fat, trimmed to 0"" fat, select, cooked, grilled",7.7,3.036,0.0,30.93,0.0,193.0,4,0,4-0
"Beef, loin, tenderloin steak, boneless, separable lean only, trimmed to 0"" fat, all grades, cooked, grilled",8.32,3.296,0.0,30.7,0.0,197.7,4,0,4-0
"Beef, loin, tenderloin steak, boneless, separable lean only, trimmed to 0"" fat, choice, cooked, grilled",9.03,3.576,0.0,30.45,0.0,203.1,4,0,4-0
"Beef, loin, tenderloin steak, boneless, separable lean only, trimmed to 0"" fat, select, cooked, grilled",7.25,2.876,0.0,31.09,0.0,189.6,4,0,4-0
"Fast foods, cheeseburger; single, regular patty; plain",14.72,6.473,28.03,16.51,2.0,310.6,2,0,2-0
"Fast foods, cheeseburger; single, regular patty, with condiments",12.9,5.797,25.46,13.49,1.9,271.9,4,0,4-0
"Fast foods, hamburger; single, regular patty; plain",12.01,4.493,31.5,16.52,1.7,300.2,2,0,2-0
"Fast foods, roast beef sandwich, plain",10.3,3.399,22.21,15.17,1.3,242.2,4,0,4-0
"Fast foods, hamburger, large, single patty, with condiments",11.6,4.785,22.14,15.68,1.1,255.7,4,0,4-0
"Pizza, meat and vegetable topping, regular crust, frozen, cooked",14.43,5.083,25.14,11.28,2.2,275.6,2,0,2-0
"Fast foods, chicken, breaded and fried, boneless pieces, plain",20.36,3.566,14.93,15.92,0.9,306.6,2,0,2-0
"McDONALD'S, QUARTER POUNDER with Cheese",14.22,5.643,19.95,14.59,1.4,266.1,4,0,4-0
"McDONALD'S, BIG MAC",14.96,3.803,20.08,11.82,1.6,262.2,4,0,4-0
"BURGER KING, WHOPPER, with cheese",15.33,5.782,16.7,11.19,1.0,249.5,4,0,4-0
"BURGER KING, DOUBLE WHOPPER, no cheese",15.66,5.773,13.74,13.94,1.4,251.7,4,0,4-0
"BURGER KING, DOUBLE WHOPPER, with cheese",17.06,6.998,13.52,14.47,1.6,265.5,4,0,4-0
"BURGER KING, Chicken Strips",15.25,2.699,20.49,18.2,1.3,292.0,4,0,4-0
"KFC, Popcorn Chicken",21.74,3.954,21.18,17.67,1.0,351.1,2,0,2-0
"KFC, Fried Chicken, ORIGINAL RECIPE, Breast, meat only, skin and breading removed",4.56,1.03,0.0,26.89,0.0,148.6,4,0,4-0
"KFC, Fried Chicken, ORIGINAL RECIPE, Drumstick, meat only, skin and breading removed",7.66,1.838,0.11,26.3,0.0,174.6,4,0,4-0
"KFC, Fried Chicken, ORIGINAL RECIPE, Thigh, meat only, skin and breading removed",9.31,2.308,0.01,22.78,0.0,175.0,4,0,4-0
"KFC, Fried Chicken, EXTRA CRISPY, Thigh, meat only, skin and breading removed",9.96,2.709,0.0,22.41,0.0,179.3,4,0,4-0
"KFC, Fried Chicken, EXTRA CRISPY, Wing, meat only, skin and breading removed",12.13,2.603,2.97,28.67,0.0,235.7,4,0,4-0
"POPEYES, Fried Chicken, Mild, Breast, meat only, skin and breading removed",4.52,1.368,0.0,28.98,0.0,156.6,4,0,4-0
"POPEYES, Fried Chicken, Mild, Drumstick, meat only, skin and breading removed",7.14,2.282,0.04,26.51,0.0,170.5,4,0,4-0
"POPEYES, Fried Chicken, Mild, Thigh, meat and skin with breading",20.99,7.344,11.2,19.14,0.5,310.3,2,0,2-0
"POPEYES, Fried Chicken, Mild, Wing, meat and skin with breading",22.48,8.021,13.52,20.4,0.6,338.0,2,0,2-0
"Fast foods, grilled chicken, bacon and tomato club sandwich, with cheese, lettuce, and mayonnaise",8.05,3.109,19.87,17.19,1.2,220.7,4,0,4-0
"Fast foods, crispy chicken, bacon, and tomato club sandwich, with cheese, lettuce, and mayonnaise",11.76,3.372,22.61,15.38,1.2,257.8,4,0,4-0
"Fast Foods, Fried Chicken, Wing, meat only, skin and breading removed",10.2,2.651,2.13,28.77,0.0,215.4,4,0,4-0
"Fast Foods, Fried Chicken, Breast, meat and skin and breading",12.44,3.316,6.03,23.51,0.1,230.1,4,0,4-0
"Fast Foods, Fried Chicken, Drumstick, meat and skin with breading",16.92,4.458,7.59,21.13,0.5,267.2,4,0,4-0
"DIGIORNO Pizza, pepperoni topping, thin crispy crust, frozen, baked",12.86,4.973,28.67,13.22,2.8,283.3,2,0,2-0
"Fast Food, Pizza Chain, 14"" pizza, pepperoni topping, thin crust",17.61,7.115,29.0,14.01,2.3,330.5,2,0,2-0
"Fast foods, quesadilla, with chicken",15.25,6.154,24.04,15.05,1.7,293.6,2,0,2-0
"PIZZA HUT 14"" Sausage Pizza, THIN 'N CRISPY Crust",16.9,6.698,28.7,13.95,2.4,322.7,2,0,2-0
"PIZZA HUT 14"" Sausage Pizza, Hand-Tossed Crust",13.5,5.459,29.39,11.92,2.3,286.7,2,0,2-0
"WENDY'S, DAVE'S Hot 'N Juicy 1/4 LB, single",15.8,5.746,17.73,13.69,1.1,267.9,4,0,4-0
"McDONALD'S, Southern Style Chicken Biscuit",14.93,5.712,30.56,11.93,1.4,304.3,2,0,2-0
"McDONALD'S, RANCH SNACK WRAP, Crispy",15.1,3.837,23.22,11.48,1.3,274.7,2,0,2-0
"McDONALD'S, RANCH SNACK WRAP, Grilled",10.31,3.363,18.43,13.77,0.9,221.6,4,0,4-0
"Beef, chuck, short ribs, boneless, separable lean only, trimmed to 0"" fat, choice, raw",10.7,4.55,0.29,19.38,0.0,175.0,4,0,4-0
"Fast foods, crispy chicken in tortilla, with lettuce, cheese, and ranch sauce",15.1,3.837,23.22,11.48,1.3,274.7,2,0,2-0
"Fast foods, grilled chicken in tortilla, with lettuce, cheese, and ranch sauce",10.31,3.363,18.43,13.77,0.9,221.6,4,0,4-0
"Fast foods, breakfast burrito, with egg, cheese, and sausage",15.63,6.404,22.97,11.1,1.2,277.0,2,0,2-0
"CHICK-FIL-A, chicken sandwich",11.19,2.123,20.89,16.28,1.4,249.4,4,0,4-0
"ARBY'S, roast beef sandwich, classic",10.3,3.399,22.21,15.17,1.3,242.2,4,0,4-0
"School Lunch, chicken patty, whole grain breaded",13.93,2.642,12.5,17.64,2.3,245.9,4,0,4-0
"School Lunch, chicken nuggets, whole grain breaded",12.9,2.83,22.86,15.67,2.2,270.2,4,0,4-0
"Beef, chuck, short ribs, boneless, separable lean only, trimmed to 0"" fat, all grades, raw",10.02,4.312,0.05,19.68,0.0,169.1,4,0,4-0
"Beef, chuck eye Country-Style ribs, boneless, separable lean only, trimmed to 0"" fat, choice, cooked, braised",12.22,5.38,0.0,30.95,0.0,233.8,4,0,4-0
"Beef, chuck eye Country-Style ribs, boneless, separable lean only, trimmed to 0"" fat, select, cooked, braised",10.24,3.0,0.0,32.1,0.0,220.6,4,0,4-0
"Beef, chuck eye Country-Style ribs, boneless, separable lean only, trimmed to 0"" fat, all grades, cooked, braised",11.43,4.99,0.0,31.41,0.0,228.5,4,0,4-0
"Beef, chuck eye Country-Style ribs, boneless, separable lean only, trimmed to 0"" fat, choice, raw",7.67,3.419,0.0,20.87,0.0,152.5,4,0,4-0
"Beef, chuck eye steak, boneless, separable lean only, trimmed to 0"" fat, all grades, cooked, grilled",10.79,4.83,0.0,27.94,0.0,208.9,4,0,4-0
"Beef, chuck eye steak, boneless, separable lean only, trimmed to 0"" fat, choice, raw",8.29,3.605,0.0,21.31,0.0,159.8,4,0,4-0
"Beef, chuck eye steak, boneless, separable lean only, trimmed to 0"" fat, select, raw",6.47,2.759,0.0,21.28,0.0,143.4,4,0,4-0
"Beef, chuck eye steak, boneless, separable lean only, trimmed to 0"" fat, all grades, raw",7.56,3.267,0.0,21.29,0.0,153.2,4,0,4-0
"Beef, chuck, mock tender steak, boneless, separable lean only, trimmed to 0"" fat, select, cooked, braised",5.44,2.238,0.0,32.96,0.0,180.8,4,0,4-0
"Beef, chuck, mock tender steak, boneless, separable lean only, trimmed to 0"" fat, all grades, cooked, braised",6.34,2.52,0.0,33.31,0.0,190.3,4,0,4-0
"Beef, chuck, mock tender steak, boneless, separable lean only, trimmed to 0"" fat, choice, raw",4.6,1.884,0.0,21.36,0.0,126.8,4,0,4-0
"Beef, chuck, mock tender steak, boneless, separable lean only, trimmed to 0"" fat, select, raw",3.53,1.47,0.0,21.22,0.0,116.6,4,0,4-0
"Beef, chuck for stew, separable lean and fat, select, raw",3.99,1.748,0.21,21.9,0.0,124.4,4,0,4-0
"Beef, chuck for stew, separable lean and fat, choice, raw",4.81,1.988,0.12,21.64,0.0,130.3,4,0,4-0
"Beef, chuck, under blade steak, boneless, separable lean only, trimmed to 0"" fat, choice, cooked, braised",10.91,4.253,0.0,30.91,0.0,221.8,4,0,4-0
"Beef, chuck, under blade steak, boneless, separable lean only, trimmed to 0"" fat, select, cooked, braised",9.66,3.567,0.0,32.01,0.0,215.0,4,0,4-0
"Beef, chuck, under blade pot roast or steak, boneless, separable lean and fat, trimmed to 0"" fat, all grades, raw",13.26,5.726,0.0,19.17,0.0,196.0,4,0,4-0
"Beef, chuck, under blade pot roast or steak, boneless, separable lean and fat, trimmed to 0"" fat, choice, raw",13.93,5.896,0.0,19.15,0.0,202.0,4,0,4-0
"Beef, chuck, under blade pot roast or steak, boneless, separable lean and fat, trimmed to 0"" fat, select, raw",12.27,5.473,0.0,19.2,0.0,187.2,4,0,4-0
"Beef, chuck, under blade center steak, boneless, Denver Cut, separable lean and fat, trimmed to 0"" fat, all grades, cooked, grilled",13.54,5.692,0.21,26.18,0.0,227.4,4,0,4-0
"Beef, chuck, under blade center steak, boneless, Denver Cut, separable lean and fat, trimmed to 0"" fat, select, raw",10.5,4.37,0.09,19.2,0.0,171.7,4,0,4-0
"Beef, shoulder pot roast or steak, boneless, separable lean and fat, trimmed to 0"" fat, choice, raw",5.33,2.124,0.07,21.17,0.0,132.9,4,0,4-0
"Beef, shoulder pot roast or steak, boneless, separable lean and fat, trimmed to 0"" fat, select, raw",4.44,1.897,0.0,21.72,0.0,126.8,4,0,4-0
"Beef, chuck eye roast, boneless, America's Beef Roast, separable lean and fat, trimmed to 0"" fat, all grades, cooked, roasted",15.29,6.354,0.0,24.63,0.0,236.1,4,0,4-0
"Beef, chuck, mock tender steak, boneless, separable lean and fat, trimmed to 0"" fat, all grades, cooked, braised",10.18,3.638,0.0,32.07,0.0,219.9,4,0,4-0
"Beef, chuck, mock tender steak, boneless, separable lean and fat, trimmed to 0"" fat, choice, cooked, braised",10.74,3.888,0.0,32.21,0.0,225.5,4,0,4-0
"Beef, chuck, mock tender steak, boneless, separable lean and fat, trimmed to 0"" fat, select, cooked, braised",9.34,3.263,0.0,31.86,0.0,211.5,4,0,4-0
"Beef, chuck, mock tender steak, boneless, separable lean and fat, trimmed to 0"" fat, all grades, raw",4.79,2.059,0.0,21.13,0.0,127.6,4,0,4-0
"Beef, chuck, short ribs, boneless, separable lean and fat, trimmed to 0"" fat, select, cooked, braised",20.38,9.144,0.0,25.81,0.0,286.7,4,0,4-0
"Beef, chuck, short ribs, boneless, separable lean and fat, trimmed to 0"" fat, all grades, raw",18.33,7.979,0.0,17.48,0.0,234.9,4,0,4-0
"Beef, chuck, short ribs, boneless, separable lean and fat, trimmed to 0"" fat, choice, raw",19.03,8.141,0.0,17.22,0.0,240.2,4,0,4-0
"Beef, chuck, short ribs, boneless, separable lean and fat, trimmed to 0"" fat, select, raw",17.28,7.738,0.0,17.87,0.0,227.0,4,0,4-0
"Beef, chuck eye Country-Style ribs, boneless, separable lean and fat, trimmed to 0"" fat, choice, cooked, braised",21.56,9.268,0.0,27.16,0.0,302.7,4,0,4-0
"Beef, chuck eye Country-Style ribs, boneless, separable lean and fat, trimmed to 0"" fat, select, cooked, braised",19.03,8.621,0.0,28.47,0.0,285.2,4,0,4-0
"Beef, chuck eye Country-Style ribs, boneless, separable lean and fat, trimmed to 0"" fat, all grades, raw",14.32,6.154,0.0,18.97,0.0,204.8,4,0,4-0
"Beef, chuck eye Country-Style ribs, boneless, separable lean and fat, trimmed to 0"" fat, choice, raw",14.99,6.387,0.0,18.87,0.0,210.4,4,0,4-0
"Beef, chuck eye Country-Style ribs, boneless, separable lean and fat, trimmed to 0"" fat, select, raw",13.33,5.805,0.0,19.1,0.0,196.4,4,0,4-0
"Beef, chuck eye steak, boneless, separable lean and fat, trimmed to 0"" fat, choice, raw",16.85,7.176,0.0,18.86,0.0,227.1,4,0,4-0
"Beef, chuck eye steak, boneless, separable lean and fat, trimmed to 0"" fat, select, raw",15.6,6.644,0.0,18.86,0.0,215.8,4,0,4-0
"Beef, rib eye roast, bone-in, lip-on, separable lean only, trimmed to 1/8"" fat, all grades, cooked, roasted",13.64,5.258,0.0,27.12,0.0,231.2,4,0,4-0
"Beef, rib eye roast, bone-in, lip-on, separable lean only, trimmed to 1/8"" fat, select, cooked, roasted",12.29,4.736,0.0,27.03,0.0,218.7,4,0,4-0
"Beef, rib eye steak/roast, bone-in, lip-on, separable lean only, trimmed to 1/8"" fat, select, raw",7.64,3.039,0.0,21.65,0.0,155.4,4,0,4-0
"Beef, rib eye steak/roast, boneless, lip-on, separable lean only, trimmed to 1/8"" fat, all grades, raw",7.54,2.759,0.0,21.99,0.0,155.8,4,0,4-0
"Beef, rib eye steak/roast, boneless, lip-on, separable lean only, trimmed to 1/8"" fat, choice, raw",8.29,3.057,0.0,21.62,0.0,161.1,4,0,4-0
"Beef, rib eye steak/roast, boneless, lip-on, separable lean only, trimmed to 1/8"" fat, select, raw",6.41,2.313,0.0,22.55,0.0,147.9,4,0,4-0
"Beef, rib eye roast, boneless, lip-on, separable lean only, trimmed to 1/8"" fat, choice, cooked, roasted",13.01,5.187,0.0,27.87,0.0,228.6,4,0,4-0
"Cheese, fontina",31.14,19.196,1.55,25.6,0.0,388.9,2,0,2-0
"Cheese, monterey",30.28,19.066,0.68,24.48,0.0,373.2,2,0,2-0
"Cheese, mozzarella, whole milk",22.14,13.9,2.4,22.17,0.0,297.5,2,0,2-0
"Cheese, mozzarella, whole milk, low moisture",24.64,15.561,2.47,21.6,0.0,318.0,2,0,2-0
"Cheese, mozzarella, part skim milk",15.92,10.114,2.77,24.26,0.0,251.4,4,0,4-0
"Cheese, parmesan, hard",25.0,14.85,3.22,35.75,0.0,380.9,2,0,2-0
"Cheese, port de salut",28.2,16.691,0.57,23.78,0.0,351.2,2,0,2-0
"Cheese, provolone",26.62,17.078,2.14,25.58,0.0,350.5,2,0,2-0
"Cheese, tilsit",25.98,16.775,1.88,24.41,0.0,339.0,2,0,2-0
"Cheese, pasteurized process, American, fortified with vitamin D",30.71,18.057,4.78,18.13,0.0,368.0,2,0,2-0
"Cheese, pasteurized process, pimento",31.2,19.663,1.73,22.13,0.1,376.2,2,0,2-0
"Cheese, pasteurized process, swiss",25.01,16.045,2.1,24.73,0.0,332.4,2,0,2-0
"Cheese food, cold pack, American",24.46,15.355,8.32,19.66,0.0,332.1,2,0,2-0
"Cream, fluid, light whipping",30.91,19.337,2.96,2.17,0.0,298.7,2,0,2-0
"Cream, fluid, heavy whipping",36.08,23.032,2.84,2.84,0.0,347.4,2,0,2-0
"Cream, whipped, cream topping, pressurized",22.22,13.831,12.49,3.2,0.0,262.7,2,0,2-0
"Cheese, American, nonfat or fat free",0.0,0.0,10.53,21.05,0.0,126.3,4,0,4-0
"Dessert topping, pressurized",22.3,18.912,16.07,0.98,0.0,268.9,2,0,2-0
"Dessert topping, semi solid, frozen",25.31,21.783,23.05,1.25,0.0,325.0,2,0,2-0
"Milk, dry, whole, with added vitamin D",26.71,16.742,38.42,26.32,0.0,499.4,2,0,2-0
"Egg, whole, raw, frozen, salted, pasteurized",10.07,3.178,0.83,10.97,0.0,137.8,4,0,4-0
"Egg, white, dried, stabilized, glucose reduced",0.32,0.118,4.51,84.08,0.0,357.2,4,0,4-0
"Cheese spread, American or Cheddar cheese base, reduced fat",8.88,5.647,10.71,13.41,0.0,176.4,4,0,4-0
"Cheese, Swiss, nonfat or fat free",0.0,0.0,3.4,28.4,0.0,127.2,4,0,4-0
"Cheese, mexican, queso cotija",30.0,17.5,3.97,20.0,0.0,365.9,2,0,2-0
"Cheese, cheddar, sharp, sliced",33.82,19.368,2.13,24.25,0.0,409.9,2,0,2-0
"Cheese, mozzarella, low moisture, part-skim, shredded",19.72,11.472,8.06,23.63,0.0,304.2,2,0,2-0
"Spices, mustard seed, ground",36.24,1.989,28.09,26.08,12.2,542.8,2,0,2-0
"Salad dressing, KRAFT Mayo Light Mayonnaise",32.9,5.0,8.5,0.6,0.1,332.5,2,0,2-0
"Salad dressing, russian dressing",26.18,2.39,31.9,0.69,0.7,366.0,2,0,2-0
"Salad dressing, sesame seed dressing, regular",45.2,6.2,8.6,3.1,1.0,453.6,2,0,2-0
"Salad dressing, mayonnaise, regular",74.85,11.703,0.57,0.96,0.0,679.8,3,0,3-0
"Salad dressing, mayonnaise, soybean and safflower oil, with salt",79.4,8.6,2.7,1.1,0.0,729.8,3,0,3-0
"Shortening, household, soybean (partially hydrogenated)-cottonseed (partially hydrogenated)",100.0,25.0,0.0,0.0,0.0,900.0,3,0,3-0
"Oil, soybean, salad or cooking, (partially hydrogenated)",100.0,14.9,0.0,0.0,0.0,900.0,3,0,3-0
"Oil, rice bran",100.0,19.7,0.0,0.0,0.0,900.0,3,0,3-0
"Oil, wheat germ",100.0,18.8,0.0,0.0,0.0,900.0,3,0,3-0
"Oil, palm",100.0,49.3,0.0,0.0,0.0,900.0,3,0,3-0
"Oil, sesame, salad or cooking",100.0,14.2,0.0,0.0,0.0,900.0,3,0,3-0
"Oil, sunflower, linoleic (less than 60%)",100.0,10.1,0.0,0.0,0.0,900.0,3,0,3-0
"Margarine, regular, hard, soybean (hydrogenated)",80.5,16.7,0.9,0.9,0.0,731.7,3,0,3-0
"Salad dressing, french dressing, commercial, regular, without salt",44.81,5.648,15.58,0.77,0.0,468.7,2,0,2-0
"Salad dressing, italian dressing, commercial, regular, without salt",28.37,4.474,10.43,0.38,0.0,298.6,2,0,2-0
"Oil, cottonseed, salad or cooking",100.0,25.9,0.0,0.0,0.0,900.0,3,0,3-0
"Oil, sunflower, linoleic, (approx. 65%)",100.0,10.3,0.0,0.0,0.0,900.0,3,0,3-0
"Oil, safflower, salad or cooking, linoleic, (over 70%)",100.0,6.203,0.0,0.0,0.0,900.0,3,0,3-0
"Oil, safflower, salad or cooking, high oleic (primary safflower oil of commerce)",100.0,7.541,0.0,0.0,0.0,900.0,3,0,3-0
"Oil, grapeseed",100.0,9.6,0.0,0.0,0.0,900.0,3,0,3-0
"Oil, corn, industrial and retail, all purpose salad or cooking",100.0,12.948,0.0,0.0,0.0,900.0,3,0,3-0
"Oil, walnut",100.0,9.1,0.0,0.0,0.0,900.0,3,0,3-0
"Oil, almond",100.0,8.2,0.0,0.0,0.0,900.0,3,0,3-0
"Oil, apricot kernel",100.0,6.3,0.0,0.0,0.0,900.0,3,0,3-0
"Oil, vegetable, Natreon canola, high stability, non trans, high oleic (70%)",100.0,6.511,0.0,0.0,0.0,900.0,3,0,3-0
"Salad Dressing, mayonnaise, light, SMART BALANCE, Omega Plus light",34.18,3.288,9.39,1.53,0.2,351.3,2,0,2-0
"Margarine-like, vegetable oil spread, 60% fat, tub, with salt, with added vitamin D",59.81,12.086,0.86,0.17,0.0,542.4,2,0,2-0
"Margarine-like vegetable-oil spread, stick/tub/bottle, 60% fat, with added vitamin D",59.17,10.042,0.0,0.6,0.0,534.9,2,0,2-0
"Margarine, regular, 80% fat, composite, stick, without salt, with added vitamin D",80.71,15.189,0.7,0.16,0.0,729.8,3,0,3-0
"Margarine-like, vegetable oil spread, 60% fat, stick/tub/bottle, without salt, with added vitamin D",59.81,12.086,0.86,0.17,0.0,542.4,2,0,2-0
"Oil, industrial, canola, high oleic",100.0,6.787,0.0,0.0,0.0,900.0,3,0,3-0
"Salad dressing, honey mustard, regular",40.83,5.0,23.33,0.87,0.4,464.3,2,0,2-0
"Salad dressing, poppyseed, creamy",33.33,6.061,23.73,0.92,0.3,398.6,2,0,2-0
"Chicken, broilers or fryers, meat and skin and giblets and neck, raw",14.83,4.24,0.13,18.33,0.0,207.3,4,0,4-0
"Chicken, broilers or fryers, meat and skin and giblets and neck, cooked, fried, flour",15.27,4.16,3.27,28.57,0.0,264.8,4,0,4-0
"Chicken, broilers or fryers, meat and skin and giblets and neck, roasted",13.27,3.7,0.06,26.78,0.0,226.8,4,0,4-0
"Chicken, broilers or fryers, meat and skin, cooked, stewed",12.56,3.5,0.0,24.68,0.0,211.8,4,0,4-0
"Chicken, broilers or fryers, meat only, raw",3.08,0.79,0.0,21.39,0.0,113.3,4,0,4-0
"Chicken, broilers or fryers, meat only, cooked, fried",9.12,2.46,1.69,30.57,0.1,211.1,4,0,4-0
"Chicken, broilers or fryers, meat only, cooked, roasted",7.41,2.04,0.0,28.93,0.0,182.4,4,0,4-0
"Chicken, broilers or fryers, skin only, cooked, roasted",40.68,11.42,0.0,20.36,0.0,447.6,2,0,2-0
"Chicken, broilers or fryers, skin only, cooked, stewed",33.04,9.28,0.0,15.22,0.0,358.2,2,0,2-0
"Chicken, broilers or fryers, giblets, raw",4.47,1.36,1.8,17.88,0.0,119.0,4,0,4-0
"Chicken, broilers or fryers, giblets, cooked, fried",13.46,3.8,4.35,32.54,0.0,268.7,4,0,4-0
"Chicken, heart, all classes, cooked, simmered",7.92,2.26,0.1,26.41,0.0,177.3,4,0,4-0
"Chicken, liver, all classes, raw",4.83,1.563,0.73,16.92,0.0,114.1,4,0,4-0
"Chicken, liver, all classes, cooked, simmered",6.51,2.06,0.87,24.46,0.0,159.9,4,0,4-0
"Chicken, broilers or fryers, light meat, meat and skin, raw",11.07,3.16,0.0,20.27,0.0,180.7,4,0,4-0
"Chicken, broilers or fryers, dark meat, meat and skin, cooked, fried, flour",16.91,4.58,4.08,27.22,0.0,277.4,4,0,4-0
"Chicken, broilers or fryers, dark meat, meat and skin, cooked, roasted",15.78,4.37,0.0,25.97,0.0,245.9,4,0,4-0
"Chicken, broilers or fryers, dark meat, meat and skin, cooked, stewed",14.66,4.06,0.0,23.5,0.0,225.9,4,0,4-0
"Chicken, broilers or fryers, dark meat, meat only, raw",4.31,1.1,0.0,20.08,0.0,119.1,4,0,4-0
"Chicken, broilers or fryers, dark meat, meat only, cooked, fried",11.62,3.12,2.59,28.99,0.0,230.9,4,0,4-0
"Chicken, broilers or fryers, dark meat, meat only, cooked, roasted",9.73,2.66,0.0,27.37,0.0,197.0,4,0,4-0
"Chicken, broilers or fryers, dark meat, meat only, cooked, stewed",8.98,2.45,0.0,25.97,0.0,184.7,4,0,4-0
"Chicken, broilers or fryers, back, meat and skin, cooked, roasted",20.97,5.82,0.0,25.95,0.0,292.5,4,0,4-0
"Chicken, broilers or fryers, back, meat and skin, cooked, stewed",18.14,5.02,0.0,22.18,0.0,252.0,4,0,4-0
"Chicken, broilers or fryers, back, meat only, raw",5.92,1.52,0.0,19.56,0.0,131.5,4,0,4-0
"Chicken, broilers or fryers, back, meat only, cooked, fried",15.32,4.12,5.68,29.99,0.0,280.6,4,0,4-0
"Chicken, broilers or fryers, breast, meat and skin, cooked, roasted",7.78,2.19,0.0,29.8,0.0,189.2,4,0,4-0
"Chicken, broilers or fryers, breast, meat and skin, cooked, stewed",7.42,2.08,0.0,27.39,0.0,176.3,4,0,4-0
"Chicken, broiler or fryers, breast, skinless, boneless, meat only, raw",2.62,0.563,0.0,22.5,0.0,113.6,4,0,4-0
"Chicken, broilers or fryers, breast, meat only, cooked, fried",4.71,1.29,0.51,33.44,0.0,178.2,4,0,4-0
"Squab, (pigeon), meat only, raw",7.5,1.96,0.0,17.5,0.0,137.5,4,0,4-0
"Squab, (pigeon), light meat without skin, raw",4.52,1.18,0.0,21.76,0.0,127.7,4,0,4-0
"Turkey, whole, meat and skin, raw",5.64,1.461,0.14,21.64,0.0,137.9,4,0,4-0
"Turkey, whole, skin (light and dark), roasted",39.31,11.356,0.57,23.94,0.0,451.8,2,0,2-0
"Turkey, whole, giblets, raw",5.09,1.452,0.07,18.18,0.0,118.8,4,0,4-0
"Turkey, whole, giblets, cooked, simmered",6.61,1.725,0.0,26.44,0.0,165.2,4,0,4-0
"Turkey, gizzard, all classes, raw",3.37,0.929,0.0,18.8,0.0,105.5,4,0,4-0
"Turkey, whole, neck, meat only, raw",6.04,1.647,0.0,16.51,0.0,120.4,4,0,4-0
"Turkey, whole, neck, meat only, cooked, simmered",7.36,2.216,0.0,22.48,0.0,156.2,4,0,4-0
"Turkey, whole, light meat, meat and skin, raw",7.43,1.899,0.15,21.96,0.0,155.3,4,0,4-0
"Turkey, whole, light meat, meat and skin, cooked, roasted",5.57,1.603,0.05,29.55,0.0,168.5,4,0,4-0
"Turkey, whole, dark meat, meat only, raw",2.5,0.683,0.15,21.28,0.0,108.2,4,0,4-0
"Turkey, whole, dark meat, cooked, roasted",6.04,1.807,0.0,27.71,0.0,165.2,4,0,4-0
"Turkey, all classes, back, meat and skin, cooked, roasted",14.38,4.18,0.16,26.59,0.0,236.4,4,0,4-0
"Turkey, all classes, breast, meat and skin, raw",7.02,1.91,0.0,21.89,0.0,150.7,4,0,4-0
"Turkey, all classes, wing, meat and skin, cooked, roasted",12.43,3.39,0.0,27.38,0.0,221.4,4,0,4-0
"Turkey, fryer-roasters, meat and skin, cooked, roasted",5.72,1.65,0.0,28.26,0.0,164.5,4,0,4-0
"Turkey, whole, back, meat only, raw",2.5,0.0,0.15,21.28,0.0,108.2,4,0,4-0
"Turkey, whole, back, meat only, cooked, roasted",6.04,1.807,0.0,27.71,0.0,165.2,4,0,4-0
"Turkey, whole, breast, meat only, raw",1.48,0.289,0.14,23.66,0.0,108.5,4,0,4-0
"Chicken, canned, meat only, with broth",7.95,2.2,0.0,21.77,0.0,158.6,4,0,4-0
"Pate de foie gras, canned (goose liver pate), smoked",43.84,14.45,4.67,11.4,0.0,458.8,2,0,2-0
"Turkey, canned, meat only, with broth",6.86,2.0,1.47,23.68,0.0,162.3,4,0,4-0
"Turkey, diced, light and dark meat, seasoned",6.0,1.75,1.0,18.7,0.0,132.8,4,0,4-0
"Poultry, mechanically deboned, from backs and necks with skin, raw",24.73,7.45,0.0,11.39,0.0,268.1,2,0,2-0
"Poultry, mechanically deboned, from backs and necks without skin, raw",15.48,4.71,0.0,13.79,0.0,194.5,4,0,4-0
"Poultry, mechanically deboned, from mature hens, raw",19.98,4.73,0.0,14.72,0.0,238.7,4,0,4-0
"Chicken, cornish game hens, meat and skin, cooked, roasted",18.21,5.05,0.0,22.27,0.0,253.0,4,0,4-0
"Chicken, cornish game hens, meat only, raw",3.33,0.85,0.0,20.04,0.0,110.1,4,0,4-0
"Chicken, cornish game hens, meat only, cooked, roasted",3.87,0.99,0.0,23.3,0.0,128.0,4,0,4-0
"Chicken, canned, no broth",8.1,2.25,0.9,25.3,0.0,177.7,4,0,4-0
"Chicken, wing, frozen, glazed, barbecue flavored",12.67,3.321,3.34,19.67,0.6,206.1,4,0,4-0
"Duck, young duckling, domesticated, White Pekin, leg, meat and skin, bone in, cooked, roasted",11.4,2.975,0.0,26.75,0.0,209.6,4,0,4-0
"Duck, young duckling, domesticated, White Pekin, leg, meat only, bone in, cooked without skin, braised",5.96,1.339,0.0,29.1,0.0,170.0,4,0,4-0
"Chicken, broiler, rotisserie, BBQ, drumstick, meat only",6.76,1.573,0.0,27.71,0.0,171.7,4,0,4-0
"Chicken, wing, frozen, glazed, barbecue flavored, heated (conventional oven)",14.87,3.966,3.36,22.24,0.5,236.2,4,0,4-0
"Chicken, ground, raw",8.1,2.301,0.04,17.44,0.0,142.8,4,0,4-0
"Chicken, ground, crumbles, cooked, pan-browned",10.92,3.11,0.0,23.28,0.0,191.4,4,0,4-0
"Chicken, broiler, rotisserie, BBQ, thigh, meat only",10.74,2.777,0.0,24.09,0.0,193.0,4,0,4-0
"Chicken, feet, boiled",14.6,3.92,0.2,19.4,0.0,209.8,4,0,4-0
"Chicken, broilers or fryers, rotisserie, original seasoning, thigh, meat only, cooked",11.09,2.866,0.0,24.06,0.0,196.0,4,0,4-0
"Chicken, broilers or fryers, rotisserie, original seasoning, wing, meat only, cooked",9.53,2.223,0.0,27.69,0.0,196.5,4,0,4-0
"Chicken, broilers or fryers, rotisserie, original seasoning, back, meat and skin, cooked",18.59,4.924,0.03,23.23,0.0,260.4,4,0,4-0
"Chicken, broilers or fryers, rotisserie, original seasoning, breast, meat and skin, cooked",8.18,2.114,0.02,27.48,0.0,183.6,4,0,4-0
"Chicken, broiler, rotisserie, BBQ, back, meat and skin",18.86,4.953,0.4,20.29,0.0,252.5,4,0,4-0
"Chicken, broiler, rotisserie, BBQ, breast, meat and skin",7.67,1.958,0.09,26.37,0.0,174.9,4,0,4-0
"Chicken, broiler, rotisserie, BBQ, drumstick, meat and skin",11.46,2.855,0.12,25.65,0.0,206.2,4,0,4-0
"Chicken, broiler, rotisserie, BBQ, thigh, meat and skin",15.08,3.927,0.12,22.51,0.0,226.2,4,0,4-0
"Turkey, drumstick, from whole bird, meat only, with added solution, roasted",6.0,1.807,0.0,26.1,0.0,158.4,4,0,4-0
"Turkey, thigh, from whole bird, meat only, with added solution, raw",4.12,1.124,0.15,19.27,0.0,114.8,4,0,4-0
"Turkey, retail parts, breast, meat and skin, with added solution, raw",6.75,1.24,0.03,20.79,0.0,144.0,4,0,4-0
"Turkey, thigh, from whole bird, meat only, with added solution, roasted",6.0,1.807,0.0,26.1,0.0,158.4,4,0,4-0
"Turkey, retail parts, wing, meat and skin, raw",13.79,3.549,0.05,19.53,0.0,202.4,4,0,4-0
"Turkey, retail parts, wing, meat and skin, cooked, roasted",13.29,3.656,0.13,28.74,0.0,235.1,4,0,4-0
"Turkey, retail parts, drumstick, meat and skin, raw",6.84,1.896,0.0,19.96,0.0,141.4,4,0,4-0
"Turkey, retail parts, drumstick, meat and skin, cooked, roasted",9.37,2.307,0.0,28.21,0.0,197.2,4,0,4-0
"Turkey, drumstick, from whole bird, meat only, raw",1.48,0.289,0.14,23.66,0.0,108.5,4,0,4-0
"Turkey, retail parts, thigh, meat and skin, cooked, roasted",9.5,2.96,0.41,23.95,0.0,182.9,4,0,4-0
"Turkey, back, from whole bird, meat and skin, with added solution, raw",15.41,2.73,0.15,16.86,0.0,206.7,4,0,4-0
"Turkey, back, from whole bird, meat and skin, with added solution, roasted",11.36,3.205,0.0,25.8,0.0,205.4,4,0,4-0
"Chicken, broiler or fryers, breast, skinless, boneless, meat only, cooked, braised",3.24,1.01,0.0,32.06,0.0,157.4,4,0,4-0
"Sauce, pesto, MEZZETTA, NAPA VALLEY BISTRO, basil pesto, ready-to-serve",49.88,8.007,5.12,6.69,1.3,496.2,2,0,2-0
"Beef, chuck, short ribs, boneless, separable lean only, trimmed to 0"" fat, select, raw",8.99,3.94,0.0,20.14,0.0,161.5,4,0,4-0
"Beef, chuck eye Country-Style ribs, boneless, separable lean only, trimmed to 0"" fat, select, raw",5.89,2.57,0.0,21.1,0.0,137.4,4,0,4-0
"Beef, chuck eye Country-Style ribs, boneless, separable lean only, trimmed to 0"" fat, all grades, raw",6.95,3.03,0.0,20.96,0.0,146.4,4,0,4-0
"Beef, chuck eye steak, boneless, separable lean only, trimmed to 0"" fat, choice, cooked, grilled",11.47,4.895,0.0,27.97,0.0,215.1,4,0,4-0
"Beef, chuck eye steak, boneless, separable lean only, trimmed to 0"" fat, select, cooked, grilled",9.77,2.9,0.0,27.88,0.0,199.4,4,0,4-0
"Beef, shoulder pot roast, boneless, separable lean only, trimmed to 0"" fat, choice, cooked, braised",8.3,2.835,0.0,31.32,0.0,200.0,4,0,4-0
"Beef, shoulder pot roast, boneless, separable lean only, trimmed to 0"" fat, select, cooked, braised",7.02,2.239,0.0,31.71,0.0,190.0,4,0,4-0
"Beef, shoulder pot roast, boneless, separable lean only, trimmed to 0"" fat, all grades, cooked, braised",7.78,2.596,0.0,31.48,0.0,195.9,4,0,4-0
"Beef, chuck, mock tender steak, boneless, separable lean only, trimmed to 0"" fat, choice, cooked, braised",6.94,2.708,0.0,33.55,0.0,196.7,4,0,4-0
"Beef, chuck, mock tender steak, boneless, separable lean only, trimmed to 0"" fat, all grades, raw",4.17,1.7,0.0,21.3,0.0,122.7,4,0,4-0
"Beef, chuck for stew, separable lean and fat, all grades, cooked, braised",6.82,2.8,0.0,32.41,0.0,191.0,4,0,4-0
"Beef, chuck for stew, separable lean and fat, select, cooked, braised",6.34,2.514,0.0,32.29,0.0,186.2,4,0,4-0
"Beef, chuck for stew, separable lean and fat, choice, cooked, braised",7.14,2.87,0.0,32.49,0.0,194.2,4,0,4-0
"Beef, chuck for stew, separable lean and fat, all grades, raw",4.48,1.86,0.16,21.75,0.0,128.0,4,0,4-0
"Beef, chuck, under blade steak, boneless, separable lean only, trimmed to 0"" fat, all grades, cooked, braised",10.41,3.981,0.0,31.35,0.0,219.1,4,0,4-0
"Beef, chuck, under blade pot roast, boneless, separable lean and fat, trimmed to 0"" fat, all grades, cooked, braised",20.49,8.261,0.0,26.7,0.0,291.2,4,0,4-0
"Beef, rib eye steak, boneless, lip-on, separable lean only, trimmed to 1/8"" fat, all grades, cooked, grilled",10.57,4.2,0.0,27.97,0.0,207.0,4,0,4-0
"Beef, rib eye roast, bone-in, lip-on, separable lean only, trimmed to 1/8"" fat, choice, cooked, roasted",14.55,5.606,0.0,27.18,0.0,239.7,4,0,4-0
"Beef, chuck, under blade center steak, boneless, Denver Cut, separable lean and fat, trimmed to 0"" fat, choice, cooked, grilled",14.41,5.963,0.4,26.1,0.0,235.7,4,0,4-0
"Beef, chuck, under blade center steak, boneless, Denver Cut, separable lean and fat, trimmed to 0"" fat, select, cooked, grilled",12.25,5.285,0.0,26.3,0.0,215.4,4,0,4-0
"Beef, chuck, under blade center steak, boneless, Denver Cut, separable lean and fat, trimmed to 0"" fat, all grades, raw",11.64,4.831,0.36,18.99,0.0,182.2,4,0,4-0
"Beef, chuck, under blade center steak, boneless, Denver Cut, separable lean and fat, trimmed to 0"" fat, choice, raw",12.4,5.137,0.53,18.85,0.0,189.1,4,0,4-0
"Beef, chuck eye roast, boneless, America's Beef Roast, separable lean and fat, trimmed to 0"" fat, choice, cooked, roasted",15.87,6.462,0.0,24.47,0.0,240.7,4,0,4-0
"Beef, chuck eye roast, boneless, America's Beef Roast, separable lean and fat, trimmed to 0"" fat, select, cooked, roasted",14.41,6.192,0.0,24.86,0.0,229.1,4,0,4-0
"Beef, chuck, under blade steak, boneless, separable lean and fat, trimmed to 0"" fat, all grades, cooked, braised",18.0,7.256,0.0,28.23,0.0,274.9,4,0,4-0
"Beef, chuck, under blade steak, boneless, separable lean and fat, trimmed to 0"" fat, choice, cooked, braised",19.3,7.666,0.0,27.6,0.0,284.1,4,0,4-0
"Beef, chuck, under blade steak, boneless, separable lean and fat, trimmed to 0"" fat, select, cooked, braised",16.05,6.629,0.0,29.18,0.0,261.2,4,0,4-0
"Beef, chuck, mock tender steak, boneless, separable lean and fat, trimmed to 0"" fat, choice, raw",5.18,2.114,0.0,21.19,0.0,131.4,4,0,4-0
"Beef, chuck, mock tender steak, boneless, separable lean and fat, trimmed to 0"" fat, select, raw",4.2,1.976,0.0,21.05,0.0,122.0,4,0,4-0
"Beef, chuck, short ribs, boneless, separable lean and fat, trimmed to 0"" fat, all grades, cooked, braised",22.58,10.04,0.0,25.48,0.0,305.1,2,0,2-0
"Beef, chuck, short ribs, boneless, separable lean and fat, trimmed to 0"" fat, choice, cooked, braised",24.05,10.638,0.0,25.26,0.0,317.5,2,0,2-0
"Beef, shoulder pot roast, boneless, separable lean and fat, trimmed to 0"" fat, all grades, cooked, braised",8.92,3.112,0.0,31.03,0.0,204.4,4,0,4-0
"Beef, shoulder pot roast, boneless, separable lean and fat, trimmed to 0"" fat, choice, cooked, braised",9.25,3.264,0.0,30.93,0.0,207.0,4,0,4-0
"Beef, shoulder pot roast, boneless, separable lean and fat, trimmed to 0"" fat, select, cooked, braised",8.41,2.884,0.0,31.18,0.0,200.4,4,0,4-0
"Beef, chuck eye Country-Style ribs, boneless, separable lean and fat, trimmed to 0"" fat, all grades, cooked, braised",20.55,9.009,0.0,27.69,0.0,295.7,4,0,4-0
"Beef, chuck eye steak, boneless, separable lean and fat, trimmed to 0"" fat, all grades, cooked, grilled",19.64,8.66,0.0,24.98,0.0,276.7,4,0,4-0
"Beef, chuck eye steak, boneless, separable lean and fat, trimmed to 0"" fat, choice, cooked, grilled",20.35,8.677,0.0,24.95,0.0,283.0,4,0,4-0
"Beef, chuck eye steak, boneless, separable lean and fat, trimmed to 0"" fat, select, cooked, grilled",18.57,8.633,0.0,25.03,0.0,267.2,4,0,4-0
"Beef, chuck eye steak, boneless, separable lean and fat, trimmed to 0"" fat, all grades, raw",16.35,6.963,0.0,18.86,0.0,222.6,4,0,4-0
"Beef, rib eye steak, boneless, lip-on, separable lean only, trimmed to 1/8"" fat, choice, cooked, grilled",11.97,4.645,0.0,27.3,0.0,216.9,4,0,4-0
"Beef, rib eye steak, boneless, lip-on, separable lean only, trimmed to 1/8"" fat, select, cooked, grilled",8.48,3.534,0.0,28.98,0.0,192.2,4,0,4-0
"Beef, rib eye steak/roast, bone-in, lip-on, separable lean only, trimmed to 1/8"" fat, all grades, raw",9.04,3.544,0.0,21.22,0.0,166.2,4,0,4-0
"Beef, rib eye steak/roast, bone-in, lip-on, separable lean only, trimmed to 1/8"" fat, choice, raw",9.97,3.88,0.0,20.93,0.0,173.4,4,0,4-0
"Beef, rib eye steak, bone-in, lip-on, separable lean only, trimmed to 1/8"" fat, all grades, cooked, grilled",12.43,4.794,0.0,27.4,0.0,221.5,4,0,4-0
"Beef, rib eye steak, bone-in, lip-on, separable lean only, trimmed to 1/8"" fat, choice, cooked, grilled",13.44,4.897,0.0,27.03,0.0,229.1,4,0,4-0
"Beef, rib eye steak, bone-in, lip-on, separable lean only, trimmed to 1/8"" fat, select, cooked, grilled",10.91,4.639,0.0,27.96,0.0,210.0,4,0,4-0
"Beef, rib eye roast, boneless, lip-on, separable lean only, trimmed to 1/8"" fat, all grades, cooked, roasted",11.68,4.535,0.0,28.21,0.0,218.0,4,0,4-0
"Cheese, gjetost",29.51,19.16,42.65,9.65,0.0,474.8,2,0,2-0
"Cheese, gouda",27.44,17.614,2.22,24.94,0.0,355.6,2,0,2-0
"Cheese, gruyere",32.34,18.913,0.36,29.81,0.0,411.7,2,0,2-0
"Cheese, limburger",27.25,16.746,0.49,20.05,0.0,327.4,2,0,2-0
"Cheese, mozzarella, low moisture, part-skim",19.78,11.295,5.58,23.75,0.0,295.3,4,0,4-0
"Cheese, muenster",30.04,19.113,1.12,23.41,0.0,368.5,2,0,2-0
"Cheese, neufchatel",22.78,12.79,3.59,9.15,0.0,256.0,2,0,2-0
"Cheese, parmesan, grated",27.84,15.371,13.91,28.42,0.0,419.9,2,0,2-0
"Cheese, romano",26.94,17.115,3.63,31.8,0.0,384.2,2,0,2-0
"Cheese, roquefort",30.64,19.263,2.0,21.54,0.0,369.9,2,0,2-0
"Cheese food, pasteurized process, American, vitamin D fortified",25.63,15.057,8.56,16.86,0.0,332.3,2,0,2-0
"Cheese food, pasteurized process, swiss",24.14,15.487,4.5,21.92,0.0,322.9,2,0,2-0
"Cheese spread, pasteurized process, American",21.23,13.327,8.73,16.41,0.0,291.6,2,0,2-0
"Egg, whole, raw, fresh",9.51,3.126,0.72,12.56,0.0,138.7,4,0,4-0
"Cheese, Mexican blend",32.14,16.07,0.13,23.54,0.0,383.9,2,0,2-0
"Cheese product, pasteurized process, American, vitamin D fortified",23.06,12.931,8.85,16.09,0.0,307.3,2,0,2-0
"Cheese, pasteurized process, American, without added vitamin D",31.79,18.057,3.7,18.13,0.0,373.4,2,0,2-0
"Cheese food, pasteurized process, American, without added vitamin D",25.63,15.057,8.56,16.86,0.0,332.3,2,0,2-0
"Cheese, cheddar, reduced fat (Includes foods for USDA's Food Distribution Program)",20.41,12.602,2.67,27.35,0.0,303.8,4,0,4-0
"Ice cream bar, stick or nugget, with crunch coating",25.26,17.895,37.12,2.11,1.1,384.3,2,0,2-0
"Cheese, cheddar, nonfat or fat free",0.0,0.0,7.14,32.14,0.0,157.1,4,0,4-0
"Spices, poppy seed",41.56,4.517,28.13,17.99,19.5,558.5,2,0,2-0
"Fat, beef tallow",100.0,49.8,0.0,0.0,0.0,900.0,3,0,3-0
Lard,100.0,39.2,0.0,0.0,0.0,900.0,3,0,3-0
"Salad dressing, thousand island, commercial, regular",35.06,5.092,14.64,1.09,0.8,378.5,2,0,2-0
"Salad dressing, mayonnaise, imitation, soybean without cholesterol",47.7,7.5,15.8,0.1,0.0,492.9,2,0,2-0
"Sandwich spread, with chopped pickle, regular, unspecified oils",34.0,5.1,22.4,0.9,0.4,399.2,2,0,2-0
"Oil, peanut, salad or cooking",100.0,16.9,0.0,0.0,0.0,900.0,3,0,3-0
"Oil, soybean, salad or cooking",100.0,15.65,0.0,0.0,0.0,900.0,3,0,3-0
"Oil, coconut",99.06,82.475,0.0,0.0,0.0,891.5,3,0,3-0
"Oil, olive, salad or cooking",100.0,13.808,0.0,0.0,0.0,900.0,3,0,3-0
"Salad dressing, french dressing, commercial, regular",39.07,6.093,18.79,0.87,2.4,430.3,2,0,2-0
"Margarine,spread, 35-39% fat, tub",37.98,8.656,1.52,0.23,0.0,348.8,2,0,2-0
"Salad dressing, french, home recipe",70.2,12.6,3.4,0.1,0.0,645.8,3,0,3-0
"Salad dressing, home recipe, vinegar and oil",50.1,9.1,2.5,0.0,0.0,460.9,2,0,2-0
"Salad dressing, mayonnaise, soybean oil, without salt",79.4,11.8,2.7,1.1,0.0,729.8,3,0,3-0
"Salad dressing, french, cottonseed, oil, home recipe",70.2,18.2,3.4,0.1,0.0,645.8,3,0,3-0
"Oil, cocoa butter",100.0,59.7,0.0,0.0,0.0,900.0,3,0,3-0
"Vegetable oil, palm kernel",100.0,81.5,0.0,0.0,0.0,900.0,3,0,3-0
"Oil, poppyseed",100.0,13.5,0.0,0.0,0.0,900.0,3,0,3-0
"Oil, tomatoseed",100.0,19.7,0.0,0.0,0.0,900.0,3,0,3-0
"Oil, teaseed",100.0,21.1,0.0,0.0,0.0,900.0,3,0,3-0
"Oil, soybean lecithin",100.0,15.005,0.0,0.0,0.0,900.0,3,0,3-0
"Oil, hazelnut",100.0,7.4,0.0,0.0,0.0,900.0,3,0,3-0
"Oil, babassu",100.0,81.2,0.0,0.0,0.0,900.0,3,0,3-0
"Oil, sheanut",100.0,46.6,0.0,0.0,0.0,900.0,3,0,3-0
"Oil, PAM cooking spray, original",78.69,5.025,20.69,0.26,0.0,792.0,3,0,3-0
"Margarine, margarine-like vegetable oil spread, 67-70% fat, tub",68.29,16.688,0.59,0.07,0.0,617.2,3,0,3-0
"Margarine, 80% fat, tub, CANOLA HARVEST Soft Spread (canola, palm and palm kernel oils)",80.32,11.648,1.39,0.41,0.0,730.1,3,0,3-0
"Oil, cooking and salad, ENOVA, 80% diglycerides",100.0,4.63,0.0,0.0,0.0,900.0,3,0,3-0
"Margarine-like, vegetable oil spread, approximately 37% fat, unspecified oils, with salt, with added vitamin D",37.77,8.637,0.66,0.51,0.0,344.6,2,0,2-0
"Margarine, regular, 80% fat, composite, stick, with salt, with added vitamin D",80.71,15.189,0.7,0.16,0.0,729.8,3,0,3-0
"Margarine, regular, 80% fat, composite, tub, with salt, with added vitamin D",80.17,14.224,0.75,0.22,0.0,725.4,3,0,3-0
"Margarine-like, vegetable oil spread, 60% fat, stick, with salt, with added vitamin D",60.39,10.884,0.69,0.12,0.0,546.8,2,0,2-0
"Oil, industrial, soy, low linolenic",100.0,15.084,0.0,0.0,0.0,900.0,3,0,3-0
"Oil, industrial, soy, ultra low linolenic",100.0,14.853,0.0,0.0,0.0,900.0,3,0,3-0
"Oil, industrial, soy, fully hydrogenated",100.0,93.966,0.0,0.0,0.0,900.0,3,0,3-0
"Oil, industrial, cottonseed, fully hydrogenated",100.0,93.608,0.0,0.0,0.0,900.0,3,0,3-0
"Oil, flaxseed, contains added sliced flaxseed",99.01,9.047,0.39,0.37,0.0,894.1,3,0,3-0
"Mayonnaise, reduced fat, with olive oil",40.0,5.37,0.0,0.37,0.0,361.5,2,0,2-0
"Chicken, broiler, rotisserie, BBQ, breast, meat only",3.57,0.863,0.0,28.04,0.0,144.3,4,0,4-0
"Chicken, broilers or fryers, meat and skin and giblets and neck, stewed",12.37,3.45,0.06,24.49,0.0,209.5,4,0,4-0
"Chicken, broilers or fryers, meat and skin, raw",15.06,4.31,0.0,18.6,0.0,209.9,4,0,4-0
"Chicken, broilers or fryers, meat and skin, cooked, fried, batter",17.35,4.61,9.42,22.54,0.3,284.0,4,0,4-0
"Chicken, broilers or fryers, meat and skin, cooked, fried, flour",14.92,4.06,3.15,28.56,0.1,261.1,4,0,4-0
"Chicken, broilers or fryers, meat and skin, cooked, roasted",13.6,3.79,0.0,27.3,0.0,231.6,4,0,4-0
"Chicken, broilers or fryers, meat only, cooked, stewed",6.71,1.84,0.0,27.29,0.0,169.6,4,0,4-0
"Chicken, broilers or fryers, skin only, raw",32.35,9.08,0.0,13.33,0.0,344.5,2,0,2-0
"Chicken, broilers or fryers, giblets, cooked, simmered",4.5,1.322,0.0,27.15,0.0,149.1,4,0,4-0
"Chicken, gizzard, all classes, raw",2.06,0.529,0.0,17.66,0.0,89.2,4,0,4-0
"Chicken, gizzard, all classes, cooked, simmered",2.68,0.67,0.0,30.39,0.0,145.7,4,0,4-0
"Chicken, heart, all classes, raw",9.33,2.66,0.71,15.55,0.0,149.0,4,0,4-0
"Chicken, broilers or fryers, light meat, meat and skin, cooked, fried, flour",12.09,3.32,1.82,30.45,0.1,237.9,4,0,4-0
"Chicken, broilers or fryers, light meat, meat and skin, cooked, roasted",10.85,3.05,0.0,29.02,0.0,213.7,4,0,4-0
"Chicken, broilers or fryers, light meat, meat and skin, cooked, stewed",9.97,2.8,0.0,26.14,0.0,194.3,4,0,4-0
"Chicken, broilers or fryers, dark meat, meat and skin, raw",18.34,5.26,0.0,16.69,0.0,231.8,4,0,4-0
"Chicken, broilers or fryers, light meat, meat only, raw",1.65,0.44,0.0,23.2,0.0,107.6,4,0,4-0
"Chicken, broilers or fryers, light meat, meat only, cooked, fried",5.54,1.52,0.42,32.82,0.0,182.8,4,0,4-0
"Chicken, broilers or fryers, light meat, meat only, cooked, roasted",4.51,1.27,0.0,30.91,0.0,164.2,4,0,4-0
"Chicken, broilers or fryers, light meat, meat only, cooked, stewed",3.99,1.12,0.0,28.88,0.0,151.4,4,0,4-0
"Chicken, broilers or fryers, separable fat, raw",67.95,20.25,0.0,3.73,0.0,626.5,3,0,3-0
"Chicken, broilers or fryers, back, meat and skin, raw",28.74,8.34,0.0,14.05,0.0,314.9,2,0,2-0
"Chicken, broilers or fryers, back, meat only, cooked, roasted",13.16,3.6,0.0,28.19,0.0,231.2,4,0,4-0
"Chicken, broilers or fryers, back, meat only, cooked, stewed",11.19,3.04,0.0,25.31,0.0,202.0,4,0,4-0
"Chicken, broilers or fryers, breast, meat and skin, raw",9.25,2.66,0.0,20.85,0.0,166.6,4,0,4-0
"Chicken, broilers or fryers, breast, meat and skin, cooked, fried, batter",13.2,3.52,8.99,24.84,0.3,254.1,4,0,4-0
"Chicken, broilers or fryers, breast, meat and skin, cooked, fried, flour",8.87,2.45,1.64,31.84,0.1,213.8,4,0,4-0
"Chicken, broilers or fryers, breast, meat only, cooked, roasted",3.57,1.01,0.0,31.02,0.0,156.2,4,0,4-0
"Chicken, broilers or fryers, breast, meat only, cooked, stewed",3.03,0.85,0.0,28.98,0.0,143.2,4,0,4-0
"Turkey, whole, meat and skin, cooked, roasted",7.39,2.155,0.06,28.55,0.0,181.0,4,0,4-0
"Turkey, whole, meat only, raw",1.93,0.459,0.14,22.64,0.0,108.5,4,0,4-0
"Turkey, whole, meat only, cooked, roasted",3.84,1.132,0.0,29.06,0.0,150.8,4,0,4-0
"Turkey, whole, skin (light and dark), raw",38.93,10.43,0.16,12.96,0.0,402.8,2,0,2-0
"Turkey, all classes, gizzard, cooked, simmered",4.64,1.059,0.0,26.45,0.0,147.6,4,0,4-0
"Turkey, all classes, heart, raw",7.44,1.923,0.4,16.7,0.0,135.4,4,0,4-0
"Turkey, all classes, heart, cooked, simmered",7.52,1.898,0.0,24.88,0.0,167.2,4,0,4-0
"Turkey, all classes, liver, raw",5.5,1.664,0.0,18.26,0.0,122.5,4,0,4-0
"Turkey, all classes, liver, cooked, simmered",8.18,2.304,0.0,27.0,0.0,181.6,4,0,4-0
"Turkey, dark meat, meat and skin, raw",8.97,2.413,0.15,19.81,0.0,160.6,4,0,4-0
"Turkey, whole, dark meat, meat and skin, cooked, roasted",9.95,2.93,0.07,27.27,0.0,198.9,4,0,4-0
"Turkey, whole, light meat, raw",1.48,0.289,0.14,23.66,0.0,108.5,4,0,4-0
"Turkey, all classes, light meat, cooked, roasted",2.08,0.593,0.0,30.13,0.0,139.2,4,0,4-0
"Turkey, all classes, breast, meat and skin, cooked, roasted",7.41,2.1,0.0,28.71,0.0,181.5,4,0,4-0
"Turkey, all classes, leg, meat and skin, raw",6.72,2.06,0.0,19.54,0.0,138.6,4,0,4-0
"Turkey, all classes, leg, meat and skin, cooked, roasted",9.82,3.06,0.0,27.87,0.0,199.9,4,0,4-0
"Turkey, all classes, wing, meat and skin, raw",12.32,3.28,0.0,20.22,0.0,191.8,4,0,4-0
"Turkey, whole, breast, meat only, cooked, roasted",2.08,0.593,0.0,30.13,0.0,139.2,4,0,4-0
"Turkey, whole, wing, meat only, raw",1.48,0.289,0.14,23.66,0.0,108.5,4,0,4-0
"Turkey, whole, wing, meat only, cooked, roasted",2.08,0.593,0.0,30.13,0.0,139.2,4,0,4-0
"Turkey, young hen, skin only, cooked, roasted",44.45,11.59,0.0,19.03,0.0,476.2,2,0,2-0
"Turkey breast, pre-basted, meat and skin, cooked, roasted",3.46,0.98,0.0,22.16,0.0,119.8,4,0,4-0
"Turkey thigh, pre-basted, meat and skin, cooked, roasted",8.54,2.65,0.0,18.8,0.0,152.1,4,0,4-0
"Turkey roast, boneless, frozen, seasoned, light and dark meat, raw",2.2,0.73,6.4,17.6,0.0,115.8,4,0,4-0
"Turkey, mechanically deboned, from turkey frames, raw",15.96,5.31,0.0,13.29,0.0,196.8,4,0,4-0
"Turkey, Ground, raw",7.66,2.024,0.0,19.66,0.0,147.6,4,0,4-0
"Turkey, Ground, cooked",10.4,2.669,0.0,27.37,0.0,203.1,4,0,4-0
"Chicken, cornish game hens, meat and skin, raw",14.02,3.89,0.0,17.15,0.0,194.8,4,0,4-0
"Chicken, wing, frozen, glazed, barbecue flavored, heated (microwave)",13.9,3.655,3.84,25.34,0.9,241.8,4,0,4-0
"Chicken, broilers or fryers, breast, skinless, boneless, meat only, with added solution, raw",3.0,0.545,0.0,20.32,0.0,108.3,4,0,4-0
"Duck, young duckling, domesticated, White Pekin, breast, meat and skin, boneless, cooked, roasted",10.85,2.922,0.0,24.5,0.0,195.6,4,0,4-0
"Duck, young duckling, domesticated, White Pekin, breast, meat only, boneless, cooked without skin, broiled",2.5,0.578,0.0,27.6,0.0,132.9,4,0,4-0
"Chicken patty, frozen, uncooked",20.04,4.013,13.61,14.33,1.2,292.1,2,0,2-0
"Chicken patty, frozen, cooked",19.58,3.662,12.84,14.85,0.3,287.0,2,0,2-0
"Chicken breast tenders, breaded, cooked, microwaved",12.89,3.2,17.56,16.35,0.0,251.6,4,0,4-0
"Chicken breast tenders, breaded, uncooked",15.75,3.26,15.01,14.73,1.1,260.7,4,0,4-0
"Chicken, broiler, rotisserie, BBQ, wing, meat only",7.79,2.134,0.54,28.34,0.0,185.6,4,0,4-0
"Chicken, broilers or fryers, rotisserie, original seasoning, back, meat only, cooked",11.54,3.007,0.0,25.34,0.0,205.2,4,0,4-0
"Chicken, broilers or fryers, rotisserie, original seasoning, breast, meat only, cooked",2.79,0.775,0.0,28.0,0.0,137.1,4,0,4-0
"Chicken, broilers or fryers, drumstick, rotisserie, original seasoning, meat only, cooked",6.81,1.594,0.0,28.74,0.0,176.2,4,0,4-0
"Chicken, broilers or fryers, rotisserie, original seasoning, skin only, cooked",37.24,9.994,0.11,17.66,0.0,406.2,2,0,2-0
"Chicken, broilers or fryers,  rotisserie, original seasoning, drumstick, meat and skin, cooked",11.98,3.02,0.02,26.86,0.0,215.3,4,0,4-0
"Chicken, broilers or fryers, rotisserie, original seasoning, thigh, meat and skin, cooked",15.7,4.123,0.02,22.93,0.0,233.1,4,0,4-0
"Chicken, broilers or fryers, rotisserie, original seasoning, wing, meat and skin, cooked",18.77,4.814,0.04,24.34,0.0,266.4,4,0,4-0
"Chicken, broiler, rotisserie, BBQ, skin",35.15,9.333,0.7,15.19,0.0,379.9,2,0,2-0
"Turkey, drumstick, from whole bird, meat only, with added solution, raw",4.12,1.124,0.15,19.27,0.0,114.8,4,0,4-0
"Turkey, wing, from whole bird, meat only, with added solution, raw",1.66,0.536,0.14,21.54,0.0,101.7,4,0,4-0
"Turkey, wing, from whole bird, meat only, with added solution, roasted",2.08,0.593,0.0,26.97,0.0,126.6,4,0,4-0
"Turkey, retail parts, breast, meat and skin, raw",7.45,1.756,0.0,21.88,0.0,154.6,4,0,4-0
"Turkey, retail parts, breast, meat and skin, cooked, roasted",5.33,1.657,0.05,29.01,0.0,164.2,4,0,4-0
"Turkey, drumstick, from whole bird, meat only, roasted",2.08,0.593,0.0,30.13,0.0,139.2,4,0,4-0
"Turkey, thigh, from whole bird, meat only, raw",2.5,0.683,0.15,21.28,0.0,108.2,4,0,4-0
"Turkey, thigh, from whole bird, meat only, roasted",6.04,1.807,0.0,27.71,0.0,165.2,4,0,4-0
"Turkey, retail parts, thigh, meat and skin, raw",9.16,2.386,0.0,19.54,0.0,160.6,4,0,4-0
"Chicken, broiler or fryers, breast, skinless, boneless, meat only, cooked, grilled",3.17,0.992,0.0,30.54,0.0,150.7,4,0,4-0
"Chicken, broiler or fryers, breast, skinless, boneless, meat only, with added solution, cooked, braised",3.61,1.193,0.0,28.24,0.0,145.4,4,0,4-0
"Chicken, broiler or fryers, breast, skinless, boneless, meat only, with added solution, cooked, grilled",3.39,1.012,0.0,29.5,0.0,148.5,4,0,4-0
"Soup, beef broth or bouillon, powder, dry",8.89,4.32,17.4,15.97,0.0,213.5,4,0,4-0
"Soup, beef broth, cubed, dry",4.0,1.99,16.1,17.3,0.0,169.6,4,0,4-0
"Soup, chicken broth or bouillon, dry",13.88,3.43,18.01,16.66,0.0,263.6,4,0,4-0
"Sauce, pesto, ready-to-serve, refrigerated",37.6,7.07,10.09,9.83,1.8,418.1,2,0,2-0
"Sauce, pesto, ready-to-serve, shelf stable",42.42,7.362,6.14,5.0,1.7,426.3,2,0,2-0
"Sauce, pesto, BUITONI, pesto with basil, ready-to-serve, refrigerated",37.6,7.07,10.09,9.83,1.8,418.1,2,0,2-0
"Sauce, pesto, CLASSICO, basil pesto, ready-to-serve",36.38,6.718,6.93,4.16,2.1,371.8,2,0,2-0
"Barbecue loaf, pork, beef",8.9,3.17,6.4,15.84,0.0,169.1,4,0,4-0
"Beerwurst, beer salami, pork",18.8,6.28,2.06,14.24,0.0,234.4,4,0,4-0
"Sausage, Berliner, pork, beef",17.2,6.08,2.59,15.27,0.0,226.2,4,0,4-0
Blood sausage,34.5,13.4,1.29,14.6,0.0,374.1,2,0,2-0
"Bockwurst, pork, veal, raw",25.87,10.256,2.95,14.03,1.0,300.8,2,0,2-0
"Bratwurst, pork, cooked",29.18,9.998,2.85,13.72,0.0,328.9,2,0,2-0
"Braunschweiger (a liver sausage), pork",28.5,9.307,3.1,14.5,0.0,326.9,2,0,2-0
"Bratwurst, pork, beef, link",27.8,9.93,2.98,14.3,0.0,319.3,2,0,2-0
"Cheesefurter, cheese smokie, pork, beef",29.0,10.47,1.51,14.1,0.0,323.4,2,0,2-0
"Frankfurter, chicken",16.19,3.856,2.74,15.51,0.0,218.7,4,0,4-0
"Frankfurter, turkey",17.29,4.028,3.81,12.23,0.0,219.8,4,0,4-0
"Ham, chopped, canned",18.83,6.291,0.26,16.06,0.0,234.7,4,0,4-0
"Ham, chopped, not canned",16.7,6.1,0.0,16.5,0.0,216.3,4,0,4-0
Ham and cheese loaf or roll,18.7,6.966,4.0,13.6,0.0,238.7,4,0,4-0
Ham and cheese spread,18.53,8.62,2.28,16.18,0.0,240.6,4,0,4-0
"Headcheese, pork",10.9,3.402,0.0,13.83,0.0,153.4,4,0,4-0
"Sausage, Italian, pork, mild, raw",24.26,8.615,2.97,13.9,0.0,285.8,2,0,2-0
"Sausage, pork and turkey, pre-cooked",30.64,9.881,3.63,12.05,0.0,338.5,2,0,2-0
"Frankfurter, meat and poultry, cooked, boiled",26.28,8.216,4.96,10.31,0.0,297.6,2,0,2-0
"Frankfurter, meat and poultry, cooked, grilled",26.43,8.218,5.24,10.67,0.0,301.5,2,0,2-0
"Pork sausage, link/patty, reduced fat, unprepared",16.55,4.368,0.2,16.75,0.0,216.8,4,0,4-0
"Pork sausage, link/patty, reduced fat, cooked, pan-fried",20.32,6.034,0.15,20.94,0.0,267.2,4,0,4-0
"Bologna, meat and poultry",23.77,7.389,6.31,10.34,0.0,280.5,2,0,2-0
"Meatballs, frozen, Italian style",22.21,7.627,8.06,14.4,2.3,289.7,2,0,2-0
"Bacon, turkey, microwaved",25.87,6.933,4.24,29.5,0.0,367.8,2,0,2-0
"Bacon, turkey, low sodium",20.0,6.667,4.8,13.33,0.0,252.5,4,0,4-0
"Beef, Australian, imported, grass-fed,  external fat, raw",51.36,22.65,0.39,11.32,0.0,509.1,2,0,2-0
"Beef, Australian, imported, grass-fed, seam fat, raw",57.73,26.584,1.06,9.58,0.0,562.1,2,0,2-0
"Beef, Australian, imported, Wagyu, external fat, Aust. marble score 4/5, raw",63.27,22.504,0.0,6.54,0.0,595.6,3,0,3-0
"Beef, Australian, imported, Wagyu, seam fat, Aust. marble score 4/5, raw",63.3,23.155,0.0,6.0,0.0,593.7,3,0,3-0
"Beef, Australian, imported, Wagyu, loin, tenderloin steak/roast, boneless, separable lean and fat, Aust. marble score 4/5, raw",14.09,6.105,0.0,19.71,0.0,205.6,4,0,4-0
"Beef, Australian, imported, grass-fed, loin, top loin steak/roast, boneless, separable lean and fat, raw",13.17,5.837,0.11,19.9,0.0,198.6,4,0,4-0
"Beef, Australian, imported, grass-fed, loin, top sirloin cap-off steak/roast, boneless, separable lean only, raw",3.87,1.601,0.0,21.9,0.0,122.4,4,0,4-0
"Beef, Australian, imported, grass-fed, rib, ribeye steak/roast lip-on, boneless, separable lean only, raw",8.2,3.596,0.0,21.47,0.0,159.7,4,0,4-0
"Beef, Australian, imported, Wagyu, loin, top loin steak/roast, boneless, separable lean only, Aust. marble score 9, raw",29.15,10.309,0.13,16.92,0.0,330.5,2,0,2-0
"Beef, Australian, imported, Wagyu, rib, small end rib steak/roast, boneless, separable lean only, Aust. marble score 4/5, raw",16.93,6.536,0.0,20.35,0.0,233.8,4,0,4-0
"Beef, Australian, imported, Wagyu, rib, small end rib steak/roast, boneless, separable lean only, Aust. marble score 9, raw",28.61,11.123,0.46,17.61,0.0,329.8,2,0,2-0
"Beef, Australian, imported, grass-fed, loin, top sirloin cap-off steak/roast, boneless, separable lean and fat, raw",4.45,1.859,0.01,21.77,0.0,127.2,4,0,4-0
"Beef, Australian, imported, Wagyu, rib, small end rib steak/roast, boneless, separable lean and fat, Aust. marble score 4/5, raw",27.64,10.329,0.0,17.07,0.0,317.0,2,0,2-0
"Beef, Australian, imported, Wagyu, rib, small end rib steak/roast, boneless, separable lean and fat, Aust. marble score 9, raw",38.3,13.942,0.28,14.54,0.0,404.0,2,0,2-0
"Beef, Australian, imported, Wagyu, loin, tenderloin steak/roast, boneless, separable lean and fat, Aust. marble score 9, raw",19.11,7.788,0.58,18.5,0.0,248.3,4,0,4-0
"Beef, round, top round steak, boneless, separable lean and fat, trimmed to 0"" fat, all grades, raw",3.34,1.287,0.0,23.49,0.0,124.0,4,0,4-0
"Beef, round, top round roast, boneless, separable lean and fat, trimmed to 0"" fat, select, raw",3.04,1.151,0.0,23.44,0.0,121.1,4,0,4-0
"Beef, round, eye of round roast, boneless, separable lean and fat, trimmed to 0"" fat, all grades, raw",3.44,1.276,0.0,23.27,0.0,124.0,4,0,4-0
"Beef, round, eye of round roast, boneless, separable lean and fat, trimmed to 0"" fat, choice, raw",3.74,1.308,0.0,23.26,0.0,126.7,4,0,4-0
"Beef, round, eye of round roast, boneless, separable lean and fat, trimmed to 0"" fat, select, raw",3.0,1.229,0.0,23.28,0.0,120.1,4,0,4-0
"Beef, loin, tenderloin roast, boneless, separable lean and fat, trimmed to 0"" fat, choice, raw",7.4,2.687,0.0,21.5,0.0,152.6,4,0,4-0
"Beef, loin, tenderloin roast, boneless, separable lean and fat, trimmed to 0"" fat, select, raw",6.21,2.166,0.0,21.91,0.0,143.5,4,0,4-0
"Beef, loin, top loin steak, boneless, lip off, separable lean and fat, trimmed to 0"" fat, all grades, raw",8.17,3.478,0.0,22.43,0.0,163.2,4,0,4-0
"Beef, loin, top loin steak, boneless, lip off, separable lean and fat, trimmed to 0"" fat, choice, raw",9.16,3.79,0.0,22.19,0.0,171.2,4,0,4-0
"Beef, loin, top loin steak, boneless, lip off, separable lean and fat, trimmed to 0"" fat, select, raw",6.67,2.91,0.0,22.79,0.0,151.2,4,0,4-0
"Beef, loin, tenderloin roast, boneless, separable lean and fat, trimmed to 0"" fat, choice, cooked, roasted",8.82,3.533,0.0,27.26,0.0,188.4,4,0,4-0
"Beef, loin, tenderloin roast, boneless, separable lean and fat, trimmed to 0"" fat, select, cooked, roasted",7.12,2.812,0.0,27.38,0.0,173.6,4,0,4-0
"Beef, round, top round roast, boneless, separable lean and fat, trimmed to 0"" fat, all grades, cooked, roasted",4.49,1.671,0.0,29.9,0.0,160.0,4,0,4-0
"Beef, round, top round roast, boneless, separable lean and fat, trimmed to 0"" fat, choice, cooked, roasted",4.79,1.837,0.0,30.08,0.0,163.4,4,0,4-0
"Beef, round, top round steak, boneless, separable lean only, trimmed to 0"" fat, all grades, raw",2.94,1.12,0.0,23.59,0.0,120.8,4,0,4-0
"Beef, round, top round steak, boneless, separable lean only, trimmed to 0"" fat, choice, raw",3.26,1.253,0.0,23.59,0.0,123.7,4,0,4-0
"Beef, round, top round steak, boneless, separable lean only, trimmed to 0"" fat, select, raw",2.45,0.92,0.0,23.59,0.0,116.4,4,0,4-0
"Beef, round, top round roast, boneless, separable lean only, trimmed to 0"" fat, all grades, raw",2.94,1.12,0.0,23.59,0.0,120.8,4,0,4-0
"Beef, round, eye of round steak, boneless, separable lean only, trimmed to 0"" fat, all grades, raw",3.04,1.086,0.0,23.37,0.0,120.8,4,0,4-0
"Beef, round, eye of round steak, boneless, separable lean only, trimmed to 0"" fat, choice, raw",3.38,1.137,0.0,23.35,0.0,123.8,4,0,4-0
"Beef, round, eye of round steak, boneless, separable lean only, trimmed to 0"" fat, select, raw",2.52,1.011,0.0,23.41,0.0,116.3,4,0,4-0
"Beef, loin, tenderloin roast, boneless, separable lean only, trimmed to 0"" fat, all grades, raw",5.74,1.956,0.0,21.94,0.0,139.4,4,0,4-0
"Beef, loin, top loin steak, boneless, lip off, separable lean only, trimmed to 0"" fat, select, raw",4.66,1.824,0.0,23.3,0.0,135.1,4,0,4-0
"Beef, loin, tenderloin steak, boneless, separable lean only, trimmed to 0"" fat, all grades, raw",5.74,1.956,0.0,21.94,0.0,139.4,4,0,4-0
"Beef, loin, tenderloin steak, boneless, separable lean only, trimmed to 0"" fat, choice, raw",6.16,2.123,0.0,21.78,0.0,142.6,4,0,4-0
"Beef, loin, tenderloin steak, boneless, separable lean only, trimmed to 0"" fat, select, raw",5.1,1.706,0.0,22.16,0.0,134.5,4,0,4-0
"Beef, round, top round roast, boneless, separable lean only, trimmed to 0"" fat, choice, cooked, roasted",4.11,1.547,0.06,30.24,0.0,158.2,4,0,4-0
"Beef, round, top round roast, boneless, separable lean only, trimmed to 0"" fat, select, cooked, roasted",3.37,1.136,0.0,29.81,0.0,149.6,4,0,4-0
"Beef, round, eye of round steak, boneless, separable lean only, trimmed to 0"" fat, all grades, cooked, grilled",3.9,1.41,0.0,29.85,0.0,154.5,4,0,4-0
"Beef, round, eye of round steak, boneless, separable lean only, trimmed to 0"" fat, choice, cooked, grilled",4.26,1.476,0.0,29.94,0.0,158.1,4,0,4-0
"Beef, loin, top loin steak, boneless, lip-on, separable lean and fat, trimmed to 1/8"" fat, select, raw",11.65,5.202,0.0,21.54,0.0,191.0,4,0,4-0
"Beef, loin, top loin steak, boneless, lip-on, separable lean and fat, trimmed to 1/8"" fat, all grades, raw",12.68,5.491,0.0,21.29,0.0,199.3,4,0,4-0
"Beef, composite of trimmed retail cuts, separable lean only, trimmed to 0"" fat, select, raw",4.99,1.973,0.0,22.03,0.0,133.0,4,0,4-0
"Beef, composite of trimmed retail cuts, separable lean and fat, trimmed to 0"" fat, select, raw",8.0,3.351,0.0,21.2,0.0,156.8,4,0,4-0
"Beef, composite of trimmed retail cuts, separable lean only, trimmed to 1/8"" fat, select, cooked",6.37,2.354,0.0,27.51,0.0,167.4,4,0,4-0
"Beef, composite of trimmed retail cuts, separable lean only, trimmed to 1/8"" fat, select, raw",4.55,1.664,0.0,22.37,0.0,130.4,4,0,4-0
"Beef, chuck, clod roast, separable lean only, trimmed to 1/4"" fat, all grades, cooked, roasted",6.75,2.144,0.0,26.36,0.0,166.2,4,0,4-0
"Beef, shoulder steak, boneless, separable lean only, trimmed to 0"" fat, all grades, cooked, grilled",5.82,2.43,0.0,28.6,0.0,166.8,4,0,4-0
"Beef, chuck, clod steak, separable lean only, trimmed to 1/4"" fat, all grades, cooked, braised",7.04,2.271,0.0,29.34,0.0,180.7,4,0,4-0
"Beef, chuck, mock tender steak, separable lean and fat, trimmed to 0"" fat, USDA choice, cooked, broiled",5.72,1.721,0.0,25.73,0.0,154.4,4,0,4-0
"Beef, chuck, clod roast, separable lean and fat, trimmed to 0"" fat, select, cooked, roasted",8.76,3.349,0.0,27.3,0.0,188.0,4,0,4-0
"Beef, shoulder steak, boneless, separable lean and fat, trimmed to 0"" fat, select, cooked, grilled",6.14,2.642,0.0,28.41,0.0,168.9,4,0,4-0
"Beef, plate, inside skirt steak, separable lean and fat, trimmed to 0"" fat, all grades, cooked, broiled",12.05,4.666,0.0,26.13,0.0,213.0,4,0,4-0
"Beef, plate, outside skirt steak, separable lean and fat, trimmed to 0"" fat, all grades, cooked, broiled",17.13,7.083,0.0,23.51,0.0,248.2,4,0,4-0
"Beef, shoulder steak, boneless, separable lean and fat, trimmed to 0"" fat, all grades, cooked, grilled",6.8,2.911,0.0,28.29,0.0,174.4,4,0,4-0
"Beef, ground, 95% lean meat / 5% fat, raw",5.0,2.182,0.0,21.41,0.0,130.6,4,0,4-0
"Beef, ground, 95% lean meat / 5% fat, patty, cooked, broiled",6.8,2.976,0.0,26.29,0.0,166.4,4,0,4-0
"Beef, ground, 95% lean meat / 5% fat, patty, cooked, pan-broiled",5.94,2.589,0.0,25.8,0.0,156.7,4,0,4-0
"Beef, ground, 90% lean meat / 10% fat, patty, cooked, pan-broiled",10.68,4.189,0.0,25.21,0.0,197.0,4,0,4-0
"Beef, ground, 90% lean meat / 10% fat, crumbles, cooked, pan-browned",12.04,4.712,0.0,28.45,0.0,222.2,4,0,4-0
"Beef, ground, 90% lean meat / 10% fat, loaf, cooked, baked",11.1,4.375,0.0,26.62,0.0,206.4,4,0,4-0
"Beef, ground, 85% lean meat / 15% fat, raw (Includes foods for USDA's Food Distribution Program)",15.0,5.715,0.0,18.59,0.0,209.4,4,0,4-0
"Beef, ground, 80% lean meat / 20% fat, patty, cooked, broiled",17.78,6.764,0.0,25.75,0.0,263.0,4,0,4-0
"Beef, ground, 80% lean meat / 20% fat, patty, cooked, pan-broiled",15.94,6.029,0.0,24.04,0.0,239.6,4,0,4-0
"Beef, ground, 80% lean meat / 20% fat, crumbles, cooked, pan-browned",17.36,6.546,0.0,27.0,0.0,264.2,4,0,4-0
"Beef, ground, 80% lean meat / 20% fat, loaf, cooked, baked",16.17,6.159,0.0,25.25,0.0,246.5,4,0,4-0
"Beef, ground, 75% lean meat / 25% fat, loaf, cooked, baked",16.5,6.356,0.0,24.56,0.0,246.7,4,0,4-0
"Beef, rib, small end (ribs 10-12), separable lean only, trimmed to 1/8"" fat, select, raw",4.2,1.553,0.0,22.53,0.0,127.9,4,0,4-0
"Beef, tenderloin, steak, separable lean only, trimmed to 1/8"" fat, select, raw",5.93,2.191,0.0,22.06,0.0,141.6,4,0,4-0
"Beef, top sirloin, steak, separable lean only, trimmed to 1/8"" fat, select, raw",3.54,1.307,0.0,22.27,0.0,120.9,4,0,4-0
"Beef, short loin, top loin, steak, separable lean only, trimmed to 1/8"" fat, select, cooked, grilled",5.73,2.183,0.0,29.44,0.0,169.3,4,0,4-0
"Beef, round, bottom round , roast, separable lean only, trimmed to 1/8"" fat, select, cooked, roasted",4.67,1.608,0.0,28.45,0.0,155.8,4,0,4-0
"Beef, round, eye of round, roast, separable lean only, trimmed to 1/8"" fat, select, cooked, roasted",4.11,1.416,0.0,29.59,0.0,155.4,4,0,4-0
"Beef, round, top round, steak, separable lean only, trimmed to 1/8"" fat, select, cooked, broiled",4.65,1.602,0.0,31.61,0.0,168.3,4,0,4-0
"Beef, round, eye of round, roast, separable lean only, trimmed to 1/8"" fat, all grades, cooked, roasted",4.71,1.624,0.0,29.73,0.0,161.3,4,0,4-0
"Beef, rib, small end (ribs 10-12), separable lean only, trimmed to 1/8"" fat, all grades, raw",5.04,1.864,0.0,22.33,0.0,134.7,4,0,4-0
"Beef, tenderloin, steak, separable lean only, trimmed to 1/8"" fat, all grades, cooked, broiled",8.39,3.195,0.0,29.04,0.0,191.7,4,0,4-0
"Beef, tenderloin, steak, separable lean only, trimmed to 1/8"" fat, all grades, raw",6.52,2.412,0.0,22.12,0.0,147.2,4,0,4-0
"Beef, short loin, top loin, steak, separable lean only, trimmed to 1/8"" fat, all grades, cooked, broiled",7.09,2.7,0.0,29.3,0.0,181.0,4,0,4-0
"Beef, short loin, top loin steak, separable lean only, trimmed to 1/8"" fat, all grades, raw",5.15,1.905,0.0,22.93,0.0,138.1,4,0,4-0
"Beef, round, top round, steak, separable lean only, trimmed to 1/8"" fat, all grades, cooked, broiled",5.45,1.878,0.0,31.82,0.0,176.3,4,0,4-0
"Beef, round, top round, steak, separable lean only, trimmed to 1/8"" fat, all grades, raw",4.09,1.399,0.0,22.91,0.0,128.4,4,0,4-0
"Beef, chuck, arm pot roast, separable lean only, trimmed to 1/8"" fat, choice, cooked, braised",8.37,3.17,0.0,34.72,0.0,214.2,4,0,4-0
"Beef, brisket, flat half, separable lean only, trimmed to 1/8"" fat, choice, cooked, braised",6.79,2.572,0.0,33.13,0.0,193.6,4,0,4-0
"Beef, round, eye of round, roast, separable lean only, trimmed to 1/8"" fat, choice, raw",3.38,1.158,0.0,22.88,0.0,121.9,4,0,4-0
"Beef, round, top round, steak, separable lean only, trimmed to 1/8"" fat, choice, raw",4.78,1.637,0.0,22.69,0.0,133.8,4,0,4-0
"Sauce, horseradish",50.89,8.233,10.05,1.09,1.0,502.6,2,0,2-0
"Fish, bass, striped, raw",2.33,0.507,0.0,17.73,0.0,91.9,4,0,4-0
"Fish, bluefish, raw",4.24,0.915,0.0,20.04,0.0,118.3,4,0,4-0
"Fish, burbot, raw",0.81,0.163,0.0,19.31,0.0,84.5,4,0,4-0
"Fish, butterfish, raw",8.02,3.38,0.0,17.28,0.0,141.3,4,0,4-0
"Fish, carp, raw",5.6,1.083,0.0,17.83,0.0,121.7,4,0,4-0
"Fish, cisco, raw",1.91,0.421,0.0,18.99,0.0,93.1,4,0,4-0
"Fish, cisco, smoked",11.9,1.741,0.0,16.36,0.0,172.5,4,0,4-0
"Fish, cod, Atlantic, raw",0.67,0.131,0.0,17.81,0.0,77.3,4,0,4-0
"Fish, cod, Atlantic, cooked, dry heat",0.86,0.168,0.0,22.83,0.0,99.1,4,0,4-0
"Fish, croaker, Atlantic, cooked, breaded and fried",12.67,3.476,7.54,18.2,0.4,217.0,4,0,4-0
"Fish, cusk, raw",0.69,0.13,0.0,18.99,0.0,82.2,4,0,4-0
"Fish, mahimahi, raw",0.7,0.188,0.0,18.5,0.0,80.3,4,0,4-0
"Fish, drum, freshwater, raw",4.93,1.119,0.0,17.54,0.0,114.5,4,0,4-0
"Fish, grouper, mixed species, raw",1.02,0.233,0.0,19.38,0.0,86.7,4,0,4-0
"Fish, grouper, mixed species, cooked, dry heat",1.3,0.299,0.0,24.84,0.0,111.1,4,0,4-0
"Fish, haddock, raw",0.45,0.091,0.0,16.32,0.0,69.3,4,0,4-0
"Fish, halibut, Greenland, raw",13.84,2.419,0.0,14.37,0.0,182.0,4,0,4-0
"Crustaceans, crab, blue, canned",0.74,0.201,0.0,17.88,0.0,78.2,4,0,4-0
"Crustaceans, crab, blue, crab cakes, home recipe",7.52,1.483,0.48,20.21,0.0,150.4,4,0,4-0
"Crustaceans, crab, dungeness, raw",0.97,0.132,0.74,17.41,0.0,81.3,4,0,4-0
"Crustaceans, crab, queen, raw",1.18,0.143,0.0,18.5,0.0,84.6,4,0,4-0
"Crustaceans, shrimp, mixed species, cooked, breaded and fried",12.28,2.087,11.47,21.39,0.4,242.0,4,0,4-0
"Crustaceans, shrimp, mixed species, cooked, moist heat (may contain additives to retain moisture)",1.7,0.521,1.52,22.78,0.0,112.5,4,0,4-0
"Crustaceans, shrimp, mixed species, canned",1.36,0.188,0.0,20.42,0.0,93.9,4,0,4-0
"Mollusks, clam, mixed species, cooked, moist heat",1.95,0.188,5.13,25.55,0.0,140.3,4,0,4-0
"Mollusks, clam, mixed species, canned, drained solids",1.59,0.309,5.9,24.25,0.0,134.9,4,0,4-0
"Mollusks, squid, mixed species, cooked, fried",7.48,1.878,7.79,17.94,0.0,170.2,4,0,4-0
"Mollusks, whelk, unspecified, raw",0.4,0.031,7.76,23.84,0.0,130.0,4,0,4-0
"Mollusks, whelk, unspecified, cooked, moist heat",0.8,0.062,15.52,47.68,0.0,260.0,4,0,4-0
"Fish, salmon, chinook, smoked, (lox), regular",4.32,0.929,0.0,18.28,0.0,112.0,4,0,4-0
"Fish, tuna, light, canned in water, without salt, drained solids",0.82,0.234,0.0,25.51,0.0,109.4,4,0,4-0
"Fish, tuna, white, canned in oil, without salt, drained solids",8.08,1.65,0.0,26.53,0.0,178.8,4,0,4-0
"Fish, tuna, white, canned in water, without salt, drained solids",2.97,0.792,0.0,23.62,0.0,121.2,4,0,4-0
"Fish, bass, freshwater, mixed species, cooked, dry heat",4.73,1.001,0.0,24.18,0.0,139.3,4,0,4-0
"Fish, cod, Pacific, cooked, dry heat (may contain additives to retain moisture)",0.5,0.105,0.0,18.73,0.0,79.4,4,0,4-0
"Fish, cusk, cooked, dry heat",0.88,0.0,0.0,24.35,0.0,105.3,4,0,4-0
"Fish, mahimahi, cooked, dry heat",0.9,0.241,0.0,23.72,0.0,103.0,4,0,4-0
"Fish, drum, freshwater, cooked, dry heat",6.32,1.434,0.0,22.49,0.0,146.8,4,0,4-0
"Fish, mackerel, Pacific and jack, mixed species, cooked, dry heat",10.12,2.881,0.0,25.73,0.0,194.0,4,0,4-0
"Fish, monkfish, cooked, dry heat",1.95,0.0,0.0,18.56,0.0,91.8,4,0,4-0
"Fish, pike, walleye, cooked, dry heat",1.56,0.319,0.0,24.54,0.0,112.2,4,0,4-0
"Fish, salmon, Atlantic, wild, cooked, dry heat",8.13,1.257,0.0,25.44,0.0,174.9,4,0,4-0
"Fish, salmon, chinook, cooked, dry heat",13.38,3.214,0.0,25.72,0.0,223.3,4,0,4-0
"Fish, salmon, chum, cooked, dry heat",4.83,1.077,0.0,25.82,0.0,146.8,4,0,4-0
"Fish, salmon, pink, cooked, dry heat",5.28,0.971,0.0,24.58,0.0,145.8,4,0,4-0
"Fish, sucker, white, cooked, dry heat",2.97,0.579,0.0,21.49,0.0,112.7,4,0,4-0
"Fish, sunfish, pumpkin seed, cooked, dry heat",0.9,0.178,0.0,24.87,0.0,107.6,4,0,4-0
"Fish, trout, mixed species, cooked, dry heat",8.47,1.474,0.0,26.63,0.0,182.8,4,0,4-0
"Fish, tuna, skipjack, fresh, cooked, dry heat",1.29,0.42,0.0,28.21,0.0,124.4,4,0,4-0
"Fish, tuna, yellowfin, fresh, cooked, dry heat",0.59,0.205,0.0,29.15,0.0,121.9,4,0,4-0
"Crustaceans, crab, dungeness, cooked, moist heat",1.24,0.168,0.95,22.32,0.0,104.2,4,0,4-0
"Crustaceans, crab, queen, cooked, moist heat",1.51,0.183,0.0,23.72,0.0,108.5,4,0,4-0
"Crustaceans, spiny lobster, mixed species, cooked, moist heat",1.94,0.303,3.12,26.41,0.0,135.6,4,0,4-0
"Mollusks, cuttlefish, mixed species, cooked, moist heat",1.4,0.236,1.64,32.48,0.0,149.1,4,0,4-0
"Beerwurst, beer salami, pork and beef",22.53,8.438,3.76,14.0,0.9,273.8,2,0,2-0
"Bologna, beef",26.13,10.487,4.29,10.91,0.0,296.0,2,0,2-0
"Bologna, beef and pork",24.59,9.301,5.49,15.2,0.0,304.1,2,0,2-0
"Fast Foods, biscuit, with egg and sausage",20.77,6.449,21.05,11.13,0.2,315.6,2,0,2-0
"Fast foods, biscuit, with egg, cheese, and bacon",17.48,5.893,24.44,12.01,0.2,303.1,2,0,2-0
"Fast foods, biscuit, with sausage",24.42,7.427,29.99,9.67,0.4,378.4,2,0,2-0
"Fast foods, english muffin, with cheese and sausage",20.67,8.152,25.28,13.28,0.5,340.3,2,0,2-0
"Fast foods, english muffin, with egg, cheese, and sausage",18.1,6.928,17.44,13.38,0.2,286.2,2,0,2-0
"Fast foods, shrimp, breaded and fried",18.9,3.843,27.99,7.84,0.7,313.4,2,0,2-0
"PIZZA HUT 12"" Cheese Pizza, THIN 'N CRISPY Crust",14.1,6.896,28.64,15.29,1.6,302.6,2,0,2-0
"DOMINO'S 14"" Cheese Pizza, Crunchy Thin Crust",15.1,6.345,28.18,12.33,2.5,297.9,2,0,2-0
"PIZZA HUT 14"" Cheese Pizza, THIN 'N CRISPY Crust",12.8,6.103,34.22,13.37,2.4,305.6,2,0,2-0
"PIZZA HUT 14"" Pepperoni Pizza, Hand-Tossed Crust",12.63,5.404,32.11,12.23,2.6,291.0,2,0,2-0
"PIZZA HUT 14"" Pepperoni Pizza, Pan Crust",13.07,4.823,31.79,11.47,2.0,290.7,2,0,2-0
"Fast foods, griddle cake sandwich, egg, cheese, and sausage",17.73,5.649,22.04,10.77,0.6,290.8,2,0,2-0
"Fast foods, griddle cake sandwich, sausage",17.76,5.363,31.25,8.41,1.0,318.5,2,0,2-0
"McDONALD'S, Sausage McGRIDDLES",17.76,5.435,31.25,8.41,1.0,318.5,2,0,2-0
"McDONALD'S, Sausage, Egg & Cheese McGRIDDLES",17.73,5.649,22.04,10.77,0.6,290.8,2,0,2-0
"McDONALD'S, Sausage Burrito",15.63,6.404,22.97,11.1,1.2,277.0,2,0,2-0
"McDONALD'S, BIG BREAKFAST",19.37,6.405,17.5,10.16,1.1,285.0,2,0,2-0
"McDONALD'S, Double Cheeseburger",16.09,6.998,18.79,15.5,0.8,282.0,2,0,2-0
"McDONALD'S, DOUBLE QUARTER POUNDER with Cheese",16.22,6.473,14.43,16.96,1.0,271.5,4,0,4-0
"McDONALD'S, Sausage McMUFFIN with Egg",17.83,6.008,17.28,12.59,0.9,280.0,2,0,2-0
"McDONALD'S, Bacon Egg & Cheese Biscuit",18.77,8.262,22.26,13.45,0.9,311.8,2,0,2-0
"McDONALD'S, Sausage Biscuit",25.4,10.659,27.2,9.62,1.2,375.9,2,0,2-0
"McDONALD'S, Sausage Biscuit with Egg",22.26,8.628,19.28,11.27,0.8,322.5,2,0,2-0
"BURGER KING, CROISSAN'WICH with Egg and Cheese",15.78,4.766,24.79,10.35,0.7,282.6,2,0,2-0
"BURGER KING, Hash Brown Rounds",19.3,3.285,29.37,2.8,2.3,302.4,2,0,2-0
"Fast foods, hamburger; double, large patty; with condiments, vegetables and mayonnaise",15.66,5.773,13.74,13.94,1.4,251.7,4,0,4-0
"Fast foods, cheeseburger; single, large patty; with condiments, vegetables and mayonnaise",15.8,5.746,17.73,13.69,1.1,267.9,4,0,4-0
"Fast foods, cheeseburger; single, large patty; with condiments",14.4,7.033,19.72,15.21,1.2,269.3,4,0,4-0
"Fast Foods, cheeseburger; double, large patty; with condiments, vegetables and mayonnaise",15.63,6.519,12.62,15.5,1.3,253.2,4,0,4-0
"Fast foods, cheeseburger; double, regular patty; double decker bun with condiments and special sauce",14.1,5.045,21.53,11.94,1.4,260.8,4,0,4-0
"POPEYES, Mild Chicken Strips, analyzed 2006",13.01,5.442,19.31,19.2,0.8,271.1,4,0,4-0
"KFC, Fried Chicken, EXTRA CRISPY, Skin and Breading",36.61,7.541,22.54,10.96,1.5,463.5,2,0,2-0
"POPEYES, Fried Chicken, Mild, Skin and Breading",32.32,11.75,21.54,13.96,1.0,432.9,2,0,2-0
"KFC, Fried Chicken, ORIGINAL RECIPE, Skin and Breading",28.01,6.343,18.79,14.17,0.0,383.9,2,0,2-0
"Fast Foods, Fried Chicken, Skin and breading from all pieces",29.22,7.857,19.56,14.11,0.3,397.7,2,0,2-0
"Ice cream bar, covered with chocolate and nuts",25.84,15.904,11.89,5.62,1.1,302.6,2,0,2-0
"Butter, Clarified butter (ghee)",100.0,60.0,0.0,0.0,0.0,900.0,3,0,3-0
"Sauce, alfredo mix, dry",36.35,13.18,36.52,15.32,2.0,534.5,2,0,2-0
"Beef, shoulder steak, boneless, separable lean and fat, trimmed to 0"" fat, choice, cooked, grilled",7.25,3.09,0.0,28.22,0.0,178.1,4,0,4-0
"Pizza, pepperoni topping, regular crust, frozen, cooked",13.13,4.827,24.69,14.38,2.0,274.4,4,0,4-0
"Chicken, nuggets, dark and white meat, precooked, frozen, not reheated",17.31,3.598,16.09,12.02,1.6,268.2,4,0,4-0
"Chicken, nuggets, white meat, precooked, frozen, not reheated",15.42,3.366,16.24,14.36,0.7,261.2,4,0,4-0
"Beef, short loin, porterhouse steak, separable lean and fat, trimmed to 1/8"" fat, all grades, cooked, grilled",18.57,7.481,0.0,25.4,0.0,268.7,4,0,4-0
"Beef, short loin, porterhouse steak, separable lean and fat, trimmed to 1/8"" fat, select, raw",13.27,5.696,0.0,20.69,0.0,202.2,4,0,4-0
"Beef, short loin, porterhouse steak, separable lean and fat, trimmed to 1/8"" fat, select, cooked, grilled",16.75,6.843,0.0,26.21,0.0,255.6,4,0,4-0
"Beef, short loin, t-bone steak, separable lean and fat, trimmed to 1/8"" fat, all grades, raw",15.18,6.495,0.0,20.11,0.0,217.1,4,0,4-0
"Beef, round, knuckle, tip side, steak, separable lean and fat, trimmed to 0"" fat, choice, cooked, grilled",5.71,2.218,0.0,28.79,0.0,166.6,4,0,4-0
"Beef, round, knuckle, tip side, steak, separable lean and fat , trimmed to 0"" fat, select, raw",3.24,1.225,0.0,21.96,0.0,117.0,4,0,4-0
"Beef, round, knuckle, tip side, steak, separable lean and fat, trimmed to 0"" fat, select, cooked, grilled",3.91,1.267,0.0,29.24,0.0,152.1,4,0,4-0
"Beef, chuck, shoulder clod, shoulder tender, medallion, separable lean and fat, trimmed to 0"" fat, choice, raw",6.36,2.328,0.0,20.51,0.0,139.3,4,0,4-0
"Beef, chuck, shoulder clod, shoulder top and center steaks, separable lean and fat, trimmed to 0"" fat, select, raw",5.51,1.791,0.0,21.13,0.0,134.1,4,0,4-0
"Beef, chuck, shoulder clod, shoulder top and center steaks, separable lean and fat, trimmed to 0"" fat, select, cooked, grilled",6.94,2.235,0.0,26.66,0.0,169.1,4,0,4-0
"Beef, chuck, shoulder clod, top blade, steak, separable lean and fat, trimmed to 0"" fat, choice, raw",11.33,4.186,0.0,18.75,0.0,177.0,4,0,4-0
"Beef, chuck, shoulder clod, top blade, steak, separable lean and fat, trimmed to 0"" fat, choice, cooked, grilled",13.59,5.432,0.0,24.7,0.0,221.1,4,0,4-0
"Beef, round, knuckle, tip center, steak, separable lean and fat, trimmed to 0"" fat, select, cooked, grilled",5.32,2.063,0.0,26.61,0.0,154.3,4,0,4-0
"Beef, round, outside round, bottom round, steak, separable lean and fat, trimmed to 0"" fat, choice, raw",6.59,2.301,0.0,21.24,0.0,144.3,4,0,4-0
"Beef, round, outside round, bottom round, steak, separable lean and fat, trimmed to 0"" fat, choice, cooked, grilled",8.3,2.954,0.0,27.22,0.0,183.6,4,0,4-0
"Beef, round, outside round, bottom round, steak, separable lean and fat, trimmed to 0"" fat, select, raw",3.83,1.4,0.0,22.15,0.0,123.1,4,0,4-0
"Beef, round, knuckle, tip side, steak, separable lean and fat, trimmed to 0"" fat, all grades, cooked, grilled",4.84,1.901,0.0,29.08,0.0,159.9,4,0,4-0
"Beef, chuck, shoulder clod, shoulder top and center steaks, separable lean and fat, trimmed to 0"" fat, all grades, raw",5.88,1.985,0.0,20.67,0.0,135.6,4,0,4-0
"Beef, chuck, shoulder clod, shoulder top and center steaks, separable lean and fat, trimmed to 0"" fat, all grades, cooked, grilled",7.66,2.765,0.12,26.3,0.0,174.6,4,0,4-0
"Beef, chuck, shoulder clod, top blade, steak, separable lean and fat, trimmed to 0"" fat, all grades, raw",10.52,3.945,0.0,18.99,0.0,170.6,4,0,4-0
"Beef, round, outside round, bottom round, steak, separable lean and fat, trimmed to 0"" fat, all grades, cooked, grilled",7.1,2.541,0.0,27.52,0.0,174.0,4,0,4-0
"Beef, chuck, shoulder clod, shoulder tender, medallion, separable lean and fat, trimmed to 0"" fat, select, cooked, grilled",6.43,1.7,0.33,26.45,0.0,165.0,4,0,4-0
"Beef, plate steak, boneless, inside skirt, separable lean only, trimmed to 0"" fat, choice, raw",9.76,3.546,0.0,20.89,0.0,171.4,4,0,4-0
"Beef, plate steak, boneless, inside skirt, separable lean only, trimmed to 0"" fat, select, cooked, grilled",11.16,3.647,0.0,30.64,0.0,223.0,4,0,4-0
"Beef, plate steak, boneless, inside skirt, separable lean only, trimmed to 0"" fat, select, raw",7.41,2.765,0.0,21.61,0.0,153.1,4,0,4-0
"Beef, plate steak, boneless, outside skirt, separable lean only, trimmed to 0"" fat, all grades, cooked, grilled",19.01,6.674,0.0,27.68,0.0,281.8,4,0,4-0
"Beef, plate steak, boneless, outside skirt, separable lean only, trimmed to 0"" fat, select, raw",13.44,5.349,0.23,19.14,0.0,198.4,4,0,4-0
"Beef, rib eye steak, boneless, lip off, separable lean only, trimmed to 0"" fat, all grades, cooked, grilled",10.37,4.2,0.0,28.11,0.0,205.8,4,0,4-0
"Beef, rib eye steak, boneless, lip off, separable lean only, trimmed to 0"" fat, all grades, raw",7.41,2.759,0.0,21.85,0.0,154.1,4,0,4-0
"Beef, rib eye steak, boneless, lip off, separable lean only, trimmed to 0"" fat, choice, cooked, grilled",11.75,4.645,0.0,27.39,0.0,215.3,4,0,4-0
"Beef, rib, back ribs, bone-in, separable lean only, trimmed to 0"" fat, all grades, raw",17.91,7.055,0.46,19.11,0.0,239.5,4,0,4-0
"Beef, rib, back ribs, bone-in, separable lean only, trimmed to 0"" fat, choice, cooked, braised",21.72,8.763,0.0,27.75,0.0,306.5,4,0,4-0
"Beef, rib, back ribs, bone-in, separable lean only, trimmed to 0"" fat, choice, raw",19.36,7.812,0.64,18.72,0.0,251.7,4,0,4-0
"Beef, rib, back ribs, bone-in, separable lean only, trimmed to 0"" fat, select, cooked, braised",18.84,7.091,0.0,29.28,0.0,286.7,4,0,4-0
"Beef, rib eye roast, bone-in, lip-on, separable lean and fat, trimmed to 1/8"" fat, select, cooked, roasted",21.85,9.562,0.0,23.36,0.0,290.1,4,0,4-0
"Beef, rib eye roast, bone-in, lip-on, separable lean and fat, trimmed to 1/8"" fat, all grades, cooked, roasted",22.91,9.883,0.0,23.47,0.0,300.1,2,0,2-0
"Beef, rib eye steak/roast, bone-in, lip-on, separable lean and fat, trimmed to 1/8"" fat, all grades, raw",20.31,9.097,0.0,18.13,0.0,255.3,4,0,4-0
"Beef, rib eye steak/roast, bone-in, lip-on, separable lean and fat, trimmed to 1/8"" fat, choice, raw",20.96,9.265,0.0,17.92,0.0,260.3,4,0,4-0
"Beef, rib eye roast, boneless, lip-on, separable lean and fat, trimmed to 1/8"" fat, all grades, cooked, roasted",21.66,9.419,0.0,24.3,0.0,292.1,4,0,4-0
"Beef, rib eye roast, boneless, lip-on, separable lean and fat, trimmed to 1/8"" fat, choice, cooked, roasted",22.98,10.044,0.0,23.92,0.0,302.5,2,0,2-0
"Beef, rib eye roast, boneless, lip-on, separable lean and fat, trimmed to 1/8"" fat, select, cooked, roasted",19.68,8.482,0.0,24.85,0.0,276.5,4,0,4-0
"Beef, rib eye steak/roast, boneless, lip-on, separable lean and fat, trimmed to 1/8"" fat, all grades, raw",18.73,8.251,0.0,18.85,0.0,244.0,4,0,4-0
"Beef, plate steak, boneless, inside skirt, separable lean and fat, trimmed to 0"" fat, select, cooked, grilled",12.54,4.311,0.0,30.06,0.0,233.1,4,0,4-0
"Beef, plate steak, boneless, inside skirt, separable lean and fat, trimmed to 0"" fat, all grades, raw",11.71,4.626,0.0,20.38,0.0,186.9,4,0,4-0
"Beef, plate steak, boneless, inside skirt, separable lean and fat, trimmed to 0"" fat, choice, raw",12.78,5.034,0.0,20.06,0.0,195.3,4,0,4-0
"Beef, plate steak, boneless, inside skirt, separable lean and fat, trimmed to 0"" fat, select, raw",10.11,4.014,0.0,20.87,0.0,174.5,4,0,4-0
"Beef, ground, unspecified fat content, cooked",14.53,5.6,0.62,25.07,0.0,233.5,4,0,4-0
"Beef, plate steak, boneless, outside skirt, separable lean and fat, trimmed to 0"" fat, choice, raw",18.44,7.426,0.35,17.69,0.0,238.1,4,0,4-0
"Beef, plate steak, boneless, outside skirt, separable lean and fat, trimmed to 0"" fat, select, raw",16.31,6.705,0.36,18.43,0.0,222.0,4,0,4-0
"Beef, rib eye steak, boneless, lip off, separable lean and fat, trimmed to 0"" fat, all grades, cooked, grilled",19.02,8.443,0.0,24.85,0.0,270.6,4,0,4-0
"Beef, rib eye steak, boneless, lip off, separable lean and fat, trimmed to 0"" fat, choice, cooked, grilled",21.1,9.244,0.0,23.89,0.0,285.5,4,0,4-0
"Beef, rib, back ribs, bone-in, separable lean and fat, trimmed to 0"" fat, all grades, cooked, braised",29.21,12.99,0.0,24.23,0.0,359.8,2,0,2-0
"Beef, rib, back ribs, bone-in, separable lean and fat, trimmed to 0"" fat, choice, cooked, braised",30.95,13.77,0.0,23.34,0.0,371.9,2,0,2-0
"Beef, rib, back ribs, bone-in, separable lean and fat, trimmed to 0"" fat, select, cooked, braised",26.59,11.822,0.0,25.56,0.0,341.6,2,0,2-0
"Beef, rib, back ribs, bone-in, separable lean and fat, trimmed to 0"" fat, all grades, raw",28.42,12.643,0.78,16.15,0.0,323.5,2,0,2-0
"Beef, loin, top sirloin cap steak, boneless, separable lean only, trimmed to 1/8"" fat, all grades, cooked, grilled",7.23,2.653,0.73,28.26,0.0,181.0,4,0,4-0
"Beef, loin, top sirloin cap steak, boneless, separable lean only, trimmed to 1/8"" fat, choice, cooked, grilled",7.96,2.905,1.07,28.19,0.0,188.7,4,0,4-0
"Beef, loin, top sirloin cap steak, boneless, separable lean only, trimmed to 1/8"" fat, select, cooked, grilled",6.14,2.275,0.22,28.36,0.0,169.6,4,0,4-0
"Beef, loin, top sirloin cap steak, boneless, separable lean only, trimmed to 1/8"" fat, all grades, raw",5.36,1.875,0.0,21.38,0.0,133.8,4,0,4-0
"Beef, loin, top sirloin cap steak, boneless, separable lean only, trimmed to 1/8"" fat, choice, raw",5.82,2.08,0.0,21.34,0.0,137.7,4,0,4-0
"Cheese, blue",28.74,18.669,2.34,21.4,0.0,353.6,2,0,2-0
"Cheese, brick",29.68,18.764,2.79,23.24,0.0,371.2,2,0,2-0
"Cheese, brie",27.68,17.41,0.45,20.75,0.0,333.9,2,0,2-0
"Cheese, camembert",24.26,15.259,0.46,19.8,0.0,299.4,2,0,2-0
"Egg, yolk, raw, fresh",26.54,9.551,3.59,15.86,0.0,316.7,2,0,2-0
"Egg, whole, cooked, omelet",11.66,3.319,0.64,10.57,0.0,149.8,4,0,4-0
"Egg, whole, cooked, poached",9.47,3.113,0.71,12.51,0.0,138.1,4,0,4-0
"Egg, whole, cooked, scrambled",10.98,3.331,1.61,9.99,0.0,145.2,4,0,4-0
"Egg, whole, dried",43.9,15.069,1.13,48.05,0.0,591.8,2,0,2-0
"Egg, duck, whole, fresh, raw",13.77,3.681,1.45,12.81,0.0,181.0,4,0,4-0
"Egg, goose, whole, fresh, raw",13.27,3.595,1.35,13.87,0.0,180.3,4,0,4-0
"Egg, quail, whole, fresh, raw",11.09,3.557,0.41,13.05,0.0,153.6,4,0,4-0
"Egg, turkey, whole, fresh, raw",11.88,3.632,1.15,13.68,0.0,166.2,4,0,4-0
"Cheese, goat, hard type",35.59,24.609,2.17,30.52,0.0,451.1,2,0,2-0
"Cheese sauce, prepared from recipe",14.92,8.034,5.48,10.33,0.1,197.5,4,0,4-0
"Cheese, mexican, queso anejo",29.98,19.033,4.63,21.44,0.0,374.1,2,0,2-0
"Egg, whole, raw, frozen, pasteurized (Includes foods for USDA's Food Distribution Program)",9.95,3.382,1.01,12.33,0.0,142.9,4,0,4-0
"Egg, white, dried",0.0,0.0,7.8,81.1,0.0,355.6,4,0,4-0
KRAFT CHEEZ WHIZ Pasteurized Process Cheese Sauce,21.0,13.1,9.2,12.0,0.3,273.8,2,0,2-0
"Cheese, provolone, reduced fat",17.6,11.3,3.5,24.7,0.0,271.2,4,0,4-0
"Cheese, Mexican, blend, reduced fat",19.4,11.58,3.41,24.69,0.0,287.0,4,0,4-0
"Cheese, fresh, queso fresco",23.82,12.94,2.98,18.09,0.0,298.7,2,0,2-0
"Cheese, white, queso blanco",24.31,13.661,2.53,20.38,0.0,310.4,2,0,2-0
"Ice cream cone, chocolate covered, with nuts, flavors other than chocolate",21.88,11.458,34.38,5.21,1.0,355.3,2,0,2-0
"Babyfood, meat, pork, strained",7.1,2.4,0.0,14.0,0.0,119.9,4,0,4-0
"Babyfood, meat, chicken, junior",9.6,2.47,0.0,14.0,0.0,142.4,4,0,4-0
"Babyfood, meat, chicken sticks, junior",14.4,4.094,1.5,14.6,0.2,194.0,4,0,4-0
"Shortening, household, lard and vegetable oil",100.0,40.3,0.0,0.0,0.0,900.0,3,0,3-0
"Oil, sunflower, linoleic, (partially hydrogenated)",100.0,13.0,0.0,0.0,0.0,900.0,3,0,3-0
"Shortening bread, soybean (hydrogenated) and cottonseed",100.0,22.0,0.0,0.0,0.0,900.0,3,0,3-0
"Shortening cake mix, soybean (hydrogenated) and cottonseed (hydrogenated)",100.0,27.2,0.0,0.0,0.0,900.0,3,0,3-0
"Shortening frying (heavy duty), palm (hydrogenated)",100.0,47.5,0.0,0.0,0.0,900.0,3,0,3-0
Shortening household soybean (hydrogenated) and palm,100.0,25.02,0.0,0.0,0.0,900.0,3,0,3-0
"Shortening frying (heavy duty), soybean (hydrogenated), linoleic (less than 1%)",100.0,21.1,0.0,0.0,0.0,900.0,3,0,3-0
"Shortening, confectionery, fractionated palm",100.0,65.5,0.0,0.0,0.0,900.0,3,0,3-0
"Oil, nutmeg butter",100.0,90.0,0.0,0.0,0.0,900.0,3,0,3-0
"Oil, mustard",100.0,11.582,0.0,0.0,0.0,900.0,3,0,3-0
"Oil, sunflower, high oleic (70% and over)",100.0,9.859,0.0,0.0,0.0,900.0,3,0,3-0
"Margarine-like, margarine-butter blend, soybean oil and butter",80.32,14.198,0.77,0.31,0.0,727.2,3,0,3-0
"Fish oil, herring",100.0,21.29,0.0,0.0,0.0,900.0,3,0,3-0
"Fish oil, menhaden",100.0,30.427,0.0,0.0,0.0,900.0,3,0,3-0
"Fish oil, menhaden, fully hydrogenated",100.0,95.6,0.0,0.0,0.0,900.0,3,0,3-0
"Fish oil, salmon",100.0,19.872,0.0,0.0,0.0,900.0,3,0,3-0
"Butter, light, stick, without salt",55.1,34.321,0.0,3.3,0.0,509.1,2,0,2-0
"Animal fat, bacon grease",99.5,39.004,0.0,0.0,0.0,895.5,3,0,3-0
"Margarine, regular, 80% fat, composite, stick, with salt",80.71,15.189,0.7,0.16,0.0,729.8,3,0,3-0
"Margarine, regular, 80% fat, composite, tub, with salt",80.17,14.224,0.75,0.22,0.0,725.4,3,0,3-0
"Margarine-like, vegetable oil spread, 60% fat, stick, with salt",60.39,10.884,0.69,0.12,0.0,546.8,2,0,2-0
"Margarine, regular, 80% fat, composite, tub, without salt",80.17,14.224,0.75,0.22,0.0,725.4,3,0,3-0
"Margarine-like, vegetable oil spread, 60% fat, stick/tub/bottle, without salt",59.81,12.086,0.86,0.17,0.0,542.4,2,0,2-0
"Margarine-like spread with yogurt, 70% fat, stick, with salt",70.0,13.3,0.5,0.3,0.0,633.2,3,0,3-0
"Oil, industrial, mid-oleic, sunflower",100.0,9.009,0.0,0.0,0.0,900.0,3,0,3-0
"Oil, industrial, canola with antifoaming agent, principal uses salads, woks and light frying",100.0,7.615,0.0,0.0,0.0,900.0,3,0,3-0
"Oil, industrial, canola for salads, woks and light frying",100.0,7.758,0.0,0.0,0.0,900.0,3,0,3-0
"Oil, industrial, canola (partially hydrogenated) oil for deep fat frying",100.0,10.117,0.0,0.0,0.0,900.0,3,0,3-0
"Oil, industrial, soy (partially hydrogenated), multiuse for non-dairy butter flavor",100.0,18.101,0.0,0.0,0.0,900.0,3,0,3-0
"Oil, industrial, soy ( partially hydrogenated), all purpose",100.0,24.75,0.0,0.0,0.0,900.0,3,0,3-0
"Oil, industrial, soy (partially hydrogenated ) and soy (winterized), pourable clear fry",100.0,15.341,0.0,0.0,0.0,900.0,3,0,3-0
"Oil, industrial, soy (partially hydrogenated)  and cottonseed, principal use as a tortilla shortening",100.0,25.883,0.0,0.0,0.0,900.0,3,0,3-0
"Oil, industrial, coconut, confection fat, typical basis for ice cream coatings",100.0,86.503,0.0,0.0,0.0,900.0,3,0,3-0
"Oil, industrial, palm kernel (hydrogenated) , used for whipped toppings, non-dairy",100.0,88.965,0.0,0.0,0.0,900.0,3,0,3-0
"Oil, industrial, coconut (hydrogenated), used for whipped toppings and coffee whiteners",99.5,93.536,0.0,0.0,0.0,895.5,3,0,3-0
"Oil, industrial, palm and palm kernel, filling fat (non-hydrogenated)",99.5,71.444,0.0,0.0,0.0,895.5,3,0,3-0
"Margarine, industrial, soy and partially hydrogenated soy oil, use for baking, sauces and candy",80.0,16.321,0.71,0.18,0.0,723.6,3,0,3-0
"Oil, vegetable, soybean, refined",100.0,15.251,0.0,0.0,0.0,900.0,3,0,3-0
"Margarine-like spread, SMART BALANCE Regular Buttery Spread with flax oil",64.63,16.69,0.14,0.14,0.0,582.8,3,0,3-0
"Margarine-like spread, SMART BALANCE Light Buttery Spread",36.41,10.087,1.98,0.02,0.0,335.7,2,0,2-0
"Chicken, broilers or fryers, drumstick, meat and skin, raw",9.2,2.459,0.11,18.08,0.0,155.6,4,0,4-0
"Chicken, broilers or fryers, drumstick, meat and skin, cooked, fried, batter",15.75,4.14,8.28,21.95,0.3,262.7,4,0,4-0
"Chicken, broilers or fryers, drumstick, meat only, cooked, fried",8.08,2.13,0.0,28.62,0.0,187.2,4,0,4-0
"Chicken, broilers or fryers, dark meat, drumstick, meat only, cooked, roasted",5.7,1.505,0.0,24.24,0.0,148.3,4,0,4-0
"Chicken, broilers or fryers, drumstick, meat only, cooked, stewed",5.71,1.51,0.0,27.5,0.0,161.4,4,0,4-0
"Chicken, broilers or fryers, leg, meat and skin, raw",15.95,4.366,0.17,16.37,0.0,209.7,4,0,4-0
"Chicken, broilers or fryers, leg, meat only, cooked, fried",9.32,2.49,0.65,28.38,0.0,200.0,4,0,4-0
"Chicken, broilers or fryers, leg, meat only, cooked, roasted",7.8,2.108,0.0,24.22,0.0,167.1,4,0,4-0
"Chicken, broilers or fryers, leg, meat only, cooked, stewed",8.06,2.2,0.0,26.26,0.0,177.6,4,0,4-0
"Chicken, broilers or fryers, neck, meat and skin, raw",26.24,7.27,0.0,14.07,0.0,292.4,2,0,2-0
"Chicken, broilers or fryers, neck, meat only, cooked, fried",11.88,3.0,1.77,26.87,0.0,221.5,4,0,4-0
"Chicken, broilers or fryers, neck, meat only, cooked, simmered",8.18,2.1,0.0,24.56,0.0,171.9,4,0,4-0
"Chicken, broilers or fryers, thigh, meat and skin, raw",16.61,4.524,0.25,16.52,0.0,216.6,4,0,4-0
"Chicken, broilers or fryers, thigh, meat and skin, cooked, fried, batter",16.53,4.41,9.08,21.61,0.3,271.5,4,0,4-0
"Chicken, broilers or fryers, thigh, meat only, cooked, fried",10.3,2.78,1.18,28.18,0.0,210.1,4,0,4-0
"Chicken, broilers or fryers, thigh, meat only, cooked, roasted",8.15,2.311,0.0,24.76,0.0,172.4,4,0,4-0
"Chicken, broilers or fryers, thigh, meat only, cooked, stewed",9.79,2.71,0.0,25.0,0.0,188.1,4,0,4-0
"Chicken, broilers or fryers, wing, meat and skin, raw",12.85,3.535,0.0,17.52,0.0,185.7,4,0,4-0
"Chicken, broilers or fryers, wing, meat only, cooked, fried",9.15,2.5,0.0,30.15,0.0,203.0,4,0,4-0
"Chicken, broilers or fryers, wing, meat only, cooked, roasted",8.13,2.26,0.0,30.46,0.0,195.0,4,0,4-0
"Chicken, broilers or fryers, wing, meat only, cooked, stewed",7.18,2.0,0.0,27.18,0.0,173.3,4,0,4-0
"Chicken, roasting, meat and skin and giblets and neck, raw",15.46,4.41,0.09,17.09,0.0,207.9,4,0,4-0
"Chicken, roasting, meat only, cooked, roasted",6.63,1.81,0.0,25.01,0.0,159.7,4,0,4-0
"Chicken, roasting, giblets, raw",5.04,1.54,1.14,18.14,0.0,122.5,4,0,4-0
"Chicken, roasting, giblets, cooked, simmered",5.22,1.64,0.86,26.77,0.0,157.5,4,0,4-0
"Chicken, roasting, light meat, meat only, raw",1.63,0.37,0.0,22.2,0.0,103.5,4,0,4-0
"Chicken, stewing, meat and skin, and giblets and neck, cooked, stewed",11.91,3.324,0.0,24.88,0.0,206.7,4,0,4-0
"Chicken, stewing, meat and skin, raw",20.33,5.71,0.0,17.55,0.0,253.2,4,0,4-0
"Chicken, stewing, meat and skin, cooked, stewed",18.87,5.11,0.0,26.88,0.0,277.4,4,0,4-0
"Chicken, stewing, meat only, raw",6.32,1.57,0.0,21.26,0.0,141.9,4,0,4-0
"Chicken, stewing, meat only, cooked, stewed",11.89,3.1,0.0,30.42,0.0,228.7,4,0,4-0
"Chicken, stewing, dark meat, meat only, raw",8.12,2.08,0.0,19.7,0.0,151.9,4,0,4-0
"Chicken, stewing, dark meat, meat only, cooked, stewed",15.28,4.07,0.0,28.14,0.0,250.1,4,0,4-0
"Chicken, capons, meat and skin and giblets and neck, raw",16.9,4.89,0.08,18.51,0.0,226.5,4,0,4-0
"Chicken, capons, meat and skin and giblets and neck, cooked, roasted",11.67,3.28,0.04,28.35,0.0,218.6,4,0,4-0
"Duck, domesticated, meat and skin, raw",39.34,13.22,0.0,11.49,0.0,400.0,2,0,2-0
"Duck, domesticated, meat and skin, cooked, roasted",28.35,9.67,0.0,18.99,0.0,331.1,2,0,2-0
"Duck, domesticated, meat only, raw",5.95,2.32,0.94,18.28,0.0,130.4,4,0,4-0
"Duck, domesticated, meat only, cooked, roasted",11.2,3.951,0.0,23.48,0.0,194.7,4,0,4-0
"Goose, domesticated, meat and skin, cooked, roasted",21.92,6.87,0.0,25.16,0.0,297.9,4,0,4-0
"Goose, domesticated, meat only, raw",7.13,2.79,0.0,22.75,0.0,155.2,4,0,4-0
"Goose, domesticated, meat only, cooked, roasted",12.67,4.56,0.0,28.97,0.0,229.9,4,0,4-0
"Goose, liver, raw",4.28,1.59,6.32,16.37,0.0,129.3,4,0,4-0
"Guinea hen, meat and skin, raw",6.45,1.77,0.0,23.4,0.0,151.6,4,0,4-0
"Pheasant, leg, meat only, raw",4.3,1.46,0.0,22.2,0.0,127.5,4,0,4-0
"Quail, meat and skin, raw",12.05,3.38,0.0,19.63,0.0,187.0,4,0,4-0
"Quail, meat only, raw",4.53,1.32,0.0,21.76,0.0,127.8,4,0,4-0
"Peanuts, all types, raw",49.24,6.279,16.13,25.8,8.5,610.9,2,0,2-0
"Peanuts, spanish, oil-roasted, with salt",49.04,7.555,17.45,28.01,8.9,623.2,2,0,2-0
"Peanuts, valencia, raw",47.58,7.329,20.91,25.09,8.7,612.2,2,0,2-0
"Peanuts, valencia, oil-roasted, with salt",51.24,7.894,16.3,27.04,8.9,634.5,2,0,2-0
"Peanuts, virginia, raw",48.75,6.434,16.54,25.19,8.5,605.7,2,0,2-0
"Peanut flour, low fat",21.9,3.04,31.27,33.8,15.8,457.4,2,0,2-0
"Bacon, meatless",29.52,4.622,5.31,11.69,2.6,333.7,2,0,2-0
"Soybeans, mature seeds, roasted, salted",25.4,3.674,30.22,38.55,17.7,503.7,2,0,2-0
"Soybeans, mature seeds, dry roasted",21.62,3.127,28.98,43.32,8.1,483.8,2,0,2-0
Natto,11.0,1.591,12.68,19.4,5.4,227.3,4,0,4-0
"Soy flour, low-fat",8.9,1.29,30.63,49.81,16.0,401.9,4,0,4-0
"Soy protein concentrate, produced by alcohol extraction",0.46,0.052,25.41,63.63,5.5,360.3,4,0,4-0
"Tofu, dried-frozen (koyadofu)",30.34,4.388,10.03,52.47,7.2,523.1,2,0,2-0
"Tofu, fried",20.18,2.918,8.86,18.82,3.9,292.3,2,0,2-0
"Peanut spread, reduced sugar",54.89,10.22,14.23,24.8,7.8,650.1,2,0,2-0
"Peanut butter, smooth, reduced fat",34.0,5.76,35.65,25.9,5.2,552.2,2,0,2-0
"Peanut butter, smooth, vitamin and mineral fortified",50.81,10.125,18.75,25.72,5.6,635.2,2,0,2-0
"Peanut butter, chunky, vitamin and mineral fortified",51.47,7.972,17.69,26.06,5.7,638.2,2,0,2-0
"Peanut butter, chunk style, without salt",49.94,7.607,21.57,24.06,8.0,632.0,2,0,2-0
"Peanut butter, smooth style, without salt",51.36,10.325,22.31,22.21,5.0,640.3,2,0,2-0
"Peanut butter with omega-3, creamy",54.17,9.691,17.0,24.47,6.1,653.4,2,0,2-0
"Tofu, raw, firm, prepared with calcium sulfate",8.72,1.261,2.78,17.27,2.3,158.7,4,0,4-0
"Veal, Australian, rib, rib roast, separable lean only, raw",4.63,2.053,1.4,21.7,0.0,134.1,4,0,4-0
"Lamb, composite of trimmed retail cuts, separable lean and fat, trimmed to 1/4"" fat, choice, raw",21.59,9.47,0.0,16.88,0.0,261.8,4,0,4-0
"Lamb, composite of trimmed retail cuts, separable lean and fat, trimmed to 1/4"" fat, choice, cooked",20.94,8.83,0.0,24.52,0.0,286.5,4,0,4-0
"Lamb, foreshank, separable lean and fat, trimmed to 1/4"" fat, choice, raw",13.38,5.83,0.0,18.91,0.0,196.1,4,0,4-0
"Lamb, foreshank, separable lean and fat, trimmed to 1/4"" fat, choice, cooked, braised",13.46,5.63,0.0,28.37,0.0,234.6,4,0,4-0
"Lamb, foreshank, separable lean only, trimmed to 1/4"" fat, choice, raw",3.29,1.18,0.0,21.08,0.0,113.9,4,0,4-0
"Lamb, foreshank, separable lean only, trimmed to 1/4"" fat, choice, cooked, braised",6.02,2.15,0.0,31.01,0.0,178.2,4,0,4-0
"Lamb, leg, shank half, separable lean and fat, trimmed to 1/4"" fat, choice, cooked, roasted",12.45,5.09,0.0,26.41,0.0,217.7,4,0,4-0
"Lamb, leg, shank half, separable lean only, trimmed to 1/4"" fat, choice, raw",4.19,1.5,0.0,20.52,0.0,119.8,4,0,4-0
"Lamb, leg, shank half, separable lean only, trimmed to 1/4"" fat, choice, cooked, roasted",6.67,2.38,0.0,28.17,0.0,172.7,4,0,4-0
"Lamb, leg, sirloin half, separable lean and fat, trimmed to 1/4"" fat, choice, raw",22.11,9.73,0.0,16.94,0.0,266.8,4,0,4-0
"Lamb, loin, separable lean and fat, trimmed to 1/4"" fat, choice, cooked, broiled",23.08,9.83,0.0,25.17,0.0,308.4,2,0,2-0
"Lamb, loin, separable lean and fat, trimmed to 1/4"" fat, choice, cooked, roasted",23.59,10.24,0.0,22.55,0.0,302.5,2,0,2-0
"Lamb, loin, separable lean only, trimmed to 1/4"" fat, choice, raw",5.94,2.13,0.0,20.88,0.0,137.0,4,0,4-0
"Lamb, loin, separable lean only, trimmed to 1/4"" fat, choice, cooked, broiled",9.73,3.48,0.0,29.99,0.0,207.5,4,0,4-0
"Lamb, rib, separable lean only, trimmed to 1/4"" fat, choice, raw",9.23,3.3,0.0,19.98,0.0,163.0,4,0,4-0
"Lamb, rib, separable lean only, trimmed to 1/4"" fat, choice, cooked, broiled",12.95,4.65,0.0,27.74,0.0,227.5,4,0,4-0
"Lamb, rib, separable lean only, trimmed to 1/4"" fat, choice, cooked, roasted",13.31,4.76,0.0,26.16,0.0,224.4,4,0,4-0
"Lamb, shoulder, whole (arm and blade), separable lean and fat, trimmed to 1/4"" fat, choice, raw",21.45,9.28,0.0,16.58,0.0,259.4,4,0,4-0
"Lamb, shoulder, whole (arm and blade), separable lean and fat, trimmed to 1/4"" fat, choice, cooked, braised",24.55,10.34,0.0,28.68,0.0,335.7,2,0,2-0
"Lamb, shoulder, whole (arm and blade), separable lean only, trimmed to 1/4"" fat, choice, cooked, broiled",10.5,3.88,0.0,27.12,0.0,203.0,4,0,4-0
"Lamb, shoulder, whole (arm and blade), separable lean only, trimmed to 1/4"" fat, choice, cooked, roasted",10.77,4.08,0.0,24.94,0.0,196.7,4,0,4-0
"Lamb, shoulder, arm, separable lean and fat, trimmed to 1/4"" fat, choice, raw",20.9,9.15,0.0,16.79,0.0,255.3,4,0,4-0
"Lamb, shoulder, arm, separable lean and fat, trimmed to 1/4"" fat, choice, cooked, braised",24.0,9.87,0.0,30.39,0.0,337.6,2,0,2-0
"Lamb, shoulder, arm, separable lean only, trimmed to 1/4"" fat, choice, cooked, broiled",9.02,3.42,0.0,27.71,0.0,192.0,4,0,4-0
"Lamb, shoulder, arm, separable lean only, trimmed to 1/4"" fat, choice, cooked, roasted",9.26,3.59,0.0,25.46,0.0,185.2,4,0,4-0
"Lamb, shoulder, blade, separable lean and fat, trimmed to 1/4"" fat, choice, raw",20.86,8.93,0.0,16.63,0.0,254.3,4,0,4-0
"Lamb, shoulder, blade, separable lean and fat, trimmed to 1/4"" fat, choice, cooked, braised",24.73,10.29,0.0,28.51,0.0,336.6,2,0,2-0
"Lamb, shoulder, blade, separable lean only, trimmed to 1/4"" fat, choice, cooked, broiled",11.32,4.04,0.0,25.48,0.0,203.8,4,0,4-0
"Lamb, shoulder, blade, separable lean only, trimmed to 1/4"" fat, choice, cooked, roasted",11.57,4.34,0.0,24.61,0.0,202.6,4,0,4-0
"Lamb, cubed for stew or kabob (leg and shoulder), separable lean only, trimmed to 1/4"" fat, raw",5.28,1.89,0.0,20.21,0.0,128.4,4,0,4-0
"Lamb, cubed for stew or kabob (leg and shoulder), separable lean only, trimmed to 1/4"" fat, cooked, braised",8.8,3.15,0.0,33.69,0.0,214.0,4,0,4-0
"Lamb, cubed for stew or kabob (leg and shoulder), separable lean only, trimmed to 1/4"" fat, cooked, broiled",7.33,2.62,0.0,28.08,0.0,178.3,4,0,4-0
"Lamb, New Zealand, imported, frozen, composite of trimmed retail cuts, separable fat, raw",67.63,35.29,0.0,6.92,0.0,636.3,3,0,3-0
"Lamb, New Zealand, imported, frozen, composite of trimmed retail cuts, separable fat, cooked",60.39,31.51,0.0,9.72,0.0,582.4,3,0,3-0
"Lamb, New Zealand, imported, fore-shank, separable lean and fat, raw",11.38,4.621,0.09,20.09,0.0,183.1,4,0,4-0
"Lamb, New Zealand, imported, fore-shank, separable lean and fat, cooked, braised",14.99,5.56,0.03,30.35,0.0,256.4,4,0,4-0
"Lamb, New Zealand, imported, leg chop/steak, bone-in, separable lean only, raw",4.64,1.512,0.0,21.1,0.0,126.2,4,0,4-0
"Lamb, New Zealand, imported, frozen, leg, whole (shank and sirloin), separable lean only, cooked, roasted",7.01,3.05,0.0,27.68,0.0,173.8,4,0,4-0
"Lamb, New Zealand, imported, loin chop, separable lean and fat, raw",26.19,11.161,0.22,15.4,0.0,298.2,2,0,2-0
"Game meat, opossum, cooked, roasted",10.2,1.206,0.0,30.2,0.0,212.6,4,0,4-0
"Game meat, rabbit, domesticated, composite of cuts, raw",5.55,1.66,0.0,20.05,0.0,130.2,4,0,4-0
"Game meat, rabbit, domesticated, composite of cuts, cooked, roasted",8.05,2.4,0.0,29.06,0.0,188.7,4,0,4-0
"Game meat, squirrel, raw",3.21,0.38,0.0,21.23,0.0,113.8,4,0,4-0
"Game meat, squirrel, cooked, roasted",4.69,0.54,0.0,30.77,0.0,165.3,4,0,4-0
"Lamb, variety meats and by-products, brain, raw",8.58,2.19,0.0,10.4,0.0,118.8,4,0,4-0
"Lamb, variety meats and by-products, brain, cooked, braised",10.17,2.6,0.0,12.55,0.0,141.7,4,0,4-0
"Lamb, variety meats and by-products, heart, raw",5.68,2.25,0.21,16.47,0.0,117.8,4,0,4-0
"Lamb, variety meats and by-products, heart, cooked, braised",7.91,3.14,1.93,24.97,0.0,178.8,4,0,4-0
"Veal, variety meats and by-products, heart, raw",3.98,1.07,0.08,17.18,0.0,104.9,4,0,4-0
"Veal, variety meats and by-products, heart, cooked, braised",6.75,1.82,0.13,29.12,0.0,177.8,4,0,4-0
"Lamb, variety meats and by-products, liver, raw",5.02,1.94,1.78,20.38,0.0,133.8,4,0,4-0
"Lamb, variety meats and by-products, liver, cooked, braised",8.81,3.41,2.53,30.57,0.0,211.7,4,0,4-0
"Lamb, variety meats and by-products, liver, cooked, pan-fried",12.65,4.9,3.78,25.53,0.0,231.1,4,0,4-0
"Veal, variety meats and by-products, liver, raw",4.85,1.56,2.91,19.93,0.0,135.0,4,0,4-0
"Veal, variety meats and by-products, liver, cooked, braised",6.26,1.986,3.77,28.42,0.0,185.1,4,0,4-0
"Veal, variety meats and by-products, lungs, cooked, braised",2.64,0.91,0.0,18.74,0.0,98.7,4,0,4-0
"Lamb, variety meats and by-products, mechanically separated, raw",23.54,11.79,0.0,14.97,0.0,271.7,2,0,2-0
"Lamb, variety meats and by-products, pancreas, raw",9.82,4.44,0.0,14.84,0.0,147.7,4,0,4-0
"Lamb, variety meats and by-products, pancreas, cooked, braised",15.12,6.84,0.0,22.83,0.0,227.4,4,0,4-0
"Veal, variety meats and by-products, spleen, raw",2.2,0.73,0.0,18.3,0.0,93.0,4,0,4-0
"Veal, variety meats and by-products, spleen, cooked, braised",2.89,0.96,0.0,24.08,0.0,122.3,4,0,4-0
"Veal, variety meats and by-products, thymus, raw",3.07,0.806,0.0,17.21,0.0,96.5,4,0,4-0
"Veal, variety meats and by-products, thymus, cooked, braised",3.11,0.942,0.0,22.67,0.0,118.7,4,0,4-0
"Lamb, ground, cooked, broiled",19.65,8.12,0.0,24.75,0.0,275.8,4,0,4-0
"Lamb, composite of trimmed retail cuts, separable lean and fat, trimmed to 1/8"" fat, choice, raw",18.66,8.07,0.0,17.54,0.0,238.1,4,0,4-0
"Lamb, composite of trimmed retail cuts, separable lean and fat, trimmed to 1/8"" fat, choice, cooked",18.01,7.45,0.0,25.51,0.0,264.1,4,0,4-0
"Lamb, foreshank, separable lean and fat, trimmed to 1/8"" fat, choice, raw",13.38,5.83,0.0,18.91,0.0,196.1,4,0,4-0
"Lamb, leg, shank half, separable lean and fat, trimmed to 1/8"" fat, choice, cooked, roasted",11.4,4.6,0.0,26.73,0.0,209.5,4,0,4-0
"Lamb, leg, sirloin half, separable lean and fat, trimmed to 1/8"" fat, choice, raw",20.8,9.12,0.0,17.21,0.0,256.0,4,0,4-0
"Lamb, leg, sirloin half, separable lean and fat, trimmed to 1/8"" fat, choice, cooked, roasted",19.67,8.26,0.0,24.95,0.0,276.8,4,0,4-0
"Lamb, loin, separable lean and fat, trimmed to 1/8"" fat, choice, raw",22.75,9.95,0.0,17.18,0.0,273.5,4,0,4-0
"Lamb, rib, separable lean and fat, trimmed to 1/8"" fat, choice, cooked, roasted",27.53,11.66,0.0,21.82,0.0,335.0,2,0,2-0
"Lamb, shoulder, whole (arm and blade), separable lean and fat, trimmed to 1/8"" fat, choice, raw",18.96,8.1,0.0,17.07,0.0,238.9,4,0,4-0
"Lamb, shoulder, whole (arm and blade), separable lean and fat, trimmed to 1/8"" fat, choice, cooked, braised",23.57,9.71,0.0,29.46,0.0,330.0,2,0,2-0
"Lamb, shoulder, whole (arm and blade), separable lean and fat, trimmed to 1/8"" fat, choice, cooked, broiled",18.39,7.53,0.0,23.84,0.0,260.9,4,0,4-0
"Lamb, shoulder, blade, separable lean and fat, trimmed to 1/8"" fat, choice, raw",18.97,8.04,0.0,17.01,0.0,238.8,4,0,4-0
"Lamb, shoulder, blade, separable lean and fat, trimmed to 1/8"" fat, choice, cooked, braised",23.88,9.88,0.0,28.92,0.0,330.6,2,0,2-0
"Lamb, shoulder, blade, separable lean and fat, trimmed to 1/8"" fat, choice, cooked, broiled",18.5,7.49,0.0,23.48,0.0,260.4,4,0,4-0
"Lamb, shoulder, blade, separable lean and fat, trimmed to 1/8"" fat, choice, cooked, roasted",19.19,7.96,0.0,22.62,0.0,263.2,4,0,4-0
"Lamb, New Zealand, imported, frozen, leg, whole (shank and sirloin), separable lean and fat, trimmed to 1/8"" fat, raw",13.37,6.67,0.0,18.76,0.0,195.4,4,0,4-0
"Lamb, New Zealand, imported, frozen, leg, whole (shank and sirloin), separable lean and fat, trimmed to 1/8"" fat, cooked, roasted",13.95,6.75,0.0,25.34,0.0,226.9,4,0,4-0
"Lamb, New Zealand, imported, frozen, loin, separable lean and fat, trimmed to 1/8"" fat, raw",22.1,11.23,0.0,17.18,0.0,267.6,4,0,4-0
"Lamb, New Zealand, imported, frozen, loin, separable lean and fat, trimmed to 1/8"" fat, cooked, broiled",21.28,10.56,0.0,24.41,0.0,289.2,4,0,4-0
"Game meat, bison, top sirloin, separable lean only, trimmed to 0"" fat, raw",2.4,0.885,0.0,21.4,0.0,107.2,4,0,4-0
"Game meat, bison, ribeye, separable lean only, trimmed to 0"" fat, raw",2.4,0.898,0.0,22.1,0.0,110.0,4,0,4-0
"Game meat, bison, shoulder clod, separable lean only, trimmed to 0"" fat, raw",2.1,0.749,0.0,21.1,0.0,103.3,4,0,4-0
"Veal, breast, separable fat, cooked",53.35,21.407,0.0,9.4,0.0,517.8,2,0,2-0
"Veal, shank (fore and hind), separable lean and fat, raw",3.48,1.06,0.0,19.15,0.0,107.9,4,0,4-0
"Veal, shank (fore and hind), separable lean and fat, cooked, braised",6.2,2.078,0.0,31.54,0.0,182.0,4,0,4-0
"Veal, shank (fore and hind), separable lean only, raw",2.83,0.738,0.0,19.28,0.0,102.6,4,0,4-0
"Veal, shank (fore and hind), separable lean only, cooked, braised",4.33,1.14,0.0,32.22,0.0,167.8,4,0,4-0
"Lamb, Australian, imported, fresh, separable fat, raw",68.87,35.353,0.0,6.27,0.0,644.9,3,0,3-0
"Lamb, Australian, imported, fresh, separable fat, cooked",66.4,34.751,0.0,9.42,0.0,635.3,3,0,3-0
"Lamb, Australian, imported, fresh, foreshank, separable lean and fat, trimmed to 1/8"" fat, raw",12.68,5.981,0.0,18.85,0.0,189.5,4,0,4-0
"Lamb, Australian, imported, fresh, foreshank, separable lean and fat, trimmed to 1/8"" fat, cooked, braised",14.44,6.794,0.0,24.78,0.0,229.1,4,0,4-0
"Lamb, Australian, imported, fresh, leg, whole (shank and sirloin), separable lean only, trimmed to 1/8"" fat, raw",5.23,2.081,0.0,20.46,0.0,128.9,4,0,4-0
"Lamb, Australian, imported, fresh, leg, whole (shank and sirloin), separable lean only, trimmed to 1/8"" fat, cooked, roasted",8.1,3.297,0.0,27.31,0.0,182.1,4,0,4-0
"Lamb, Australian, imported, fresh, leg, shank half, separable lean and fat, trimmed to 1/8"" fat, raw",13.48,6.389,0.0,18.59,0.0,195.7,4,0,4-0
"Lamb, Australian, imported, fresh, leg, shank half, separable lean and fat, trimmed to 1/8"" fat, cooked, roasted",13.69,6.341,0.0,25.25,0.0,224.2,4,0,4-0
"Lamb, Australian, imported, fresh, leg, shank half, separable lean only, trimmed to 1/8"" fat, raw",5.1,2.008,0.0,20.45,0.0,127.7,4,0,4-0
"Lamb, Australian, imported, fresh, leg, sirloin half, boneless, separable lean only, trimmed to 1/8"" fat, cooked, roasted",10.65,4.508,0.0,27.75,0.0,206.8,4,0,4-0
"Lamb, Australian, imported, fresh, leg, sirloin chops, boneless, separable lean and fat, trimmed to 1/8"" fat, raw",14.38,6.898,0.0,18.33,0.0,202.7,4,0,4-0
"Lamb, Australian, imported, fresh, leg, sirloin chops, boneless, separable lean and fat, trimmed to 1/8"" fat, cooked, broiled",13.83,6.414,0.0,25.75,0.0,227.5,4,0,4-0
"Lamb, Australian, imported, fresh, leg, sirloin chops, boneless, separable lean only, trimmed to 1/8"" fat, raw",4.91,1.948,0.0,20.43,0.0,125.9,4,0,4-0
"Lamb, Australian, imported, fresh, leg, center slice, bone-in, separable lean only, trimmed to 1/8"" fat, cooked, broiled",7.68,3.111,0.0,26.75,0.0,176.1,4,0,4-0
"Lamb, Australian, imported, fresh, loin, separable lean and fat, trimmed to 1/8"" fat, raw",13.38,6.401,0.0,19.32,0.0,197.7,4,0,4-0
"Lamb, Australian, imported, fresh, loin, separable lean and fat, trimmed to 1/8"" fat, cooked, broiled",12.25,5.572,0.0,25.49,0.0,212.2,4,0,4-0
"Lamb, Australian, imported, fresh, loin, separable lean only, trimmed to 1/8"" fat, raw",6.24,2.673,0.0,21.0,0.0,140.2,4,0,4-0
"Lamb, Australian, imported, fresh, rib chop, frenched, bone-in, separable lean only, trimmed to 1/8"" fat, cooked, grilled",11.68,5.69,0.0,32.16,0.0,233.8,4,0,4-0
"Lamb, Australian, imported, fresh, shoulder, whole (arm and blade), separable lean and fat, trimmed to 1/8"" fat, raw",20.47,9.907,0.0,16.68,0.0,251.0,4,0,4-0
"Lamb, Australian, imported, fresh, shoulder, whole (arm and blade), separable lean and fat, trimmed to 1/8"" fat, cooked",21.65,10.324,0.0,23.58,0.0,289.2,4,0,4-0
"Lamb, Australian, imported, fresh, shoulder, whole (arm and blade), separable lean only,   trimmed to 1/8"" fat, raw",8.01,3.355,0.0,19.36,0.0,149.5,4,0,4-0
"Lamb, Australian, imported, fresh, shoulder, whole (arm and blade), separable lean only, trimmed to 1/8"" fat, cooked",13.44,5.843,0.0,26.18,0.0,225.7,4,0,4-0
"Lamb, Australian, imported, fresh, shoulder, blade, separable lean and fat, trimmed to 1/8"" fat, raw",21.28,10.3,0.0,16.48,0.0,257.4,4,0,4-0
"Lamb, Australian, imported, fresh, shoulder, blade, separable lean and fat, trimmed to 1/8"" fat, cooked, broiled",22.03,10.51,0.0,21.71,0.0,285.1,4,0,4-0
"Lamb, Australian, imported, fresh, shoulder, blade, separable lean only, trimmed to 1/8"" fat, raw",9.09,3.883,0.0,19.1,0.0,158.2,4,0,4-0
"Lamb, Australian, imported, fresh, shoulder ,blade, separable lean only, trimmed to 1/8"" fat, cooked, broiled",14.38,6.334,0.0,23.83,0.0,224.7,4,0,4-0
"Game meat, bison, chuck, shoulder clod, separable lean only, raw",3.15,1.345,0.0,21.12,0.0,112.8,4,0,4-0
"Game meat, bison, ribeye, separable lean only, 1"" steak, cooked, broiled",5.67,2.419,0.0,29.45,0.0,168.8,4,0,4-0
"Game meat, bison, top round, separable lean only, 1"" steak, cooked, broiled",4.96,1.957,0.0,30.18,0.0,165.4,4,0,4-0
"Game meat, bison, top round, separable lean only, 1"" steak, raw",2.43,1.039,0.0,23.32,0.0,115.2,4,0,4-0
"Game meat, deer, ground, raw",7.13,3.361,0.0,21.78,0.0,151.3,4,0,4-0
"Game meat, deer, ground, cooked, pan-broiled",8.22,3.993,0.0,26.45,0.0,179.8,4,0,4-0
"Game meat, deer, loin, separable lean only, 1"" steak, cooked, broiled",2.38,1.351,0.0,30.2,0.0,142.2,4,0,4-0
"Game meat, deer, shoulder clod, separable lean only, cooked, braised",3.95,2.239,0.0,36.28,0.0,180.7,4,0,4-0
"Veal, Australian, shank, hind, bone-in, separable lean only, raw",4.47,1.7,0.0,20.37,0.0,121.7,4,0,4-0
"Veal, Australian, shank, hind, bone-in, separable lean and fat, raw",7.2,2.951,0.0,19.78,0.0,143.9,4,0,4-0
"Lamb, Australian, ground,  85% lean / 15% fat, raw",20.71,9.926,0.0,17.14,0.0,255.0,4,0,4-0
"Lamb, New Zealand, imported, Intermuscular fat, cooked",62.44,26.327,0.0,8.53,0.0,596.1,3,0,3-0
"Lamb, New Zealand, imported, breast, separable lean only, cooked, braised",17.53,6.004,0.0,28.16,0.0,270.4,4,0,4-0
"Lamb, New Zealand, imported, breast, separable lean only, raw",7.98,2.738,1.02,18.31,0.0,149.1,4,0,4-0
"Lamb, New Zealand, imported, chump, boneless, separable lean only, cooked, fast roasted",5.27,1.769,0.0,23.69,0.0,142.2,4,0,4-0
"Lamb, New Zealand, imported, subcutaneous fat, cooked",72.28,31.441,0.62,5.24,0.0,674.0,3,0,3-0
"Lamb, New Zealand, imported, liver, cooked, soaked and fried",6.56,1.959,1.48,25.8,0.0,168.2,4,0,4-0
"Lamb, New Zealand, imported, liver, raw",4.92,1.514,2.22,20.7,0.0,136.0,4,0,4-0
"Lamb, New Zealand, imported, ground lamb, cooked, braised",11.34,4.378,0.0,22.6,0.0,192.5,4,0,4-0
"Lamb, New Zealand, imported, ground lamb, raw",12.41,4.848,0.0,20.33,0.0,193.0,4,0,4-0
"Lamb, New Zealand, imported, testes, cooked, soaked and fried",4.56,1.461,0.0,21.01,0.0,125.1,4,0,4-0
"Lamb, New Zealand, imported, tongue - swiss cut, cooked, soaked and simmered",22.04,7.341,0.86,17.51,0.0,271.8,4,0,4-0
"Lamb, New Zealand, imported, tongue - swiss cut, raw",18.61,5.896,0.0,14.27,0.0,224.6,4,0,4-0
"Lamb, New Zealand, imported, tenderloin, separable lean only, cooked, fast fried",4.81,1.799,0.0,27.94,0.0,155.0,4,0,4-0
"Lamb, New Zealand, imported, tenderloin, separable lean only, raw",3.81,1.26,0.0,20.53,0.0,116.4,4,0,4-0
"Lamb, New Zealand, imported, loin saddle, separable lean only, cooked, fast roasted",6.7,2.514,0.0,25.53,0.0,162.4,4,0,4-0
"Lamb, New Zealand, imported, loin saddle, separable lean only, raw",5.32,1.96,0.0,20.86,0.0,131.3,4,0,4-0
"Lamb, New Zealand, imported, neck chops, separable lean only, cooked, braised",15.36,6.085,0.0,31.4,0.0,263.8,4,0,4-0
"Lamb, New Zealand, imported, netted shoulder, rolled, boneless, separable lean only, cooked, slow roasted",10.91,3.262,0.0,25.14,0.0,198.8,4,0,4-0
"Lamb, New Zealand, imported, netted shoulder, rolled, boneless, separable lean only, raw",6.88,2.125,0.0,20.2,0.0,142.7,4,0,4-0
"Lamb, New Zealand, imported, rack - fully frenched, separable lean only, cooked, fast roasted",8.38,3.196,0.0,24.39,0.0,173.0,4,0,4-0
"Lamb, New Zealand, imported, flap, boneless, separable lean and fat, cooked, braised",32.63,13.534,0.14,20.48,0.0,376.2,2,0,2-0
"Lamb, New Zealand, imported, flap, boneless, separable lean and fat, raw",30.14,12.704,0.27,16.17,0.0,337.0,2,0,2-0
"Lamb, New Zealand, imported, hind-shank, separable lean and fat, cooked, braised",14.22,5.405,0.04,29.59,0.0,246.5,4,0,4-0
"Lamb, New Zealand, imported, hind-shank, separable lean and fat, raw",12.12,4.861,0.73,18.39,0.0,185.6,4,0,4-0
"Lamb, New Zealand, imported, loin, boneless, separable lean and fat, cooked, fast roasted",4.57,1.614,0.0,28.96,0.0,157.0,4,0,4-0
"Lamb, New Zealand, imported, loin, boneless, separable lean and fat, raw",3.99,1.289,0.0,21.44,0.0,121.7,4,0,4-0
"Lamb, New Zealand, imported, neck chops, separable lean and fat, cooked, braised",21.43,8.74,0.03,28.53,0.0,307.1,4,0,4-0
"Lamb, New Zealand, imported, neck chops, separable lean and fat, raw",17.9,7.514,0.14,17.43,0.0,231.4,4,0,4-0
"Lamb, New Zealand, imported, netted shoulder, rolled, boneless, separable lean and fat, cooked, slow roasted",22.33,8.431,0.05,21.45,0.0,287.0,4,0,4-0
"Lamb, New Zealand, imported, tenderloin, separable lean and fat, cooked, fast fried",5.0,1.882,0.0,27.87,0.0,156.5,4,0,4-0
"Lamb, New Zealand, imported, rack - fully frenched, separable lean and fat, cooked, fast roasted",11.2,4.41,0.01,23.56,0.0,195.1,4,0,4-0
"Lamb, New Zealand, imported, rack - fully frenched, separable lean and fat, raw",9.96,4.305,0.05,19.88,0.0,169.4,4,0,4-0
"Lamb, New Zealand, imported, tunnel-boned leg, chump off, shank off, separable lean and fat, cooked, slow roasted",12.68,4.788,0.03,23.41,0.0,207.9,4,0,4-0
"Veal, leg, top round, cap off, cutlet, boneless, raw",2.07,0.805,0.0,22.07,0.0,106.9,4,0,4-0
"Veal, loin, chop, separable lean only, cooked, grilled",4.44,1.742,0.07,29.75,0.0,159.2,4,0,4-0
"Veal, shank, separable lean only, raw",1.64,0.639,0.0,19.77,0.0,93.8,4,0,4-0
"Veal, foreshank, osso buco, separable lean only, cooked, braised",4.51,1.658,0.0,29.12,0.0,157.1,4,0,4-0
"Veal, seam fat only, cooked",50.17,16.316,2.11,11.16,0.0,504.6,2,0,2-0
"Veal, shank, separable lean and fat, raw",3.3,1.176,0.0,19.28,0.0,106.8,4,0,4-0
"Veal, foreshank, osso buco, separable lean and fat, cooked, braised",7.77,2.712,0.11,27.94,0.0,182.1,4,0,4-0
"Veal, loin, chop, separable lean and fat, cooked, grilled",9.48,3.378,0.16,28.04,0.0,198.1,4,0,4-0
"Veal, shoulder, blade chop, separable lean and fat, cooked, grilled",10.57,3.715,0.15,25.72,0.0,198.6,4,0,4-0
"Lamb, Australian, imported, fresh, tenderloin, boneless, separable lean only, trimmed to 1/8"" fat, raw",4.73,1.857,0.0,23.42,0.0,136.2,4,0,4-0
"Lamb, Australian, imported, fresh, leg, bottom, boneless, separable lean only, trimmed to 1/8"" fat, raw",5.24,2.277,0.0,22.28,0.0,136.3,4,0,4-0
"Lamb, Australian, imported, fresh, leg, trotter off, bone-in, separable lean only, trimmed to 1/8"" fat, cooked, roasted",9.59,4.359,0.0,32.08,0.0,214.6,4,0,4-0
"Lamb, Australian, imported, fresh, leg, trotter off, bone-in, separable lean only, trimmed to 1/8"" fat, raw",4.33,1.774,0.0,23.11,0.0,131.4,4,0,4-0
"Lamb, Australian, imported, fresh, seam fat, raw",44.01,21.397,0.0,15.65,0.0,458.7,2,0,2-0
"Lamb, Australian, imported, fresh, leg, bottom, boneless, separable lean and fat, trimmed to 1/8"" fat, cooked, roasted",12.04,5.223,0.0,27.54,0.0,218.5,4,0,4-0
"Lamb, Australian, imported, fresh, leg, bottom, boneless, separable lean and fat, trimmed to 1/8"" fat, raw",11.43,5.361,0.0,20.97,0.0,186.8,4,0,4-0
"Lamb, Australian, imported, fresh, tenderloin, boneless, separable lean and fat, trimmed to 1/8"" fat, raw",5.52,2.255,0.0,23.23,0.0,142.6,4,0,4-0
"Lamb, Australian, imported, fresh, rib chop, frenched, denuded, bone-in, separable lean only, trimmed to 0"" fat, cooked, grilled",11.5,5.627,0.0,33.17,0.0,236.2,4,0,4-0
"Lamb, Australian, imported, fresh, rack, roast, frenched, denuded, bone-in, separable lean and fat, trimmed to 0"" fat, cooked, roasted",9.91,4.743,0.0,25.95,0.0,193.0,4,0,4-0
"Lamb, Australian, imported, fresh, rack, roast, frenched, bone-in, separable lean and fat, trimmed to 1/8"" fat, cooked, roasted",20.77,10.111,0.0,25.96,0.0,290.8,4,0,4-0
"Cake, cheesecake, commercially prepared",22.5,9.921,25.5,5.5,0.4,326.5,2,0,2-0
"Danish pastry, cheese",21.9,6.794,37.2,8.0,1.0,377.9,2,0,2-0
"Doughnuts, yeast-leavened, with creme filling",24.5,5.43,30.0,6.4,0.8,366.1,2,0,2-0
"Quail, breast, meat only, raw",2.99,0.87,0.0,22.59,0.0,117.3,4,0,4-0
"Chicken, broiler, rotisserie, BBQ, wing, meat and skin",18.04,4.627,0.6,23.42,0.0,258.4,4,0,4-0
"Ruffed Grouse, breast meat, skinless, raw",0.88,0.13,0.0,25.94,0.0,111.7,4,0,4-0
"Emu, ground, raw",4.03,1.022,0.0,22.77,0.0,127.4,4,0,4-0
"Emu, ground, cooked, pan-broiled",4.65,1.242,0.0,28.43,0.0,155.6,4,0,4-0
"Emu, full rump, cooked, broiled",2.68,0.87,0.0,33.67,0.0,158.8,4,0,4-0
"Emu, inside drum, raw",1.49,0.386,0.0,22.22,0.0,102.3,4,0,4-0
"Emu, inside drums, cooked, broiled",2.01,0.654,0.0,32.38,0.0,147.6,4,0,4-0
"Emu, outside drum, raw",0.48,0.122,0.0,23.08,0.0,96.6,4,0,4-0
"Emu, oyster, raw",4.86,1.231,0.0,22.81,0.0,135.0,4,0,4-0
"Ostrich, inside leg, raw",1.72,0.6,0.0,22.39,0.0,105.0,4,0,4-0
"Ostrich, inside leg, cooked",1.94,0.7,0.0,29.01,0.0,133.5,4,0,4-0
"Ostrich, inside strip, raw",2.87,0.923,0.0,23.69,0.0,120.6,4,0,4-0
"Ostrich, inside strip, cooked",4.26,1.71,0.0,29.37,0.0,155.8,4,0,4-0
"Ostrich, oyster, cooked",3.97,1.69,0.0,28.81,0.0,151.0,4,0,4-0
"Ostrich, round, raw",2.4,0.81,0.0,21.99,0.0,109.6,4,0,4-0
"Ostrich, tenderloin, raw",3.19,1.17,0.0,22.07,0.0,117.0,4,0,4-0
"Ostrich, tip trimmed, raw",2.3,0.86,0.0,21.85,0.0,108.1,4,0,4-0
"Turkey, ground, fat free, raw",1.95,0.487,0.0,23.57,0.0,111.8,4,0,4-0
"Turkey, ground, fat free, pan-broiled crumbles",2.71,0.717,0.0,31.69,0.0,151.2,4,0,4-0
"Turkey, ground, fat free, patties, broiled",2.48,0.673,0.0,28.99,0.0,138.3,4,0,4-0
"Turkey, ground, 93% lean, 7% fat, raw",8.34,2.17,0.0,18.73,0.0,150.0,4,0,4-0
"Chicken, broilers or fryers, dark meat, drumstick, meat only, cooked, braised",5.95,1.601,0.0,23.93,0.0,149.3,4,0,4-0
"Chicken, broilers or fryers, dark meat, thigh, meat only, cooked, braised",8.63,2.346,0.0,24.55,0.0,175.9,4,0,4-0
"Chicken, skin (drumsticks and thighs), cooked, braised",42.76,11.914,0.0,14.61,0.0,443.3,2,0,2-0
"Chicken, skin (drumsticks and thighs), raw",44.23,12.102,0.79,9.58,0.0,439.6,2,0,2-0
"Chicken, dark meat, drumstick, meat only, with added solution, cooked, roasted",5.0,1.438,0.0,25.34,0.0,146.4,4,0,4-0
"Chicken, dark meat, drumstick, meat only, with added solution, cooked, braised",6.33,1.73,0.0,22.99,0.0,148.9,4,0,4-0
"Chicken, dark meat, thigh, meat only, with added solution, cooked, braised",7.96,2.04,0.0,23.0,0.0,163.6,4,0,4-0
"Chicken, dark meat, thigh, meat only, with added solution, raw",3.69,0.899,0.0,19.11,0.0,109.6,4,0,4-0
"Chicken, dark meat, drumstick, meat and skin, with added solution, raw",8.24,2.334,0.0,18.03,0.0,146.3,4,0,4-0
"Chicken, dark meat, drumstick, meat and skin, with added solution, cooked, roasted",9.0,2.656,0.05,24.72,0.0,180.1,4,0,4-0
"Chicken, dark meat, thigh, meat and skin, with added solution, cooked, braised",14.62,3.881,0.21,20.7,0.0,215.2,4,0,4-0
"Chicken, dark meat, thigh, meat and skin, with added solution, raw",14.58,3.975,0.0,16.56,0.0,197.5,4,0,4-0
"Turkey from whole, light meat, meat only, with added solution, raw",1.66,0.536,0.0,21.54,0.0,101.1,4,0,4-0
"Turkey from whole, light meat, meat only, with added solution, cooked, roasted",2.08,0.593,0.0,26.97,0.0,126.6,4,0,4-0
"Turkey, skin from whole (light and dark), with added solution, raw",36.8,10.43,0.21,12.29,0.0,381.2,2,0,2-0
"Turkey, skin from whole, (light and dark), with added solution, roasted",40.31,11.356,0.0,22.15,0.0,451.4,2,0,2-0
"Turkey, whole, meat only, with added solution, raw",2.39,0.535,0.14,20.87,0.0,105.6,4,0,4-0
"Turkey, whole, meat only, with added solution, roasted",3.7,1.093,0.0,26.61,0.0,139.7,4,0,4-0
"Turkey, whole, meat and skin, with added solution, raw",9.1,1.7,0.15,19.03,0.0,158.6,4,0,4-0
"Turkey, whole, meat and skin, with added solution, roasted",8.01,2.301,0.0,26.09,0.0,176.4,4,0,4-0
"Turkey, retail parts, wing, meat only, cooked, roasted",5.51,1.357,0.0,30.17,0.0,170.3,4,0,4-0
"Turkey, skin, from retail parts, from dark meat, raw",35.83,10.216,0.0,14.35,0.0,379.9,2,0,2-0
"Turkey, skin, from retail parts, from dark meat, cooked, roasted",35.03,10.184,0.0,24.58,0.0,413.6,2,0,2-0
"Turkey, retail parts, drumstick, meat only, raw",3.97,1.073,0.0,20.52,0.0,117.8,4,0,4-0
"Turkey, breast, from whole bird, meat only, with added solution, raw",1.66,0.536,0.14,21.54,0.0,101.7,4,0,4-0
"Turkey, retail parts, thigh, meat only, cooked, roasted",6.25,2.02,0.46,25.14,0.0,158.6,4,0,4-0
"Turkey, retail parts, drumstick, meat only, cooked, roasted",6.52,1.707,0.0,28.61,0.0,173.1,4,0,4-0
"Olive loaf, pork",16.5,5.85,9.2,11.8,0.0,232.5,4,0,4-0
"Pastrami, turkey",6.21,1.395,3.34,16.3,0.1,134.4,4,0,4-0
"Pate, chicken liver, canned",13.1,4.0,6.55,13.45,0.0,197.9,4,0,4-0
"Pate, goose liver, smoked, canned",43.84,14.45,4.67,11.4,0.0,458.8,2,0,2-0
"Pate, liver, not specified, canned",28.0,9.57,1.5,14.2,0.0,314.8,2,0,2-0
"Luxury loaf, pork",4.8,1.58,4.9,18.4,0.0,136.4,4,0,4-0
"Mother's loaf, pork",22.3,7.95,7.53,12.07,0.0,279.1,2,0,2-0
"Picnic loaf, pork, beef",16.64,6.07,4.76,14.92,0.0,228.5,4,0,4-0
"Pork sausage, link/patty, unprepared",24.8,7.57,0.93,15.39,0.0,288.5,2,0,2-0
"Salami, cooked, beef",22.2,9.865,1.9,12.6,0.0,257.8,4,0,4-0
"Salami, cooked, beef and pork",25.9,9.316,2.4,21.85,0.0,330.1,2,0,2-0
"Salami, cooked, turkey",9.21,2.783,1.55,19.2,0.1,165.9,4,0,4-0
"Salami, dry or hard, pork",33.72,11.89,1.6,22.58,0.0,400.2,2,0,2-0
"Sausage, smoked link sausage, pork and beef (nonfat dry milk added)",27.61,9.72,1.92,13.28,0.0,309.3,2,0,2-0
"Thuringer, cervelat, summer sausage, beef, pork",30.43,11.51,3.33,17.45,0.0,357.0,2,0,2-0
"Turkey breast, sliced, prepackaged",3.77,0.906,2.2,14.81,0.0,102.0,4,0,4-0
"Sausage, Vienna, canned, chicken, beef, pork",19.4,7.125,2.6,10.5,0.0,227.0,4,0,4-0
"Honey roll sausage, beef",10.5,4.08,2.18,18.58,0.0,177.5,4,0,4-0
"Oscar Mayer, Braunschweiger Liver Sausage (sliced)",29.35,10.94,2.6,14.25,0.2,331.6,2,0,2-0
"Oscar Mayer, Chicken Breast (honey glazed)",1.5,0.394,4.3,19.85,0.0,110.1,4,0,4-0
"Oscar Mayer, Ham (chopped with natural juice)",11.15,4.056,3.65,16.3,0.0,180.2,4,0,4-0
"Oscar Mayer, Salami (hard)",28.7,11.085,1.6,25.9,0.0,368.3,2,0,2-0
"Luncheon meat, pork, ham, and chicken, minced, canned, reduced sodium, added ascorbic acid, includes SPAM, 25% less sodium",25.1,8.873,3.4,12.5,0.0,289.5,2,0,2-0
"Luncheon meat, pork with ham, minced, canned, includes Spam (Hormel)",26.6,9.987,4.6,13.4,0.0,311.4,2,0,2-0
"Sausage, Italian, sweet, links",8.42,3.257,2.1,16.13,0.0,148.7,4,0,4-0
"Sausage, Polish, beef with chicken, hot",19.4,8.01,3.6,17.6,0.0,259.4,4,0,4-0
"Sausage, Polish, pork and beef, smoked",26.56,9.207,1.98,12.07,0.0,295.2,2,0,2-0
"Sausage, pork and beef, with cheddar cheese, smoked",25.84,9.482,2.13,12.89,0.0,292.6,2,0,2-0
"Bratwurst, beef and pork, smoked",26.34,6.08,2.0,12.2,0.0,293.9,2,0,2-0
"Pastrami, beef, 98% fat-free",1.16,0.0,1.54,19.6,0.0,95.0,4,0,4-0
"Yachtwurst, with pistachio nuts, cooked",22.6,7.9,1.4,14.8,0.0,268.2,4,0,4-0
"Beerwurst, pork and beef",22.53,8.438,4.27,14.0,0.9,275.8,2,0,2-0
"Chicken breast, fat-free, mesquite flavor, sliced",0.39,0.13,2.25,16.8,0.0,79.7,4,0,4-0
"Chicken breast, oven-roasted, fat-free, sliced",0.39,0.13,2.17,16.79,0.0,79.4,4,0,4-0
"Frankfurter, pork",23.68,8.719,0.28,12.81,0.1,265.5,2,0,2-0
"Macaroni and cheese loaf, chicken, pork and beef",14.96,5.614,11.63,11.76,0.0,228.2,4,0,4-0
"Salami, Italian, pork and beef, dry, sliced, 50% less sodium",26.4,9.75,6.4,21.8,0.0,350.4,2,0,2-0
"Frankfurter, meat",25.76,7.666,4.17,10.26,0.0,289.6,2,0,2-0
"Bologna, chicken, turkey, pork",26.18,7.99,5.65,9.88,0.0,297.7,2,0,2-0
"Pork sausage, link/patty, fully cooked, microwaved",41.66,13.557,0.62,15.12,0.0,437.9,2,0,2-0
"Beef, top loin petite roast, boneless, separable lean only, trimmed to 1/8"" fat, all grades, cooked, roasted",8.76,3.014,0.82,28.33,0.0,195.4,4,0,4-0
"Beef, top loin petite roast, boneless, separable lean only, trimmed to 1/8"" fat, choice, cooked, roasted",9.97,3.498,0.88,28.24,0.0,206.2,4,0,4-0
"Beef, top loin petite roast, boneless, separable lean only, trimmed to 1/8"" fat, select, cooked, roasted",6.95,2.29,0.74,28.48,0.0,179.4,4,0,4-0
"Beef, top loin petite roast/filet, boneless, separable lean only, trimmed to 1/8"" fat, all grades, raw",5.84,2.1,0.0,22.61,0.0,143.0,4,0,4-0
"Beef, loin, top sirloin filet, boneless, separable lean only, trimmed to 0"" fat, select, cooked, grilled",4.68,1.541,0.0,30.78,0.0,165.2,4,0,4-0
"Beef, loin, top sirloin petite roast, boneless, separable lean only, trimmed to 0"" fat, all grades, cooked, roasted",5.92,1.742,0.0,29.12,0.0,169.8,4,0,4-0
"Beef, loin, top sirloin petite roast, boneless, separable lean only, trimmed to 0"" fat, select, cooked, roasted",5.25,1.364,0.0,29.35,0.0,164.6,4,0,4-0
"Beef, loin, top sirloin petite roast/filet, boneless, separable lean only, trimmed to 0"" fat, all grades, raw",3.98,1.285,0.0,23.04,0.0,128.0,4,0,4-0
"Beef, ribeye cap steak, boneless, separable lean only, trimmed to 0"" fat, all grades, cooked, grilled",15.7,5.566,1.53,24.66,0.0,246.1,4,0,4-0
"Beef, ribeye cap steak, boneless, separable lean only, trimmed to 0"" fat, choice, cooked, grilled",17.21,5.961,1.81,24.24,0.0,259.1,4,0,4-0
"Beef, ribeye cap steak, boneless, separable lean only, trimmed to 0"" fat, select, cooked, grilled",13.43,4.974,1.1,25.28,0.0,226.4,4,0,4-0
"Beef, ribeye cap steak, boneless, separable lean only, trimmed to 0"" fat, all grades, raw",10.6,4.066,1.51,19.7,0.0,180.2,4,0,4-0
"Beef, ribeye petite roast, boneless, separable lean only, trimmed to 0"" fat, all grades, cooked, roasted",7.31,2.587,0.0,28.15,0.0,178.4,4,0,4-0
"Beef, ribeye petite roast, boneless, separable lean only, trimmed to 0"" fat, choice, cooked, roasted",8.42,3.053,0.0,28.0,0.0,187.8,4,0,4-0
"Beef, ribeye petite roast, boneless, separable lean only, trimmed to 0"" fat, select, cooked, roasted",5.65,1.887,0.0,28.37,0.0,164.3,4,0,4-0
"Beef, loin, top sirloin cap steak, boneless, separable lean and fat, trimmed to 1/8"" fat, all grades, cooked, grilled",15.0,5.35,0.8,26.0,0.0,242.2,4,0,4-0
"Beef, loin, top sirloin cap steak, boneless, separable lean and fat, trimmed to 1/8"" fat, select, raw",10.9,3.93,0.0,20.1,0.0,178.5,4,0,4-0
"Beef, top loin filet, boneless, separable lean and fat, trimmed to 1/8"" fat, all grades, cooked, grilled",14.1,4.817,0.6,27.4,0.0,238.9,4,0,4-0
"Beef, top loin filet, boneless, separable lean and fat, trimmed to 1/8"" fat, choice, cooked, grilled",15.9,5.454,0.6,26.8,0.0,252.7,4,0,4-0
"Beef, top loin filet, boneless, separable lean and fat, trimmed to 1/8"" fat, select, cooked, grilled",11.6,3.862,0.4,28.3,0.0,219.2,4,0,4-0
"Beef, top loin petite roast/filet, boneless, separable lean and fat, trimmed to 1/8"" fat, choice, raw",12.6,4.043,0.6,20.8,0.0,199.0,4,0,4-0
"Beef, top loin petite roast/filet, boneless, separable lean and fat, trimmed to 1/8"" fat, select, raw",9.3,2.803,0.0,21.6,0.0,170.1,4,0,4-0
"Beef, Australian, imported, grass-fed, ground, 85% lean / 15% fat, raw",18.12,7.938,0.0,17.72,0.0,234.0,4,0,4-0
"Beef, loin, top loin steak, boneless, lip-on, separable lean only, trimmed to 1/8"" fat, choice, cooked, grilled",10.34,3.917,0.0,28.66,0.0,207.7,4,0,4-0
"Beef, loin, top loin steak, boneless, lip-on, separable lean only, trimmed to 1/8"" fat, select, cooked, grilled",7.26,2.713,0.0,29.67,0.0,184.0,4,0,4-0
"Beef, loin, top loin steak, boneless, lip-on, separable lean only, trimmed to 1/8"" fat, all grades, cooked, grilled",9.11,3.435,0.0,29.06,0.0,198.2,4,0,4-0
"Beef, loin, top loin steak, boneless, lip-on, separable lean and fat, trimmed to 1/8"" fat, choice, raw",13.36,5.685,0.0,21.13,0.0,204.8,4,0,4-0
"Beef, New Zealand, imported, brisket point end, separable lean only, cooked, braised",7.05,2.22,0.0,34.51,0.0,201.5,4,0,4-0
"Beef, New Zealand, imported, brisket point end, separable lean only, raw",4.62,1.648,0.0,20.92,0.0,125.3,4,0,4-0
"Beef, New Zealand, imported, chuck eye roll, separable lean only, raw",5.41,1.756,0.0,20.46,0.0,130.5,4,0,4-0
"Beef, New Zealand, imported, chuck eye roll, separable lean only, cooked, braised",8.89,2.894,0.0,32.08,0.0,208.3,4,0,4-0
"Beef, New Zealand, imported, flank, separable lean only, cooked, braised",7.92,2.862,0.0,30.75,0.0,194.3,4,0,4-0
"Beef, New Zealand, imported, flank, separable lean only, raw",6.67,2.299,0.0,20.53,0.0,142.2,4,0,4-0
"Beef, New Zealand, imported, flat, separable lean only, cooked, braised",10.3,3.117,0.0,33.22,0.0,225.6,4,0,4-0
"Beef, New Zealand, imported, flat, separable lean only, raw",7.69,2.525,0.0,21.3,0.0,154.4,4,0,4-0
"Beef, New Zealand, imported, variety meats and by-products, heart, cooked, boiled",6.0,1.825,0.0,31.29,0.0,179.2,4,0,4-0
"Beef, New Zealand, imported, intermuscular fat, cooked",57.22,25.25,3.39,7.9,0.0,560.1,2,0,2-0
"Beef, New Zealand, imported, intermuscular fat, raw",63.78,28.5,0.01,6.97,0.0,601.9,3,0,3-0
"Beef, New Zealand, imported, variety meats and by-products, kidney, cooked, boiled",5.27,1.173,0.0,27.28,0.0,156.6,4,0,4-0
"Beef, New Zealand, imported, knuckle, cooked, fast fried",7.58,2.299,0.0,27.51,0.0,178.3,4,0,4-0
"Beef, New Zealand, imported, manufacturing beef, raw",3.68,1.65,0.23,21.23,0.0,119.0,4,0,4-0
"Beef, New Zealand, imported, oyster blade, separable lean only, cooked, braised",8.46,2.925,0.0,29.87,0.0,195.6,4,0,4-0
"Beef, New Zealand, imported, oyster blade, separable lean only, raw",7.56,2.589,0.0,21.83,0.0,155.4,4,0,4-0
"Beef, New Zealand, imported, ribs prepared, cooked, fast roasted",9.74,3.585,0.09,27.23,0.0,196.9,4,0,4-0
"Beef, New Zealand, imported, subcutaneous fat, cooked",78.3,30.256,0.0,6.5,0.0,730.7,3,0,3-0
"Beef, New Zealand, imported, subcutaneous fat, raw",72.38,31.514,0.0,8.5,0.0,685.4,3,0,3-0
"Beef, New Zealand, imported, sweetbread, cooked, boiled",29.79,12.473,0.0,12.53,0.0,318.2,2,0,2-0
"Beef, New Zealand, imported, sweetbread, raw",28.6,12.294,0.0,11.51,0.0,303.4,2,0,2-0
"Beef, New Zealand, imported, tenderloin, separable lean only, cooked, fast fried",9.01,3.596,0.27,29.37,0.0,199.6,4,0,4-0
"Beef, New Zealand, imported, variety meats and by-products, tripe cooked, boiled",2.98,0.922,0.0,19.0,0.0,102.8,4,0,4-0
"Beef, New Zealand, imported, variety meats and by-products, tripe uncooked, raw",1.98,1.02,0.0,14.86,0.0,77.3,4,0,4-0
"Beef, New Zealand, imported, bolar blade, separable lean and fat, cooked, fast roasted",11.37,4.117,0.0,31.3,0.0,227.5,4,0,4-0
"Beef, New Zealand, imported, bolar blade, separable lean and fat, raw",8.22,3.017,0.0,21.29,0.0,159.1,4,0,4-0
"Beef, New Zealand, imported, chuck eye roll, separable lean and fat, cooked, braised",14.74,5.199,0.0,29.92,0.0,252.3,4,0,4-0
"Beef, New Zealand, imported, chuck eye roll, separable lean and fat, raw",11.45,4.437,0.0,19.38,0.0,180.6,4,0,4-0
"Beef, New Zealand, imported, cube roll, separable lean and fat, cooked, fast roasted",19.45,7.012,0.03,27.79,0.0,286.3,4,0,4-0
"Beef, New Zealand, imported, cube roll, separable lean and fat, raw",16.31,6.734,1.26,18.22,0.0,224.7,4,0,4-0
"Beef, New Zealand, imported, flat, separable lean and fat, raw",10.55,3.847,0.0,20.57,0.0,177.2,4,0,4-0
"Beef, New Zealand, imported, hind shin, separable lean and fat, cooked, braised",8.5,2.948,0.07,29.82,0.0,196.1,4,0,4-0
"Beef, New Zealand, imported, hind shin, separable lean and fat, raw",7.2,2.711,0.0,20.61,0.0,147.2,4,0,4-0
"Beef, New Zealand, imported, oyster blade, separable lean and fat, cooked, braised",8.68,3.013,0.0,29.79,0.0,197.3,4,0,4-0
"Beef, New Zealand, imported, striploin, separable lean and fat, raw",19.53,8.064,0.6,18.49,0.0,252.1,4,0,4-0
"Beef, New Zealand, imported, tenderloin, separable lean and fat, cooked, fast fried",9.35,3.729,0.27,29.26,0.0,202.3,4,0,4-0
"Beef, New Zealand, imported, tenderloin, separable lean and fat, raw",6.88,2.788,0.0,21.04,0.0,146.1,4,0,4-0
"Beef, ground, 93% lean meat / 7% fat, raw",7.0,2.878,0.0,20.85,0.0,146.4,4,0,4-0
"Beef, ground, 97% lean meat / 3% fat, raw",3.0,1.48,0.0,21.98,0.0,114.9,4,0,4-0
"Beef, ground, 97% lean meat / 3% fat, patty, cooked, broiled",4.46,2.207,0.0,26.36,0.0,145.6,4,0,4-0
"Beef, ground, 97% lean meat /3% fat, patty, cooked, pan-broiled",3.65,1.797,0.0,26.03,0.0,137.0,4,0,4-0
"Beef, ground, 97% lean meat / 3% fat, loaf, cooked, baked",4.06,2.011,0.0,27.58,0.0,146.9,4,0,4-0
"Beef, round, bottom round, steak, separable lean only, trimmed to 1/8"" fat, choice, cooked, braised",9.02,3.109,0.0,34.22,0.0,218.1,4,0,4-0
"Beef, short loin, top loin, steak, separable lean only, trimmed to 1/8"" fat, choice, raw",6.43,2.378,0.0,22.78,0.0,149.0,4,0,4-0
"Beef, tenderloin, steak, separable lean only, trimmed to 1/8"" fat, choice, cooked, broiled",9.1,3.465,0.0,29.01,0.0,197.9,4,0,4-0
"Beef, top sirloin, steak, separable lean only, trimmed to 1/8"" fat, choice, cooked, broiled",6.72,2.56,0.0,29.51,0.0,178.5,4,0,4-0
"Beef, short loin, top loin, steak, separable lean only, trimmed to 1/8"" fat, choice, cooked, broiled",8.45,3.217,0.0,29.16,0.0,192.7,4,0,4-0
"Beef, round, eye of round, roast, separable lean only, trimmed to 1/8"" fat, select, raw",2.62,0.898,0.0,22.31,0.0,112.8,4,0,4-0
"Beef, round, top round, steak, separable lean only, trimmed to 1/8"" fat, select, raw",3.37,1.154,0.0,23.13,0.0,122.8,4,0,4-0
"Beef, round, bottom round, roast, separable lean only, trimmed to 1/8"" fat, select, raw",3.66,1.253,0.0,22.18,0.0,121.7,4,0,4-0
"Beef, rib, small end (ribs 10-12), separable lean only, trimmed to 1/8"" fat, all grades, cooked, broiled",7.63,2.907,0.0,29.58,0.0,187.0,4,0,4-0
"Beef, bottom sirloin, tri-tip roast, separable lean only, trimmed to 0"" fat, select, raw",4.21,1.5,0.0,21.34,0.0,123.2,4,0,4-0
"Beef, round, tip round, roast, separable lean only, trimmed to 0"" fat, all grades, raw",3.95,1.376,0.0,21.07,0.0,119.8,4,0,4-0
"Beef, round, tip round, roast, separable lean only, trimmed to 0"" fat, choice, raw",4.55,1.556,0.0,20.76,0.0,124.0,4,0,4-0
"Beef, round, tip round, roast, separable lean only, trimmed to 0"" fat, select, raw",3.35,1.147,0.0,21.38,0.0,115.7,4,0,4-0
"Beef, brisket, flat half, separable lean and fat, trimmed to 1/8"" fat, choice, raw",22.15,8.939,0.12,18.12,0.0,272.3,4,0,4-0
"Beef, brisket, flat half, separable lean and fat, trimmed to 1/8"" fat, select, raw",22.21,8.963,0.0,17.77,0.0,271.0,4,0,4-0
"Beef, brisket, flat half, separable lean and fat, trimmed to 1/8"" fat, choice, cooked, braised",19.47,8.219,0.0,28.66,0.0,289.9,4,0,4-0
"Formulated Bar, SOUTH BEACH protein bar",15.17,3.384,38.4,30.34,7.3,411.5,2,0,2-0
"Beverages, ABBOTT, EAS whey protein powder",5.13,2.564,17.95,66.67,0.0,384.6,4,0,4-0
"Beverages, Whey protein powder isolate",1.16,0.581,29.07,58.14,0.0,359.3,4,0,4-0
"Beverages, Protein powder whey based",1.56,0.781,6.25,78.13,3.1,351.6,4,0,4-0
"Beverages, Protein powder soy based",5.56,1.111,28.89,55.56,6.7,387.8,4,0,4-0
"Fast foods, biscuit, with egg and bacon",20.73,5.3,19.06,11.33,0.5,308.1,2,0,2-0
"Fast foods, biscuit, with egg and ham",14.08,3.08,16.37,10.64,0.4,234.8,4,0,4-0
"Fast foods, biscuit, with crispy chicken fillet",14.93,5.712,30.56,11.93,1.4,304.3,2,0,2-0
"Fast foods, croissant, with egg, cheese, and bacon",16.4,7.031,22.5,12.92,1.0,289.3,2,0,2-0
"Fast foods, croissant, with egg, cheese, and ham",14.95,5.161,18.98,12.45,0.9,260.3,4,0,4-0
"Fast foods, croissant, with egg, cheese, and sausage",21.78,8.342,15.9,12.09,1.8,308.0,2,0,2-0
"Fast foods, egg, scrambled",16.18,6.153,2.08,13.84,0.0,209.3,4,0,4-0
"PIZZA HUT 12"" Pepperoni Pizza, Pan Crust",14.21,5.271,30.49,11.97,1.8,297.7,2,0,2-0
"PAPA JOHN'S 14"" Cheese Pizza, Thin Crust",15.66,6.202,26.26,12.29,2.3,295.1,2,0,2-0
"LITTLE CAESARS 14"" Cheese Pizza, Thin Crust",16.99,7.327,22.85,16.23,1.6,309.2,2,0,2-0
"Fast Food, Pizza Chain, 14"" pizza, cheese topping, thin crust",13.95,6.224,31.2,12.85,2.5,301.8,2,0,2-0
"McDONALD'S, Sausage McMUFFIN",21.06,7.253,24.52,12.66,1.4,338.3,2,0,2-0
"BURGER KING, CROISSAN'WICH with Sausage, Egg and Cheese",21.78,8.342,15.9,12.09,1.8,308.0,2,0,2-0
"BURGER KING, CROISSAN'WICH with Sausage and Cheese",25.45,8.595,23.0,13.73,0.7,376.0,2,0,2-0
"Fast foods, cheeseburger; double, regular patty; with condiments",16.18,6.96,17.97,16.24,0.9,282.5,2,0,2-0
"Fast foods, cheeseburger; double, large patty; with condiments",16.22,6.473,14.43,16.96,1.0,271.5,4,0,4-0
"Fast foods, chicken tenders",13.95,2.493,17.25,19.22,1.2,271.4,4,0,4-0
"Fast foods, bagel, with egg, sausage patty, cheese, and condiments",16.97,6.396,22.64,12.98,0.2,295.2,2,0,2-0
"Fast foods, bagel, with breakfast steak, egg, cheese, and condiments",14.07,5.419,22.99,15.95,0.2,282.4,4,0,4-0
"Chicken tenders, breaded, frozen, prepared",13.58,2.437,14.86,14.62,1.7,240.1,4,0,4-0
"Beef, shoulder pot roast or steak, boneless, separable lean and fat, trimmed to 0"" fat, all grades, raw",4.97,2.033,0.0,21.39,0.0,130.3,4,0,4-0
"Beef, short loin, porterhouse steak, separable lean and fat, trimmed to 1/8"" fat, all grades, raw",14.06,5.981,0.0,20.49,0.0,208.5,4,0,4-0
"Beef, short loin, t-bone steak, separable lean and fat, trimmed to 1/8"" fat, all grades, cooked, grilled",20.36,8.356,0.0,24.6,0.0,281.6,4,0,4-0
"Beef, short loin, t-bone steak, separable lean and fat, trimmed to 1/8"" fat, select, raw",14.19,6.211,0.0,20.28,0.0,208.8,4,0,4-0
"Beef, short loin, t-bone steak, separable lean and fat, trimmed to 1/8"" fat, select, cooked, grilled",19.22,7.806,0.0,25.18,0.0,273.7,4,0,4-0
"Beef, round, knuckle, tip side, steak, separable lean and fat, trimmed to 0"" fat, choice, raw",4.66,1.755,0.0,21.41,0.0,127.6,4,0,4-0
"Beef, chuck, shoulder clod, shoulder tender, medallion, separable lean and fat, trimmed to 0"" fat, choice, cooked, grilled",7.68,2.737,0.0,26.07,0.0,173.4,4,0,4-0
"Beef, chuck, shoulder clod, shoulder tender, medallion, separable lean and fat, trimmed to 0"" fat, select, raw",5.79,1.988,0.0,20.93,0.0,135.8,4,0,4-0
"Beef, chuck, shoulder clod, shoulder top and center steaks, separable lean and fat, trimmed to 0"" fat, choice, raw",6.12,2.083,0.0,20.39,0.0,136.6,4,0,4-0
"Beef, chuck, shoulder clod, shoulder top and center steaks, separable lean and fat, trimmed to 0"" fat, choice, cooked, grilled",8.11,3.031,0.0,26.07,0.0,177.3,4,0,4-0
"Beef, chuck, shoulder clod, top blade, steak, separable lean and fat, trimmed to 0"" fat, select, raw",9.22,3.464,0.0,19.38,0.0,160.5,4,0,4-0
"Beef, chuck, shoulder clod, top blade, steak, separable lean and fat, trimmed to 0"" fat, select, cooked, grilled",11.52,4.423,0.0,25.29,0.0,204.8,4,0,4-0
"Beef, round, knuckle, tip center, steak, separable lean and fat, trimmed to 0"" fat, choice, raw",6.85,2.3,0.0,20.74,0.0,144.6,4,0,4-0
"Beef, round, knuckle, tip center, steak, separable lean and fat, trimmed to 0"" fat, choice, cooked, grilled",8.13,2.759,0.0,26.88,0.0,180.7,4,0,4-0
"Beef, round, knuckle, tip center, steak, separable lean and fat, trimmed to 0"" fat, select, raw",5.21,1.89,0.0,20.98,0.0,130.8,4,0,4-0
"Beef, round, outside round, bottom round, steak, separable lean and fat, trimmed to 0"" fat, select, cooked, grilled",5.17,1.716,0.0,28.01,0.0,158.6,4,0,4-0
"Beef, chuck, shoulder clod, shoulder tender, medallion, separable lean and fat, trimmed to 0"" fat, all grades, raw",6.22,2.088,0.0,20.54,0.0,138.1,4,0,4-0
"Beef, chuck, shoulder clod, shoulder tender, medallion, separable lean and fat, trimmed to 0"" fat, all grades, cooked, grilled",7.2,2.833,0.0,26.22,0.0,169.7,4,0,4-0
"Beef, round, knuckle, tip side, steak, separable lean and fat, trimmed to 0"" fat, all grades, raw",4.0,1.578,0.0,21.69,0.0,122.8,4,0,4-0
"Beef, chuck, shoulder clod, top blade, steak, separable lean and fat, trimmed to 0"" fat, all grades, cooked, grilled",12.79,5.095,0.0,24.93,0.0,214.8,4,0,4-0
"Beef, round, knuckle, tip center, steak, separable lean and fat, trimmed to 0"" fat, all grades, raw",5.89,2.163,0.0,20.93,0.0,136.7,4,0,4-0
"Beef, round, knuckle, tip center, steak, separable lean and fat, trimmed to 0"" fat, all grades, cooked, grilled",6.78,2.527,0.0,27.12,0.0,169.5,4,0,4-0
"Beef, round, outside round, bottom round, steak, separable lean and fat, trimmed to 0"" fat, all grades, raw",5.53,2.0,0.0,21.59,0.0,136.1,4,0,4-0
"Beef, rib eye roast, boneless, lip-on, separable lean only, trimmed to 1/8"" fat, select, cooked, roasted",9.68,3.556,0.0,28.72,0.0,202.0,4,0,4-0
"Beef, plate steak, boneless, inside skirt, separable lean only, trimmed to 0"" fat, all grades, cooked, grilled",12.69,4.315,0.0,29.99,0.0,234.2,4,0,4-0
"Beef, plate steak, boneless, inside skirt, separable lean only, trimmed to 0"" fat, all grades, raw",8.82,3.233,0.0,21.17,0.0,164.1,4,0,4-0
"Beef, plate steak, boneless, inside skirt, separable lean only, trimmed to 0"" fat, choice, cooked, grilled",13.72,4.76,0.0,29.56,0.0,241.7,4,0,4-0
"Beef, plate steak, boneless, outside skirt, separable lean only, trimmed to 0"" fat, all grades, raw",14.53,5.618,0.19,18.74,0.0,206.5,4,0,4-0
"Beef, plate steak, boneless, outside skirt, separable lean only, trimmed to 0"" fat, choice, cooked, grilled",20.28,7.035,0.0,27.03,0.0,290.6,4,0,4-0
"Beef, plate steak, boneless, outside skirt, separable lean only, trimmed to 0"" fat, choice, raw",15.26,5.798,0.17,18.47,0.0,211.9,4,0,4-0
"Beef, plate steak, boneless, outside skirt, separable lean only, trimmed to 0"" fat, select, cooked, grilled",17.1,6.132,0.0,28.65,0.0,268.5,4,0,4-0
"Beef, rib eye steak, boneless, lip off, separable lean only, trimmed to 0"" fat, choice, raw",8.5,3.057,0.0,21.44,0.0,162.3,4,0,4-0
"Beef, rib eye steak, boneless, lip off, separable lean only, trimmed to 0"" fat, select, cooked, grilled",8.31,3.534,0.0,29.18,0.0,191.5,4,0,4-0
"Beef, rib eye steak, boneless, lip off, separable lean only, trimmed to 0"" fat, select, raw",5.78,2.313,0.0,22.46,0.0,141.9,4,0,4-0
"Beef, rib, back ribs, bone-in, separable lean only, trimmed to 0"" fat, all grades, cooked, braised",20.57,8.103,0.0,28.36,0.0,298.6,4,0,4-0
"Beef, rib, back ribs, bone-in, separable lean only, trimmed to 0"" fat, select, raw",15.73,5.92,0.2,19.71,0.0,221.2,4,0,4-0
"Beef, rib eye steak, bone-in, lip-on, separable lean and fat, trimmed to 1/8"" fat, choice, cooked, grilled",24.7,10.566,0.0,22.71,0.0,313.1,2,0,2-0
"Beef, rib eye steak, bone-in, lip-on, separable lean and fat, trimmed to 1/8"" fat, select, cooked, grilled",23.47,10.723,0.0,23.19,0.0,304.0,2,0,2-0
"Beef, rib eye steak, bone-in, lip-on, separable lean and fat, trimmed to 1/8"" fat, all grades, cooked, grilled",24.2,10.629,0.0,22.9,0.0,309.4,2,0,2-0
"Beef, rib eye roast, bone-in, lip-on, separable lean and fat, trimmed to 1/8"" fat, choice, cooked, roasted",23.61,10.097,0.0,23.53,0.0,306.6,2,0,2-0
"Beef, rib eye steak/roast, bone-in, lip-on, separable lean and fat, trimmed to 1/8"" fat, select, raw",19.34,8.844,0.0,18.44,0.0,247.8,4,0,4-0
"Beef, rib eye steak, boneless, lip-on, separable lean and fat, trimmed to 1/8"" fat, choice, cooked, grilled",23.52,10.307,0.0,22.92,0.0,303.4,2,0,2-0
"Beef, rib eye steak, boneless, lip-on, separable lean and fat, trimmed to 1/8"" fat, select, cooked, grilled",19.25,8.749,0.0,24.83,0.0,272.6,4,0,4-0
"Beef, rib eye steak, boneless, lip-on, separable lean and fat, trimmed to 1/8"" fat, all grades, cooked, grilled",21.81,9.684,0.0,23.69,0.0,291.0,4,0,4-0
"Beef, rib eye steak/roast, boneless, lip-on, separable lean and fat, trimmed to 1/8"" fat, choice, raw",19.95,8.741,0.0,18.39,0.0,253.1,4,0,4-0
"Beef, rib eye steak/roast, boneless, lip-on, separable lean and fat, trimmed to 1/8"" fat, select, raw",16.9,7.515,0.0,19.55,0.0,230.3,4,0,4-0
"Beef, plate steak, boneless, inside skirt, separable lean and fat, trimmed to 0"" fat, all grades, cooked, grilled",14.2,5.057,0.0,29.36,0.0,245.2,4,0,4-0
"Beef, plate steak, boneless, inside skirt, separable lean and fat, trimmed to 0"" fat, choice, cooked, grilled",15.3,5.554,0.0,28.9,0.0,253.3,4,0,4-0
"Beef, plate steak, boneless, outside skirt, separable lean and fat, trimmed to 0"" fat, all grades, cooked, grilled",20.47,7.405,0.0,27.06,0.0,292.5,4,0,4-0
"Beef, plate steak, boneless, outside skirt, separable lean and fat, trimmed to 0"" fat, choice, cooked, grilled",21.62,7.733,0.0,26.46,0.0,300.4,4,0,4-0
"Beef, plate steak, boneless, outside skirt, separable lean and fat, trimmed to 0"" fat, select, cooked, grilled",18.75,6.911,0.0,27.95,0.0,280.6,4,0,4-0
"Beef, plate steak, boneless, outside skirt, separable lean and fat, trimmed to 0"" fat, all grades, raw",17.59,7.138,0.35,17.98,0.0,231.6,4,0,4-0
"Beef, rib eye steak, boneless, lip off, separable lean and fat, trimmed to 0"" fat, select, cooked, grilled",15.9,7.226,0.0,26.29,0.0,248.3,4,0,4-0
"Beef, rib eye steak, boneless, lip off, separable lean and fat, trimmed to 0"" fat, all grades, raw",16.71,7.363,0.12,19.26,0.0,227.9,4,0,4-0
"Beef, rib eye steak, boneless, lip off, separable lean and fat, trimmed to 0"" fat, choice, raw",18.43,8.074,0.2,18.69,0.0,241.4,4,0,4-0
"Beef, rib eye steak, boneless, lip off, separable lean and fat, trimmed to 0"" fat, select, raw",14.14,6.29,0.0,20.12,0.0,207.7,4,0,4-0
"Beef, rib, back ribs, bone-in, separable lean and fat, trimmed to 0"" fat, choice, raw",29.89,13.296,0.9,15.75,0.0,335.6,2,0,2-0
"Beef, rib, back ribs, bone-in, separable lean and fat, trimmed to 0"" fat, select, raw",26.23,11.663,0.6,16.75,0.0,305.5,2,0,2-0
"Beef, loin, top sirloin petite roast, boneless, separable lean only, trimmed to 0"" fat, choice, cooked, roasted",6.37,1.994,0.0,28.97,0.0,173.2,4,0,4-0
"Beef, loin, top sirloin petite roast/filet, boneless, separable lean only, trimmed to 0"" fat, choice, raw",4.4,1.392,0.0,23.03,0.0,131.7,4,0,4-0
"Beef, loin, top sirloin cap steak, boneless, separable lean only, trimmed to 1/8"" fat, select, raw",4.68,1.568,0.0,21.44,0.0,127.9,4,0,4-0
"Butter, salted",81.11,51.368,0.06,0.85,0.0,733.6,3,0,3-0
"Butter, whipped, with salt",78.3,45.39,0.0,0.49,0.0,706.7,3,0,3-0
"Butter oil, anhydrous",99.48,61.924,0.0,0.28,0.0,896.4,3,0,3-0
"Cheese, caraway",29.2,18.584,3.06,25.18,0.0,375.8,2,0,2-0
"Cheese, cheddar (Includes foods for USDA's Food Distribution Program)",33.31,18.867,3.37,22.87,0.0,404.8,2,0,2-0
"Cheese, cheshire",30.6,19.475,4.78,23.37,0.0,388.0,2,0,2-0
"Cheese, colby",32.11,20.218,2.57,23.76,0.0,394.3,2,0,2-0
"Cheese, cream",34.44,20.213,5.52,6.15,0.0,356.6,2,0,2-0
"Cheese, edam",28.57,18.67,1.43,24.99,0.0,362.8,2,0,2-0
"Cheese, feta",21.49,13.3,3.88,14.21,0.0,265.8,2,0,2-0
"Egg, yolk, raw, frozen, pasteurized",25.6,8.615,0.81,15.53,0.0,295.8,2,0,2-0
"Egg, yolk, raw, frozen, sugared, pasteurized",22.82,7.11,10.95,13.87,0.0,304.7,2,0,2-0
"Egg, whole, cooked, fried",14.84,4.323,0.83,13.61,0.0,191.3,4,0,4-0
"Egg, whole, cooked, hard-boiled",10.61,3.267,1.12,12.58,0.0,150.3,4,0,4-0
"Egg, whole, dried, stabilized, glucose reduced",43.95,13.198,2.38,48.17,0.0,597.8,2,0,2-0
"Egg, white, dried, flakes, stabilized, glucose reduced",0.04,0.0,4.17,76.92,0.0,324.7,4,0,4-0
"Egg, white, dried, powder, stabilized, glucose reduced",0.04,0.0,4.47,82.4,0.0,347.8,4,0,4-0
"Egg, yolk, dried",59.13,20.334,0.66,33.63,0.0,669.3,2,0,2-0
"Egg substitute, powder",13.0,3.766,21.8,55.5,0.0,426.2,4,0,4-0
"Butter, without salt",81.11,50.489,0.06,0.85,0.0,733.6,3,0,3-0
"Cheese, parmesan, shredded",27.34,17.37,3.41,37.86,0.0,411.1,2,0,2-0
"Cheese, goat, semisoft type",29.84,20.639,0.12,21.58,0.0,355.4,2,0,2-0
"Cheese, goat, soft type",21.08,14.575,0.0,18.52,0.0,263.8,4,0,4-0
"Egg, yolk, raw, frozen, salted, pasteurized",22.93,7.159,1.77,14.07,0.0,269.7,2,0,2-0
"Cheese, mexican, queso asadero",25.0,14.85,4.13,22.6,0.0,331.9,2,0,2-0
"Cheese, mexican, queso chihuahua",29.68,18.843,5.56,21.56,0.0,375.6,2,0,2-0
"Cheese, low fat, cheddar or colby",7.0,4.342,1.91,24.35,0.0,168.0,4,0,4-0
"Cheese, low-sodium, cheddar or colby",32.62,20.768,1.91,24.35,0.0,398.6,2,0,2-0
KRAFT CHEEZ WHIZ LIGHT Pasteurized Process Cheese Product,9.5,6.4,16.2,16.3,0.2,215.5,4,0,4-0
KRAFT FREE Singles American Nonfat Pasteurized Process Cheese Product,1.0,0.7,11.7,22.7,0.2,146.6,4,0,4-0
KRAFT VELVEETA Pasteurized Process Cheese Spread,22.0,14.4,9.8,16.3,0.0,302.4,2,0,2-0
KRAFT VELVEETA LIGHT Reduced Fat Pasteurized Process Cheese Product,10.6,7.1,11.8,19.6,0.0,221.0,4,0,4-0
"Cheese, parmesan, dry grated, reduced fat",20.0,13.317,1.37,20.0,0.0,265.5,4,0,4-0
"Milk, dry, whole, without added vitamin D",26.71,16.742,38.42,26.32,0.0,499.4,2,0,2-0
"Cheese product, pasteurized process, American, reduced fat, fortified with vitamin D",14.1,8.85,10.6,17.6,0.0,239.7,4,0,4-0
"Protein supplement, milk based, Muscle Milk, powder",17.14,1.553,18.5,45.71,7.1,411.1,2,0,2-0
"Protein supplement, milk based, Muscle Milk Light, powder",12.0,1.087,22.0,50.0,2.0,396.0,4,0,4-0
"Ice cream, bar or stick, chocolate covered",24.1,13.202,24.5,4.1,0.8,331.3,2,0,2-0
"Babyfood, meat, lamb, strained",3.41,1.65,0.85,14.07,0.0,90.4,4,0,4-0
"Babyfood, meat, lamb, junior",5.2,2.56,0.0,15.2,0.0,107.6,4,0,4-0
"Babyfood, meat, chicken, strained",7.9,2.03,0.1,13.7,0.0,126.3,4,0,4-0
"Babyfood, meat, turkey sticks, junior",14.2,4.143,1.4,13.7,0.2,188.2,4,0,4-0
"Babyfood, meat, meat sticks, junior",14.6,5.82,1.1,13.4,0.2,189.4,4,0,4-0
"Salad dressing, blue or roquefort cheese dressing, commercial, regular",51.1,8.275,4.77,1.37,0.4,484.5,2,0,2-0
"Oil, cupu assu",100.0,53.2,0.0,0.0,0.0,900.0,3,0,3-0
"Fat, chicken",99.8,29.8,0.0,0.0,0.0,898.2,3,0,3-0
"Oil, soybean, salad or cooking, (partially hydrogenated) and cottonseed",100.0,18.0,0.0,0.0,0.0,900.0,3,0,3-0
"Shortening industrial, lard and vegetable oil",100.0,35.7,0.0,0.0,0.0,900.0,3,0,3-0
"Shortening frying (heavy duty), beef tallow and cottonseed",100.0,44.9,0.0,0.0,0.0,900.0,3,0,3-0
"Shortening confectionery, coconut (hydrogenated) and or palm kernel (hydrogenated)",100.0,91.3,0.0,0.0,0.0,900.0,3,0,3-0
"Shortening industrial, soybean (hydrogenated) and cottonseed",100.0,25.6,0.0,0.0,0.0,900.0,3,0,3-0
"Oil, ucuhuba butter",100.0,85.2,0.0,0.0,0.0,900.0,3,0,3-0
"Fat, turkey",99.8,29.4,0.0,0.0,0.0,898.2,3,0,3-0
"Fat, goose",99.8,27.7,0.0,0.0,0.0,898.2,3,0,3-0
"Oil, avocado",100.0,11.56,0.0,0.0,0.0,900.0,3,0,3-0
"Shortening, special purpose for cakes and frostings, soybean (hydrogenated)",100.0,20.001,0.0,0.0,0.0,900.0,3,0,3-0
"Shortening, special purpose for baking, soybean (hydrogenated) palm and cottonseed",100.0,28.843,0.0,0.0,0.0,900.0,3,0,3-0
"Oil, oat",100.0,19.62,0.0,0.0,0.0,900.0,3,0,3-0
"Fish oil, cod liver",100.0,22.608,0.0,0.0,0.0,900.0,3,0,3-0
"Fish oil, sardine",100.0,29.892,0.0,0.0,0.0,900.0,3,0,3-0
"Shortening, multipurpose, soybean (hydrogenated) and palm (hydrogenated)",100.0,30.423,0.0,0.0,0.0,900.0,3,0,3-0
"Margarine-like, vegetable oil-butter spread, tub, with salt",40.0,7.238,1.0,1.0,0.0,368.0,2,0,2-0
"Butter, light, stick, with salt",55.1,34.321,0.0,3.3,0.0,509.1,2,0,2-0
"Margarine-like, vegetable oil spread, 60% fat, tub, with salt",59.81,12.086,0.86,0.17,0.0,542.4,2,0,2-0
"Margarine-like, vegetable oil spread, 60% fat, stick/tub/bottle, with salt",59.17,10.042,0.0,0.6,0.0,534.9,2,0,2-0
"Shortening, vegetable, household, composite",99.97,24.98,0.0,0.0,0.0,899.7,3,0,3-0
"Margarine, regular, 80% fat, composite, stick, without salt",80.71,15.189,0.7,0.16,0.0,729.8,3,0,3-0
"Margarine-like spread with yogurt, approximately 40% fat, tub, with salt",35.0,7.0,2.0,2.0,0.0,331.0,2,0,2-0
"Margarine, 80% fat, stick, includes regular and hydrogenated corn and soybean oils",80.71,15.189,0.7,0.16,0.0,729.8,3,0,3-0
"Margarine, margarine-type vegetable oil spread, 70% fat, soybean and partially hydrogenated soybean, stick",70.22,13.631,1.53,0.26,0.0,639.1,3,0,3-0
"Salad dressing, ranch dressing, regular",44.54,6.964,5.9,1.32,0.0,429.7,2,0,2-0
"Oil, industrial, coconut, principal uses candy coatings, oil sprays, roasting nuts",100.0,86.002,0.0,0.0,0.0,900.0,3,0,3-0
"Oil, industrial, soy (partially hydrogenated), principal uses popcorn and flavoring vegetables",100.0,17.683,0.0,0.0,0.0,900.0,3,0,3-0
"Shortening, industrial, soy (partially hydrogenated), pourable liquid fry shortening",100.0,18.358,0.0,0.0,0.0,900.0,3,0,3-0
"Oil, industrial, soy, refined, for woks and light frying",100.0,15.34,0.0,0.0,0.0,900.0,3,0,3-0
"Margarine-like shortening, industrial, soy (partially hydrogenated), cottonseed, and soy, principal use flaky pastries",71.0,22.869,0.0,0.0,0.0,639.0,3,0,3-0
"Oil, industrial, palm kernel, confection fat, uses similar to high quality cocoa butter",100.0,87.558,0.0,0.0,0.0,900.0,3,0,3-0
"Oil, industrial, palm kernel (hydrogenated), confection fat, uses similar to 95 degree hard butter",100.0,93.701,0.0,0.0,0.0,900.0,3,0,3-0
"Oil, industrial, palm kernel (hydrogenated), confection fat, intermediate grade product",100.0,92.614,0.0,0.0,0.0,900.0,3,0,3-0
"Oil, industrial, palm kernel (hydrogenated), filling fat",100.0,88.209,0.0,0.0,0.0,900.0,3,0,3-0
"Oil, industrial, soy (partially hydrogenated ), palm, principal uses icings and fillings",100.0,28.421,0.0,0.0,0.0,900.0,3,0,3-0
"Margarine, industrial, non-dairy, cottonseed, soy oil (partially hydrogenated ), for flaky pastries",80.2,20.442,0.0,1.9,0.0,729.4,3,0,3-0
"Shortening, industrial, soy (partially hydrogenated ) and corn for frying",100.0,17.416,0.0,0.0,0.0,900.0,3,0,3-0
"Shortening, industrial, soy (partially hydrogenated ) for baking and confections",100.0,18.788,0.0,0.0,0.0,900.0,3,0,3-0
"Margarine-like spread, SMART BALANCE Omega Plus Spread (with plant sterols & fish oil)",70.95,19.83,0.16,0.13,0.0,639.7,3,0,3-0
"Chicken, broilers or fryers, drumstick, meat and skin, cooked, fried, flour",13.72,3.66,1.63,26.96,0.1,237.8,4,0,4-0
"Chicken, broilers or fryers, drumstick, meat and skin, cooked, roasted",10.15,2.74,0.0,23.35,0.0,184.8,4,0,4-0
"Chicken, broilers or fryers, drumstick, meat and skin, cooked, stewed",10.64,2.91,0.0,25.32,0.0,197.0,4,0,4-0
"Chicken, broilers or fryers, dark meat, drumstick, meat only, raw",3.71,0.949,0.0,19.41,0.0,111.0,4,0,4-0
"Chicken, broilers or fryers, leg, meat and skin, cooked, fried, batter",16.17,4.28,8.72,21.77,0.3,267.5,4,0,4-0
"Chicken, broilers or fryers, leg, meat and skin, cooked, fried, flour",14.43,3.9,2.5,26.84,0.1,247.2,4,0,4-0
"Chicken, broilers or fryers, leg, meat and skin, cooked, roasted",8.99,2.446,0.0,24.03,0.0,177.0,4,0,4-0
"Chicken, broilers or fryers, leg, meat and skin, cooked, stewed",12.92,3.57,0.0,24.17,0.0,213.0,4,0,4-0
"Chicken, broilers or fryers, leg, meat only, raw",4.22,1.05,0.0,19.16,0.0,114.6,4,0,4-0
"Chicken, broilers or fryers, neck, meat and skin, cooked, fried, flour",23.61,6.32,4.24,24.01,0.0,325.5,2,0,2-0
"Chicken, broilers or fryers, neck, meat and skin, cooked simmered",18.1,5.0,0.0,19.61,0.0,241.3,4,0,4-0
"Chicken, broilers or fryers, neck, meat only, raw",8.78,2.25,0.0,17.55,0.0,149.2,4,0,4-0
"Chicken, broilers or fryers, thigh, meat and skin, cooked, fried, flour",14.98,4.09,3.18,26.75,0.1,254.5,4,0,4-0
"Chicken, broilers or fryers, thigh, meat and skin, cooked, roasted",14.71,4.111,0.0,23.26,0.0,225.4,4,0,4-0
"Chicken, broilers or fryers, thigh, meat and skin, cooked, stewed",14.74,4.11,0.0,23.26,0.0,225.7,4,0,4-0
"Chicken, broilers or fryers, dark meat, thigh, meat only, raw",4.12,1.097,0.0,19.66,0.0,115.7,4,0,4-0
"Chicken, broilers or fryers, wing, meat and skin, cooked, fried, batter",21.81,5.83,10.94,19.87,0.3,319.5,2,0,2-0
"Chicken, broilers or fryers, wing, meat and skin, cooked, fried, flour",22.16,6.06,2.39,26.11,0.1,313.4,4,0,4-0
"Chicken, broilers or fryers, wing, meat and skin, cooked, roasted",16.87,4.976,0.0,23.79,0.0,247.0,4,0,4-0
"Chicken, broilers or fryers, wing, meat and skin, cooked, stewed",16.82,4.71,0.0,22.78,0.0,242.5,4,0,4-0
"Chicken, broilers or fryers, wing, meat only, raw",3.54,0.94,0.0,21.97,0.0,119.7,4,0,4-0
"Chicken, roasting, meat and skin and giblets and neck, cooked, roasted",13.07,3.66,0.05,23.96,0.0,213.7,4,0,4-0
"Canada Goose, breast meat only, skinless, raw",4.02,0.609,0.0,24.31,0.0,133.4,4,0,4-0
"Chicken, roasting, meat and skin, cooked, roasted",13.39,3.74,0.0,23.97,0.0,216.4,4,0,4-0
"Chicken, roasting, meat only, raw",2.7,0.67,0.0,20.33,0.0,105.6,4,0,4-0
"Chicken, roasting, light meat, meat only, cooked, roasted",4.07,1.08,0.0,27.13,0.0,145.2,4,0,4-0
"Chicken, roasting, dark meat, meat only, raw",3.61,0.93,0.0,18.74,0.0,107.4,4,0,4-0
"Chicken, roasting, dark meat, meat only, cooked, roasted",8.75,2.43,0.0,23.25,0.0,171.8,4,0,4-0
"Chicken, stewing, meat and skin, and giblets and neck, raw",19.52,5.48,0.19,17.48,0.0,246.4,4,0,4-0
"Chicken, stewing, giblets, raw",9.21,2.63,2.13,17.89,0.0,163.0,4,0,4-0
"Chicken, stewing, giblets, cooked, simmered",9.3,2.66,0.11,25.73,0.0,187.1,4,0,4-0
"Chicken, stewing, light meat, meat only, raw",4.21,0.97,0.0,23.1,0.0,130.3,4,0,4-0
"Chicken, stewing, light meat, meat only, cooked, stewed",7.98,1.98,0.0,33.04,0.0,204.0,4,0,4-0
"Chicken, capons, meat and skin, raw",17.07,4.95,0.0,18.77,0.0,228.7,4,0,4-0
"Chicken, capons, meat and skin, cooked, roasted",11.65,3.26,0.0,28.96,0.0,220.7,4,0,4-0
"Fish, herring, Atlantic, kippered",12.37,2.791,0.0,24.58,0.0,209.6,4,0,4-0
"Fish, herring, Pacific, raw",13.88,3.257,0.0,16.39,0.0,190.5,4,0,4-0
"Fish, ling, raw",0.64,0.12,0.0,18.99,0.0,81.7,4,0,4-0
"Fish, lingcod, raw",1.06,0.197,0.0,17.66,0.0,80.2,4,0,4-0
"Fish, mackerel, Pacific and jack, mixed species, raw",7.89,2.247,0.0,20.07,0.0,151.3,4,0,4-0
"Fish, mackerel, spanish, raw",6.3,1.828,0.0,19.29,0.0,133.9,4,0,4-0
"Fish, mackerel, spanish, cooked, dry heat",6.32,1.801,0.0,23.59,0.0,151.2,4,0,4-0
"Fish, milkfish, raw",6.73,1.66,0.0,20.53,0.0,142.7,4,0,4-0
"Fish, monkfish, raw",1.52,0.34,0.0,14.48,0.0,71.6,4,0,4-0
"Fish, pout, ocean, raw",0.91,0.32,0.0,16.64,0.0,74.8,4,0,4-0
"Fish, perch, mixed species, raw",0.92,0.185,0.0,19.39,0.0,85.8,4,0,4-0
"Fish, perch, mixed species, cooked, dry heat",1.18,0.237,0.0,24.86,0.0,110.1,4,0,4-0
"Fish, pike, northern, raw",0.69,0.118,0.0,19.26,0.0,83.2,4,0,4-0
"Fish, pollock, Alaska, cooked, dry heat (may contain additives to retain moisture)",1.18,0.159,0.0,23.48,0.0,104.5,4,0,4-0
"Fish, pompano, florida, raw",9.47,3.509,0.0,18.48,0.0,159.2,4,0,4-0
"Fish, pompano, florida, cooked, dry heat",12.14,4.499,0.0,23.69,0.0,204.0,4,0,4-0
"Fish, rockfish, Pacific, mixed species, raw",1.34,0.336,0.0,18.36,0.0,85.5,4,0,4-0
"Fish, sablefish, smoked",20.14,4.213,0.0,17.65,0.0,251.9,4,0,4-0
"Fish, salmon, Atlantic, wild, raw",6.34,0.981,0.0,19.84,0.0,136.4,4,0,4-0
"Fish, salmon, chinook, smoked",4.32,0.929,0.0,18.28,0.0,112.0,4,0,4-0
"Fish, salmon, chinook, raw",10.43,3.1,0.0,19.93,0.0,173.6,4,0,4-0
"Fish, salmon, chum, raw",3.77,0.84,0.0,20.14,0.0,114.5,4,0,4-0
"Fish, salmon, pink, canned, total can contents",4.97,0.862,0.0,19.68,0.0,123.4,4,0,4-0
"Fish, salmon, sockeye, raw",4.69,0.814,0.0,22.25,0.0,131.2,4,0,4-0
"Fish, salmon, sockeye, cooked, dry heat",5.57,0.969,0.0,26.48,0.0,156.0,4,0,4-0
"Fish, salmon, sockeye, canned, drained solids",7.39,1.44,0.0,23.59,0.0,160.9,4,0,4-0
"Fish, sea bass, mixed species, cooked, dry heat",2.56,0.655,0.0,23.63,0.0,117.6,4,0,4-0
"Fish, seatrout, mixed species, raw",3.61,1.009,0.0,16.74,0.0,99.4,4,0,4-0
"Fish, shad, american, raw",13.77,3.126,0.0,16.93,0.0,191.6,4,0,4-0
"Fish, shark, mixed species, raw",4.51,0.925,0.0,20.98,0.0,124.5,4,0,4-0
"Fish, snapper, mixed species, raw",1.34,0.285,0.0,20.51,0.0,94.1,4,0,4-0
"Fish, snapper, mixed species, cooked, dry heat",1.72,0.365,0.0,26.3,0.0,120.7,4,0,4-0
"Fish, spot, raw",4.9,1.45,0.0,18.51,0.0,118.1,4,0,4-0
"Fish, sturgeon, mixed species, raw",4.04,0.915,0.0,16.14,0.0,100.9,4,0,4-0
"Fish, swordfish, raw",6.65,1.614,0.0,19.66,0.0,138.5,4,0,4-0
"Fish, swordfish, cooked, dry heat",7.93,1.911,0.0,23.45,0.0,165.2,4,0,4-0
"Fish, tilefish, raw",2.31,0.441,0.0,17.5,0.0,90.8,4,0,4-0
"Fish, tuna, fresh, bluefin, raw",4.9,1.257,0.0,23.33,0.0,137.4,4,0,4-0
"Fish, tuna, fresh, bluefin, cooked, dry heat",6.28,1.612,0.0,29.91,0.0,176.2,4,0,4-0
"Fish, tuna, light, canned in oil, drained solids",8.21,1.534,0.0,29.13,0.0,190.4,4,0,4-0
"Fish, tuna, light, canned in water, drained solids (Includes foods for USDA's Food Distribution Program)",0.96,0.211,0.0,19.44,0.0,86.4,4,0,4-0
"Fish, turbot, european, raw",2.95,0.75,0.0,16.05,0.0,90.8,4,0,4-0
"Fish, whitefish, mixed species, raw",5.86,0.906,0.0,19.09,0.0,129.1,4,0,4-0
"Fish, whitefish, mixed species, smoked",0.93,0.228,0.0,23.4,0.0,102.0,4,0,4-0
"Fish, whiting, mixed species, raw",1.31,0.247,0.0,18.31,0.0,85.0,4,0,4-0
"Fish, catfish, channel, wild, cooked, dry heat",2.85,0.744,0.0,18.47,0.0,99.5,4,0,4-0
"Fish, salmon, coho, farmed, raw",7.67,1.816,0.0,21.27,0.0,154.1,4,0,4-0
"Fish, salmon, coho, farmed, cooked, dry heat",8.23,1.944,0.0,24.3,0.0,171.3,4,0,4-0
"Fish, trout, rainbow, farmed, raw",6.18,1.383,0.0,19.94,0.0,135.4,4,0,4-0
"Fish, trout, rainbow, farmed, cooked, dry heat",7.38,1.651,0.0,23.8,0.0,161.6,4,0,4-0
"Fish, salmon, coho, wild, cooked, dry heat",4.3,1.054,0.0,23.45,0.0,132.5,4,0,4-0
"Mollusks, conch, baked or broiled",1.2,0.37,1.7,26.3,0.0,122.8,4,0,4-0
"Salmon nuggets, breaded, frozen, heated",11.72,1.57,13.96,12.69,0.0,212.1,4,0,4-0
"Salmon nuggets, cooked as purchased, unheated",10.43,1.497,11.85,11.97,0.0,189.2,4,0,4-0
"Salmon, sockeye, canned, drained solids, without skin and bones",5.87,1.211,0.0,26.33,0.0,158.1,4,0,4-0
"Fish, Salmon, pink, canned, drained solids, without skin and bones",4.21,0.749,0.0,24.62,0.0,136.4,4,0,4-0
"Fish, pollock, Alaska, raw",0.82,0.148,0.0,17.17,0.0,76.1,4,0,4-0
"Fish, pollock, Alaska, cooked",0.9946,0.2029,0.0,19.42,0.0,86.6,4,0,4-0
"Peanuts, all types, dry-roasted, without salt",49.66,7.723,21.26,24.35,8.4,629.4,2,0,2-0
"Peanuts, spanish, oil-roasted, without salt",49.04,7.555,17.45,28.01,8.9,623.2,2,0,2-0
"Peanuts, valencia, oil-roasted, without salt",51.24,7.894,16.3,27.04,8.9,634.5,2,0,2-0
"Peanuts, virginia, oil-roasted, without salt",48.62,6.345,19.86,25.87,8.9,620.5,2,0,2-0
"Lamb, New Zealand, imported, loin chop, separable lean only, raw",6.88,2.764,0.0,19.98,0.0,141.8,4,0,4-0
"Lamb, New Zealand, imported, frozen, loin, separable lean only, cooked, broiled",8.24,3.58,0.0,29.31,0.0,191.4,4,0,4-0
"Lamb, Australian, imported, fresh, seam fat, cooked",54.72,28.619,1.55,13.81,0.0,553.9,2,0,2-0
"Margarine Spread, 40-49% fat, tub",44.46,11.055,0.0,0.27,0.0,401.2,2,0,2-0
"Lamb, New Zealand, imported, rack - partly frenched, separable lean and fat, raw",18.52,7.229,0.13,18.12,0.0,239.7,4,0,4-0
"Lamb, New Zealand, imported, rack - partly frenched, separable lean and fat, cooked, fast roasted",18.29,7.066,0.04,22.06,0.0,253.0,4,0,4-0
"Lamb, New Zealand, imported, frozen, shoulder, whole (arm and blade), separable lean only, cooked, braised",15.5,6.81,0.0,34.06,0.0,275.7,4,0,4-0
"Veal, composite of trimmed retail cuts, separable lean and fat, raw",6.77,2.79,0.0,19.35,0.0,138.3,4,0,4-0
"Veal, composite of trimmed retail cuts, separable lean and fat, cooked",11.39,4.28,0.0,30.1,0.0,222.9,4,0,4-0
"Veal, composite of trimmed retail cuts, separable lean only, raw",2.87,0.86,0.0,20.2,0.0,106.6,4,0,4-0
"Veal, leg (top round), separable lean and fat, cooked, braised",6.33,2.53,0.0,36.16,0.0,201.6,4,0,4-0
"Veal, leg (top round), separable lean and fat, cooked, pan-fried, breaded",9.18,3.06,9.91,27.29,0.3,231.4,4,0,4-0
"Veal, leg (top round), separable lean and fat, cooked, pan-fried, not breaded",8.35,3.16,0.0,31.75,0.0,202.1,4,0,4-0
"Veal, leg (top round), separable lean and fat, cooked, roasted",4.65,1.84,0.0,27.7,0.0,152.6,4,0,4-0
"Veal, leg (top round), separable lean only, cooked, roasted",3.39,1.22,0.0,28.07,0.0,142.8,4,0,4-0
"Veal, loin, separable lean and fat, raw",10.07,3.607,0.07,20.07,0.0,171.2,4,0,4-0
"Veal, loin, separable lean and fat, cooked, braised",17.21,6.73,0.0,30.19,0.0,275.7,4,0,4-0
"Veal, loin, separable lean and fat, cooked, roasted",12.32,5.26,0.0,24.8,0.0,210.1,4,0,4-0
"Veal, loin, separable lean only, raw",2.9,1.121,0.0,21.85,0.0,113.5,4,0,4-0
"Veal, rib, separable lean and fat, cooked, roasted",13.96,5.41,0.0,23.96,0.0,221.5,4,0,4-0
"Veal, rib, separable lean only, raw",3.89,1.17,0.0,19.97,0.0,114.9,4,0,4-0
"Veal, rib, separable lean only, cooked, braised",7.81,2.56,0.0,34.44,0.0,208.0,4,0,4-0
"Veal, rib, separable lean only, cooked, roasted",7.44,2.08,0.0,25.76,0.0,170.0,4,0,4-0
"Veal, shoulder, whole (arm and blade), separable lean only, cooked, braised",6.1,1.7,0.0,33.68,0.0,189.6,4,0,4-0
"Veal, shoulder, whole (arm and blade), separable lean only, cooked, roasted",6.62,2.5,0.0,25.81,0.0,162.8,4,0,4-0
"Veal, shoulder, arm, separable lean and fat, raw",5.44,2.26,0.0,19.34,0.0,126.3,4,0,4-0
"Veal, shoulder, arm, separable lean and fat, cooked, braised",10.24,3.96,0.0,33.63,0.0,226.7,4,0,4-0
"Veal, shoulder, blade chop, separable lean and fat, raw",7.61,2.701,0.03,18.72,0.0,143.5,4,0,4-0
"Veal, shoulder, blade, separable lean and fat, cooked, braised",10.09,3.64,0.0,31.26,0.0,215.8,4,0,4-0
"Veal, shoulder, blade, separable lean and fat, cooked, roasted",8.67,3.46,0.0,25.15,0.0,178.6,4,0,4-0
"Veal, shoulder, blade chop, separable lean only, raw",2.88,1.113,0.0,19.6,0.0,104.3,4,0,4-0
"Veal, shoulder, blade, separable lean only, cooked, braised",6.48,1.81,0.0,32.66,0.0,189.0,4,0,4-0
"Veal, sirloin, separable lean only, raw",2.59,0.78,0.0,20.2,0.0,104.1,4,0,4-0
"Veal, sirloin, separable lean only, cooked, braised",6.51,1.82,0.0,33.96,0.0,194.4,4,0,4-0
"Veal, sirloin, separable lean only, cooked, roasted",6.22,2.41,0.0,26.32,0.0,161.3,4,0,4-0
"Veal, cubed for stew (leg and shoulder), separable lean only, raw",2.5,0.75,0.0,20.27,0.0,103.6,4,0,4-0
"Game meat, antelope, cooked, roasted",2.67,0.97,0.0,29.45,0.0,141.8,4,0,4-0
"Game meat, bear, cooked, simmered",13.39,3.54,0.0,32.42,0.0,250.2,4,0,4-0
"Bison, ground, grass-fed, cooked",8.62,3.489,0.0,25.45,0.0,179.4,4,0,4-0
"Game meat, beefalo, composite of cuts, cooked, roasted",6.32,2.68,0.0,30.66,0.0,179.5,4,0,4-0
"Veal, Australian, separable fat, raw",52.17,23.564,0.0,9.91,0.0,509.2,2,0,2-0
"Veal, Australian, rib, rib roast, separable lean and fat, raw",13.1,5.886,1.15,19.6,0.0,200.9,4,0,4-0
"Game meat, bison, separable lean only, raw",1.84,0.69,0.0,21.62,0.0,103.0,4,0,4-0
"Game meat, bison, separable lean only, cooked, roasted",2.42,0.91,0.0,28.44,0.0,135.5,4,0,4-0
"Game meat, caribou, raw",3.36,1.29,0.0,22.63,0.0,120.8,4,0,4-0
"Game meat, caribou, cooked, roasted",4.42,1.7,0.0,29.77,0.0,158.9,4,0,4-0
"Game meat, deer, raw",2.42,0.95,0.0,22.96,0.0,113.6,4,0,4-0
"Bologna, pork",19.87,6.839,0.73,15.3,0.0,243.0,4,0,4-0
"Bologna, turkey",16.05,4.355,4.68,11.42,0.5,208.8,4,0,4-0
Chicken spread,17.56,3.23,4.05,18.01,0.3,246.3,4,0,4-0
"Sausage, pork, chorizo, link or ground, raw",25.1,8.595,3.78,13.63,0.0,295.5,2,0,2-0
"Corned beef loaf, jellied",6.1,2.6,0.0,22.9,0.0,146.5,4,0,4-0
"Dutch brand loaf, chicken, pork and beef",22.91,8.806,3.93,12.0,0.3,269.9,2,0,2-0
"Frankfurter, beef, unheated",28.1,11.46,2.97,11.69,0.0,311.5,2,0,2-0
"Ham, sliced, pre-packaged, deli meat (96%fat free, water added)",4.04,1.227,0.7,16.85,0.0,106.6,4,0,4-0
"Ham, sliced, regular (approximately 11% fat)",8.8,0.5,3.63,16.6,1.3,160.1,4,0,4-0
"Ham, minced",20.68,7.181,1.84,16.28,0.0,258.6,4,0,4-0
Ham salad spread,15.53,5.049,10.64,8.68,0.0,217.0,4,0,4-0
"Knackwurst, knockwurst, pork, beef",27.7,10.21,3.2,11.1,0.0,306.5,2,0,2-0
"Lebanon bologna, beef",10.44,2.794,0.44,19.03,0.0,171.8,4,0,4-0
"Liver cheese, pork",25.6,8.96,2.1,15.2,0.0,299.6,2,0,2-0
"Liver sausage, liverwurst, pork",28.5,10.6,2.2,14.1,0.0,321.7,2,0,2-0
"Sausage, turkey, fresh, cooked",10.44,2.266,0.0,23.89,0.0,189.5,4,0,4-0
"Bologna, chicken, pork, beef",22.73,6.997,5.61,11.33,0.0,272.3,2,0,2-0
"Bologna, chicken, pork",30.61,9.863,4.19,10.31,0.0,333.5,2,0,2-0
"Chicken breast, deli, rotisserie seasoned, sliced, prepackaged",1.86,0.564,2.92,17.4,0.0,98.0,4,0,4-0
"Frankfurter, meat and poultry, unheated",24.18,7.583,5.02,9.72,0.0,276.6,2,0,2-0
"Pork sausage, link/patty, fully cooked, unheated",37.25,12.129,0.69,13.46,0.0,391.8,2,0,2-0
"Kielbasa, fully cooked, grilled",29.68,9.894,5.03,12.45,0.0,337.0,2,0,2-0
"Kielbasa, fully cooked, pan-fried",29.43,9.487,4.78,12.36,0.0,333.4,2,0,2-0
"Kielbasa, fully cooked, unheated",29.63,9.684,3.72,10.84,0.0,324.9,2,0,2-0
"Pork sausage, reduced sodium, cooked",22.35,8.235,8.13,9.41,0.0,271.3,2,0,2-0
"Sausage, pork, turkey, and beef, reduced sodium",26.79,10.714,0.11,10.71,0.1,284.4,2,0,2-0
"Beef, Australian, imported, grass-fed, loin, tenderloin steak/roast, boneless, separable lean only, raw",6.11,2.725,0.0,20.85,0.0,138.4,4,0,4-0
"Beef, Australian, imported, Wagyu, loin, tenderloin steak/roast, boneless, separable lean only, Aust. marble score 4/5, raw",12.3,5.507,0.0,20.19,0.0,191.5,4,0,4-0
"Beef, Australian, imported, Wagyu, external fat, Aust. marble score 9, raw",68.07,22.395,0.97,5.54,0.0,638.7,3,0,3-0
"Beef, Australian, imported, Wagyu, seam fat, Aust. marble score 9, raw",67.33,22.467,0.0,5.16,0.0,626.6,3,0,3-0
"Beef, Australian, imported, grass-fed, loin, tenderloin steak/roast, boneless, separable lean and fat, raw",7.63,3.393,0.01,20.53,0.0,150.8,4,0,4-0
"Beef, Australian, imported, grass-fed, loin, top loin steak/roast, boneless, separable lean only, raw",4.87,2.09,0.0,21.79,0.0,131.0,4,0,4-0
"Beef, Australian, imported, grass-fed, round, bottom round steak/roast, boneless, separable lean only, raw",4.93,1.959,0.0,21.4,0.0,130.0,4,0,4-0
"Beef, Australian, imported, grass-fed, round, top round cap-off steak/roast, boneless, separable lean only, raw",4.43,1.783,0.0,22.41,0.0,129.5,4,0,4-0
"Beef, Australian, imported, Wagyu, loin, tenderloin steak/roast, boneless, separable lean only, Aust. marble score 9, raw",17.73,7.377,0.57,18.87,0.0,237.3,4,0,4-0
"Beef, Australian, imported, Wagyu, loin, top loin steak/roast, boneless, separable lean only, Aust. marble score 4/5, raw",15.69,5.909,0.2,20.15,0.0,222.6,4,0,4-0
"Beef, Australian, imported, grass-fed, rib, ribeye steak/roast lip-on, boneless, separable lean and fat, raw",15.21,6.782,0.11,19.8,0.0,216.5,4,0,4-0
"Beef, Australian, imported, grass-fed, round, bottom round steak/roast, boneless, separable lean and fat, raw",6.16,2.51,0.01,21.13,0.0,140.0,4,0,4-0
"Beef, Australian, imported, grass-fed, round, top round cap-off steak/roast, boneless, separable lean and fat, raw",4.4,1.77,0.0,22.24,0.0,128.6,4,0,4-0
"Beef, Australian, imported, Wagyu, loin, top loin steak/roast, boneless, separable lean and fat, Aust. marble score 4/5, raw",24.2,8.928,0.12,17.67,0.0,289.0,2,0,2-0
"Beef, Australian, imported, Wagyu, loin, top loin steak/roast, separable lean and fat, Aust. marble score 9, raw",36.98,12.765,0.14,14.58,0.0,391.7,2,0,2-0
"Beef, round, top round steak, boneless, separable lean and fat, trimmed to 0"" fat, choice, raw",3.66,1.424,0.0,23.49,0.0,126.9,4,0,4-0
"Beef, round, top round steak, boneless, separable lean and fat, trimmed to 0"" fat, select, raw",2.85,1.082,0.0,23.49,0.0,119.6,4,0,4-0
"Beef, round, top round roast, boneless, separable lean and fat, trimmed to 0"" fat, all grades, raw",3.5,1.353,0.0,23.45,0.0,125.3,4,0,4-0
"Beef, round, top round roast, boneless, separable lean and fat, trimmed to 0"" fat, choice, raw",3.81,1.488,0.0,23.46,0.0,128.1,4,0,4-0
"Beef, round, eye of round steak, boneless, separable lean and fat, trimmed to 0"" fat, all grades, raw",3.48,1.285,0.0,23.26,0.0,124.4,4,0,4-0
"Beef, round, eye of round steak, boneless separable lean and fat, trimmed to 0"" fat, choice, raw",3.83,1.343,0.0,23.24,0.0,127.4,4,0,4-0
"Beef, round, eye of round steak, boneless, separable lean and fat, trimmed to 0"" fat, select, raw",2.95,1.199,0.0,23.3,0.0,119.8,4,0,4-0
"Beef, loin, tenderloin roast, boneless, separable lean and fat, trimmed to 0"" fat, all grades, raw",6.93,2.479,0.0,21.67,0.0,149.0,4,0,4-0
"Beef, loin, tenderloin steak, boneless, separable lean and fat, trimmed to 0"" fat, all grades, raw",6.67,2.363,0.0,21.72,0.0,146.9,4,0,4-0
"Beef, loin, tenderloin steak, boneless, separable lean and fat, trimmed to 0"" fat, choice, raw",7.1,2.548,0.0,21.57,0.0,150.2,4,0,4-0
"Beef, loin, tenderloin steak, boneless, separable lean and fat, trimmed to 0"" fat, select, raw",6.02,2.087,0.0,21.95,0.0,142.0,4,0,4-0
"Beef, loin, tenderloin roast, boneless, separable lean and fat, trimmed to 0"" fat, all grades, cooked, roasted",8.14,3.245,0.0,27.31,0.0,182.5,4,0,4-0
"Beef, round, top round roast, boneless, separable lean and fat, trimmed to 0"" fat, select, cooked, roasted",3.72,1.421,0.0,30.97,0.0,157.4,4,0,4-0
"Beef, round, eye of round steak, boneless, separable lean and fat, trimmed to 0"" fat, all grades, cooked, grilled",4.47,1.669,0.0,29.66,0.0,158.9,4,0,4-0
"Beef, round, eye of round steak, boneless, separable lean and fat, trimmed to 0"" fat, choice, cooked, grilled",4.83,1.744,0.0,29.79,0.0,162.6,4,0,4-0
"Beef, round, eye of round steak, boneless, separable lean and fat, trimmed to 0"" fat, select, cooked, grilled",3.98,1.557,0.0,29.47,0.0,153.7,4,0,4-0
"Beef, round, top round roast, boneless, separable lean only, trimmed to 0"" fat, choice, raw",3.26,1.253,0.0,23.59,0.0,123.7,4,0,4-0
"Beef, round, eye of round roast, boneless, separable lean only, trimmed to 0"" fat, all grades, raw",3.04,1.086,0.0,23.37,0.0,120.8,4,0,4-0
"Beef, round, eye of round roast, boneless, separable lean only, trimmed to 0"" fat, choice, raw",3.38,1.137,0.0,23.35,0.0,123.8,4,0,4-0
"Beef, loin, tenderloin roast, boneless, separable lean only, trimmed to 0"" fat, choice, raw",6.16,2.123,0.0,21.78,0.0,142.6,4,0,4-0
"Beef, loin, tenderloin roast, boneless, separable lean only, trimmed to 0"" fat, select, raw",5.1,1.706,0.0,22.16,0.0,134.5,4,0,4-0
"Beef, loin, top loin steak, boneless, lip off, separable lean only, trimmed to 0"" fat, all grades, raw",5.67,2.345,0.0,23.07,0.0,143.3,4,0,4-0
"Beef, loin, top loin steak, boneless, lip off, separable lean only, trimmed to 0"" fat, choice, raw",6.34,2.515,0.0,22.93,0.0,148.8,4,0,4-0
"Beef, loin, tenderloin roast, boneless, separable lean only, trimmed to 0"" fat, all grades, cooked, roasted",7.49,2.99,0.0,27.51,0.0,177.4,4,0,4-0
"Beef, loin, tenderloin roast, boneless, separable lean only, trimmed to 0"" fat, choice, cooked, roasted",8.13,3.252,0.0,27.48,0.0,183.1,4,0,4-0
"Beef, round, top round roast, boneless, separable lean only, trimmed to 0"" fat, all grades, cooked, roasted",3.77,1.383,0.0,30.09,0.0,154.3,4,0,4-0
"Beef, round, eye of round steak, boneless, separable lean only, trimmed to 0"" fat, select, cooked, grilled",3.43,1.313,0.0,29.52,0.0,149.0,4,0,4-0
"Beef, loin, top loin steak, boneless, lip-on, separable lean only, trimmed to 1/8"" fat, select, raw",4.66,2.09,0.0,23.3,0.0,135.1,4,0,4-0
"Beef, loin, top loin steak, boneless, lip-on, separable lean only, trimmed to 1/8"" fat, all grades, raw",5.67,2.345,0.0,23.07,0.0,143.3,4,0,4-0
"Beef, composite of trimmed retail cuts, separable lean only, trimmed to 1/8"" fat, choice, raw",6.05,2.222,0.0,22.01,0.0,142.5,4,0,4-0
"Beef composite, separable lean only, trimmed to 1/8"" fat, choice, cooked",9.16,3.536,0.0,28.73,0.0,197.4,4,0,4-0
"Beef, composite of trimmed retail cuts, separable lean and fat, trimmed to 0"" fat, choice, raw",10.08,4.122,0.0,21.34,0.0,176.1,4,0,4-0
"Beef, composite of trimmed retail cuts, separable lean only, trimmed to 0"" fat, choice, raw",7.24,2.755,0.0,21.55,0.0,151.4,4,0,4-0
"Beef, chuck, mock tender steak, separable lean only, trimmed to 0"" fat, all grades, cooked, broiled",5.42,1.828,0.0,25.9,0.0,152.4,4,0,4-0
"Beef, chuck, top blade, separable lean only, trimmed to 0"" fat, all grades, cooked, broiled",10.16,3.25,0.0,26.13,0.0,196.0,4,0,4-0
"Beef, chuck, clod roast, separable lean only, trimmed to 1/4"" fat, all grades, raw",5.02,1.414,0.0,19.63,0.0,123.7,4,0,4-0
"Beef, chuck, clod roast, separable lean only, trimmed to 0"" fat, all grades, cooked, roasted",6.34,2.037,0.0,26.82,0.0,164.3,4,0,4-0
"Beef, chuck, mock tender steak, separable lean and fat, trimmed to 0"" fat, USDA select, cooked, broiled",5.24,2.09,0.0,26.08,0.0,151.5,4,0,4-0
"Beef, chuck, top blade, separable lean and fat, trimmed to 0"" fat, choice, cooked, broiled",12.93,4.162,0.0,25.77,0.0,219.4,4,0,4-0
"Beef, chuck, top blade, separable lean and fat, trimmed to 0"" fat, select, cooked, broiled",9.99,3.533,0.0,25.67,0.0,192.6,4,0,4-0
"Beef, chuck, clod roast, separable lean and fat, trimmed to 0"" fat, choice, cooked, roasted",12.26,4.285,0.0,24.61,0.0,208.8,4,0,4-0
"Beef, loin, bottom sirloin butt, tri-tip steak, separable lean and fat, trimmed to 0"" fat, all grades, cooked, broiled",15.18,5.707,0.0,29.97,0.0,256.5,4,0,4-0
"Beef, chuck, mock tender steak, separable lean and fat, trimmed to 0"" fat, all grades, cooked, broiled",5.52,1.871,0.0,25.87,0.0,153.2,4,0,4-0
"Beef, chuck, top blade, separable lean and fat, trimmed to 0"" fat, all grades, cooked, broiled",11.73,3.906,0.0,25.73,0.0,208.5,4,0,4-0
"Beef, chuck, clod roast, separable lean and fat, trimmed to 0"" fat, all grades, cooked, roasted",10.84,3.904,0.0,25.7,0.0,200.4,4,0,4-0
"Beef, ground, 95% lean meat / 5% fat, crumbles, cooked, pan-browned",7.58,3.298,0.0,29.17,0.0,184.9,4,0,4-0
"Beef, ground, 95% lean meat / 5% fat, loaf, cooked, baked",6.37,2.788,0.0,27.31,0.0,166.6,4,0,4-0
"Beef, ground, 90% lean meat / 10% fat, patty, cooked, broiled",11.75,4.628,0.0,26.11,0.0,210.2,4,0,4-0
"Beef, ground, 85% lean meat / 15% fat, patty, cooked, broiled",15.41,5.895,0.0,25.93,0.0,242.4,4,0,4-0
"Beef, ground, 85% lean meat / 15% fat, patty, cooked, pan-broiled",14.02,5.331,0.0,24.62,0.0,224.7,4,0,4-0
"Beef, ground, 85% lean meat / 15% fat, crumbles, cooked, pan-browned",15.3,5.806,0.0,27.73,0.0,248.6,4,0,4-0
"Beef, ground, 85% lean meat / 15% fat, loaf, cooked, baked",14.36,5.497,0.0,25.93,0.0,233.0,4,0,4-0
"Beef, ground, 75% lean meat / 25% fat, raw",25.0,9.568,0.0,15.76,0.0,288.0,2,0,2-0
"Beef, ground, 75% lean meat / 25% fat, patty, cooked, broiled",18.87,7.248,0.0,25.56,0.0,272.1,4,0,4-0
"Beef, ground, 75% lean meat / 25% fat, patty, cooked, pan-broiled",16.44,6.281,0.0,23.45,0.0,241.8,4,0,4-0
"Beef, ground, 75% lean meat / 25% fat, crumbles, cooked, pan-browned",18.21,6.926,0.0,26.28,0.0,269.0,4,0,4-0
"Beef, short loin, top loin, steak, separable lean only, trimmed to 1/8"" fat, select, raw",3.88,1.432,0.0,23.07,0.0,127.2,4,0,4-0
"Beef, rib, small end (ribs 10-12), separable lean only, trimmed to 1/8"" fat, select, cooked, broiled",6.22,2.369,0.0,30.87,0.0,179.5,4,0,4-0
"Beef, tenderloin, steak, separable lean only, trimmed to 1/8"" fat, select, cooked, broiled",7.76,2.953,0.0,29.07,0.0,186.1,4,0,4-0
"Beef, top sirloin, steak, separable lean only, trimmed to 1/8"" fat, select, cooked, broiled",4.96,1.889,0.0,29.34,0.0,162.0,4,0,4-0
"Beef, round, bottom round, steak, separable lean only, trimmed to 1/8"" fat, select, cooked, braised",6.43,2.216,0.0,34.46,0.0,195.7,4,0,4-0
"Beef, round, bottom round, roast, separable lean only, trimmed to 1/8"" fat, all grades, raw",4.31,1.476,0.0,22.19,0.0,127.6,4,0,4-0
"Beef, brisket, flat half, separable lean only, trimmed to 1/8"" fat, all grades, cooked, braised",6.0,2.274,0.0,33.15,0.0,186.6,4,0,4-0
"Beef, brisket, flat half, separable lean only, trimmed to 1/8"" fat, all grades, raw",3.84,1.425,0.0,21.57,0.0,120.8,4,0,4-0
"Beef, round, eye of round, roast, separable lean only, trimmed to 1/8"" fat, all grades, raw",3.0,1.027,0.0,22.6,0.0,117.4,4,0,4-0
"Beef, chuck, arm pot roast, separable lean only, trimmed to 1/8"" fat, all grades, cooked, braised",7.36,2.788,0.0,34.66,0.0,204.9,4,0,4-0
"Beef, chuck, arm pot roast, separable lean only, trimmed to 1/8"" fat, all grades, raw",4.19,1.553,0.0,22.11,0.0,126.2,4,0,4-0
"Beef, round, bottom round, roast, separable lean only, trimmed to 1/8"" fat, all grades, cooked",5.72,1.972,0.0,28.0,0.0,163.5,4,0,4-0
"Beef, round, bottom round, steak, separable lean only, trimmed to 1/8"" fat, all grades, cooked, braised",7.73,2.663,0.0,34.34,0.0,206.9,4,0,4-0
"Beef, top sirloin, steak, separable lean only, trimmed to 1/8"" fat, all grades, cooked, broiled",5.84,2.224,0.0,29.42,0.0,170.2,4,0,4-0
"Beef, top sirloin, steak, separable lean only, trimmed to 1/8"" fat, all grades, raw",4.08,1.508,0.0,22.09,0.0,125.1,4,0,4-0
"Beef, chuck, arm pot roast, separable lean only, trimmed to 1/8"" fat, choice, raw",5.05,1.875,0.0,21.96,0.0,133.3,4,0,4-0
"Beef, brisket, flat half, separable lean only, trimmed to 1/8"" fat, choice, raw",4.06,1.508,0.0,21.69,0.0,123.3,4,0,4-0
"Beef, round, bottom round, roast, separable lean only, trimmed to 1/8"" fat, choice, raw",4.96,1.699,0.0,22.22,0.0,133.5,4,0,4-0
"Beef, round, bottom round, roast, separable lean only, trimmed to 1/8"" fat, choice, cooked, roasted",6.77,2.334,0.0,27.56,0.0,171.2,4,0,4-0
"Beef, round, eye of round, roast, separable lean only, trimmed to 1/8"" fat, choice, cooked, roasted",5.3,1.828,0.0,29.87,0.0,167.2,4,0,4-0
"Beef, round, top round, steak, separable lean only, trimmed to 1/8"" fat, choice, cooked, broiled",6.25,2.154,0.0,32.04,0.0,184.4,4,0,4-0
"Beverages, nutritional shake mix, high protein, powder",10.71,0.0,20.38,53.57,0.0,392.2,4,0,4-0
"Fish, anchovy, european, raw",4.84,1.282,0.0,20.35,0.0,125.0,4,0,4-0
"Fish, anchovy, european, canned in oil, drained solids",9.71,2.203,0.0,28.89,0.0,203.0,4,0,4-0
"Fish, bass, fresh water, mixed species, raw",3.69,0.78,0.0,18.86,0.0,108.6,4,0,4-0
"Fish, carp, cooked, dry heat",7.17,1.388,0.0,22.86,0.0,156.0,4,0,4-0
"Fish, catfish, channel, wild, raw",2.82,0.722,0.0,16.38,0.0,90.9,4,0,4-0
"Fish, catfish, channel, cooked, breaded and fried",13.33,3.288,8.04,18.09,0.7,224.5,4,0,4-0
"Fish, caviar, black and red, granular",17.9,4.06,4.0,24.6,0.0,275.5,4,0,4-0
"Fish, cod, Atlantic, canned, solids and liquid",0.86,0.167,0.0,22.76,0.0,98.8,4,0,4-0
"Fish, cod, Atlantic, dried and salted",2.37,0.462,0.0,62.82,0.0,272.6,4,0,4-0
"Fish, cod, Pacific, raw (may have been previously frozen)",0.41,0.085,0.0,15.27,0.0,64.8,4,0,4-0
"Fish, croaker, Atlantic, raw",3.17,1.088,0.0,17.78,0.0,99.6,4,0,4-0
"Fish, eel, mixed species, raw",11.66,2.358,0.0,18.44,0.0,178.7,4,0,4-0
"Fish, eel, mixed species, cooked, dry heat",14.95,3.023,0.0,23.65,0.0,229.2,4,0,4-0
"Fish, fish sticks, frozen, prepared",16.23,3.733,21.66,11.01,1.5,276.8,2,0,2-0
"Fish, flatfish (flounder and sole species), cooked, dry heat",2.37,0.542,0.0,15.24,0.0,82.3,4,0,4-0
"Fish, haddock, cooked, dry heat",0.55,0.111,0.0,19.99,0.0,84.9,4,0,4-0
"Fish, haddock, smoked",0.96,0.173,0.0,25.23,0.0,109.6,4,0,4-0
"Fish, halibut, Atlantic and Pacific, raw",1.33,0.292,0.0,18.56,0.0,86.2,4,0,4-0
"Fish, halibut, Atlantic and Pacific, cooked, dry heat",1.61,0.354,0.0,22.54,0.0,104.6,4,0,4-0
"Crustaceans, crab, alaska king, cooked, moist heat",1.54,0.133,0.0,19.35,0.0,91.3,4,0,4-0
"Crustaceans, crab, blue, raw",1.08,0.222,0.04,18.06,0.0,82.1,4,0,4-0
"Crustaceans, crab, blue, cooked, moist heat",0.74,0.201,0.0,17.88,0.0,78.2,4,0,4-0
"Crustaceans, crayfish, mixed species, wild, raw",0.95,0.159,0.0,15.97,0.0,72.4,4,0,4-0
"Crustaceans, crayfish, mixed species, wild, cooked, moist heat",1.2,0.181,0.0,16.77,0.0,77.9,4,0,4-0
"Crustaceans, lobster, northern, raw",0.75,0.181,0.0,16.52,0.0,72.8,4,0,4-0
"Crustaceans, lobster, northern, cooked, moist heat",0.86,0.208,0.0,19.0,0.0,83.7,4,0,4-0
"Crustaceans, spiny lobster, mixed species, raw",1.51,0.237,2.43,20.6,0.0,105.7,4,0,4-0
"Mollusks, abalone, mixed species, raw",0.76,0.149,6.01,17.1,0.0,99.3,4,0,4-0
"Mollusks, abalone, mixed species, cooked, fried",6.78,1.646,11.05,19.63,0.0,183.7,4,0,4-0
"Mollusks, cuttlefish, mixed species, raw",0.7,0.118,0.82,16.24,0.0,74.5,4,0,4-0
"Mollusks, mussel, blue, cooked, moist heat",4.48,0.85,7.39,23.8,0.0,165.1,4,0,4-0
"Mollusks, squid, mixed species, raw",1.38,0.358,3.08,15.58,0.0,87.1,4,0,4-0
"Fish, salmon, chum, canned, without salt, drained solids with bone",5.5,1.486,0.0,21.43,0.0,135.2,4,0,4-0
"Fish, salmon, pink, canned, without salt, solids with bone and liquid",6.05,1.535,0.0,19.78,0.0,133.6,4,0,4-0
"Fish, salmon, sockeye, canned, without salt, drained solids with bone",7.31,1.644,0.0,20.47,0.0,147.7,4,0,4-0
"Fish, tuna, light, canned in oil, without salt, drained solids",8.21,1.534,0.0,29.13,0.0,190.4,4,0,4-0
"Fish, bass, striped, cooked, dry heat",2.99,0.65,0.0,22.73,0.0,117.8,4,0,4-0
"Fish, bluefish, cooked, dry heat",5.44,1.172,0.0,25.69,0.0,151.7,4,0,4-0
"Fish, burbot, cooked, dry heat",1.04,0.209,0.0,24.76,0.0,108.4,4,0,4-0
"Fish, halibut, greenland, cooked, dry heat",17.74,3.102,0.0,18.42,0.0,233.3,4,0,4-0
"Fish, herring, Pacific, cooked, dry heat",17.79,4.174,0.0,21.01,0.0,244.2,4,0,4-0
"Fish, ling, cooked, dry heat",0.82,0.0,0.0,24.35,0.0,104.8,4,0,4-0
"Fish, lingcod, cooked, dry heat",1.36,0.255,0.0,22.64,0.0,102.8,4,0,4-0
"Fish, mackerel, king, cooked, dry heat",2.56,0.465,0.0,26.0,0.0,127.0,4,0,4-0
"Fish, pollock, Atlantic, cooked, dry heat",1.26,0.17,0.0,24.92,0.0,111.0,4,0,4-0
"Fish, pout, ocean, cooked, dry heat",1.17,0.41,0.0,21.33,0.0,95.8,4,0,4-0
"Fish, roe, mixed species, cooked, dry heat",8.23,1.866,1.92,28.62,0.0,196.2,4,0,4-0
"Fish, sablefish, cooked, dry heat",19.62,4.099,0.0,17.19,0.0,245.3,4,0,4-0
"Fish, seatrout, mixed species, cooked, dry heat",4.63,1.293,0.0,21.46,0.0,127.5,4,0,4-0
"Fish, spot, cooked, dry heat",6.28,1.859,0.0,23.73,0.0,151.4,4,0,4-0
"Fish, whitefish, mixed species, cooked, dry heat",7.51,1.162,0.0,24.47,0.0,165.5,4,0,4-0
"Fish, wolffish, Atlantic, cooked, dry heat",3.06,0.468,0.0,22.44,0.0,117.3,4,0,4-0
"Mollusks, octopus, common, cooked, moist heat",2.08,0.453,4.4,29.82,0.0,155.6,4,0,4-0
"Mollusks, oyster, Pacific, cooked, moist heat",4.6,1.02,9.9,18.9,0.0,156.6,4,0,4-0
"Fish, roughy, orange, cooked, dry heat",0.9,0.034,0.0,22.64,0.0,98.7,4,0,4-0
"Peanuts, all types, cooked, boiled, with salt",22.01,3.055,21.26,13.5,8.8,337.1,2,0,2-0
"Peanuts, all types, oil-roasted, with salt",52.5,8.655,15.26,28.03,9.4,645.7,2,0,2-0
"Peanuts, all types, dry-roasted, with salt",49.66,7.723,21.26,24.35,8.4,629.4,2,0,2-0
"Peanuts, spanish, raw",49.6,7.098,15.83,26.15,9.5,614.3,2,0,2-0
"Peanuts, virginia, oil-roasted, with salt",48.62,6.345,19.86,25.87,8.9,620.5,2,0,2-0
"Peanut butter, chunk style, with salt",49.94,7.607,21.57,24.06,8.0,632.0,2,0,2-0
"Peanut butter, smooth style, with salt (Includes foods for USDA's Food Distribution Program)",51.36,10.325,22.31,22.21,5.0,640.3,2,0,2-0
"Peanut flour, defatted",0.55,0.063,34.7,52.2,15.8,352.6,4,0,4-0
Meat extender,2.97,0.424,34.71,41.71,17.5,332.4,4,0,4-0
"Sausage, meatless",18.16,2.926,8.09,20.28,2.8,276.9,4,0,4-0
"Soybeans, mature seeds, raw",19.94,2.884,30.16,36.49,9.3,446.1,2,0,2-0
"Soybeans, mature cooked, boiled, without salt",8.97,1.297,8.36,18.21,6.0,187.0,4,0,4-0
"Soy flour, full-fat, raw",20.65,2.987,31.92,37.81,9.6,464.8,2,0,2-0
"Soy flour, full-fat, roasted",21.86,3.162,30.38,38.09,9.7,470.6,2,0,2-0
"Soy flour, defatted",1.22,0.136,33.92,51.46,17.5,352.5,4,0,4-0
Soy protein isolate,3.39,0.422,0.0,88.32,0.0,383.8,4,0,4-0
"Veggie burgers or soyburgers, unprepared",6.3,1.44,14.27,15.7,4.9,176.6,4,0,4-0
"Tofu, hard, prepared with nigari",9.99,1.445,4.39,12.68,0.6,158.2,4,0,4-0
"Peanut Butter, smooth (Includes foods for USDA's Food Distribution Program)",49.54,9.519,23.98,21.93,5.7,629.5,2,0,2-0
"Vitasoy USA, Organic Nasoya Super Firm Cubed Tofu",6.3,1.3,2.8,12.4,2.0,117.5,4,0,4-0
"Soybeans, mature seeds, cooked, boiled, with salt",8.97,1.297,8.36,18.21,6.0,187.0,4,0,4-0
"Soybeans, mature seeds, roasted, no salt added",25.4,3.674,30.22,38.55,17.7,503.7,2,0,2-0
"Soy protein concentrate, produced by acid wash",0.46,0.052,25.41,63.63,5.5,360.3,4,0,4-0
"Soy protein isolate, potassium type",0.53,0.077,2.59,88.32,0.0,368.4,4,0,4-0
"Tofu, dried-frozen (koyadofu), prepared with calcium sulfate",30.34,4.388,8.3,52.43,1.2,516.0,2,0,2-0
"Tofu, fried, prepared with calcium sulfate",20.18,2.918,8.86,18.82,3.9,292.3,2,0,2-0
"Lamb, composite of trimmed retail cuts, separable lean only, trimmed to 1/4"" fat, choice, raw",5.25,1.88,0.0,20.29,0.0,128.4,4,0,4-0
"Lamb, composite of trimmed retail cuts, separable lean only, trimmed to 1/4"" fat, choice, cooked",9.52,3.4,0.0,28.22,0.0,198.6,4,0,4-0
"Lamb, composite of trimmed retail cuts, separable fat, trimmed to 1/4"" fat, choice, raw",70.61,32.24,0.0,6.65,0.0,662.1,3,0,3-0
"Lamb, composite of trimmed retail cuts, separable fat, trimmed to 1/4"" fat, choice, cooked",59.18,27.02,0.0,12.16,0.0,581.3,2,0,2-0
"Lamb, leg, whole (shank and sirloin), separable lean and fat, trimmed to 1/4"" fat, choice, raw",17.07,7.43,0.0,17.91,0.0,225.3,4,0,4-0
"Lamb, leg, whole (shank and sirloin), separable lean and fat, trimmed to 1/4"" fat, choice, cooked, roasted",16.48,6.89,0.0,25.55,0.0,250.5,4,0,4-0
"Lamb, leg, whole (shank and sirloin), separable lean only, trimmed to 1/4"" fat, choice, raw",4.51,1.61,0.0,20.56,0.0,122.8,4,0,4-0
"Lamb, leg, whole (shank and sirloin), separable lean only, trimmed to 1/4"" fat, choice, cooked, roasted",7.74,2.76,0.0,28.3,0.0,182.9,4,0,4-0
"Lamb, leg, shank half, separable lean and fat, trimmed to 1/4"" fat, choice, raw",13.49,5.8,0.0,18.58,0.0,195.7,4,0,4-0
"Lamb, leg, sirloin half, separable lean and fat, trimmed to 1/4"" fat, choice, cooked, roasted",20.67,8.74,0.0,24.63,0.0,284.6,4,0,4-0
"Lamb, leg, sirloin half, separable lean only, trimmed to 1/4"" fat, choice, raw",5.08,1.82,0.0,20.55,0.0,127.9,4,0,4-0
"Lamb, leg, sirloin half, separable lean only, trimmed to 1/4"" fat, choice, cooked, roasted",9.17,3.28,0.0,28.35,0.0,195.9,4,0,4-0
"Lamb, loin, separable lean and fat, trimmed to 1/4"" fat, choice, raw",26.63,11.76,0.0,16.32,0.0,305.0,2,0,2-0
"Lamb, loin, separable lean only, trimmed to 1/4"" fat, choice, cooked, roasted",9.76,3.72,0.0,26.59,0.0,194.2,4,0,4-0
"Lamb, rib, separable lean and fat, trimmed to 1/4"" fat, choice, raw",34.39,15.16,0.0,14.52,0.0,367.6,2,0,2-0
"Lamb, rib, separable lean and fat, trimmed to 1/4"" fat, choice, cooked, broiled",29.59,12.7,0.0,22.13,0.0,354.8,2,0,2-0
"Lamb, rib, separable lean and fat, trimmed to 1/4"" fat, choice, cooked, roasted",29.82,12.77,0.0,21.12,0.0,352.9,2,0,2-0
"Lamb, shoulder, whole (arm and blade), separable lean and fat, trimmed to 1/4"" fat, choice, cooked, broiled",19.26,8.04,0.0,24.42,0.0,271.0,4,0,4-0
"Lamb, shoulder, whole (arm and blade), separable lean and fat, trimmed to 1/4"" fat, choice, cooked, roasted",19.97,8.44,0.0,22.51,0.0,269.8,4,0,4-0
"Lamb, shoulder, whole (arm and blade), separable lean only, trimmed to 1/4"" fat, choice, raw",6.76,2.42,0.0,19.55,0.0,139.0,4,0,4-0
"Lamb, shoulder, whole (arm and blade), separable lean only, trimmed to 1/4"" fat, choice, cooked, braised",15.89,6.17,0.0,32.81,0.0,274.2,4,0,4-0
"Lamb, shoulder, arm, separable lean and fat, trimmed to 1/4"" fat, choice, cooked, broiled",19.55,8.37,0.0,24.44,0.0,273.7,4,0,4-0
"Lamb, shoulder, arm, separable lean and fat, trimmed to 1/4"" fat, choice, cooked, roasted",20.24,8.74,0.0,22.53,0.0,272.3,4,0,4-0
"Lamb, shoulder, arm, separable lean only, trimmed to 1/4"" fat, choice, raw",5.2,1.86,0.0,19.99,0.0,126.8,4,0,4-0
"Lamb, shoulder, arm, separable lean only, trimmed to 1/4"" fat, choice, cooked, braised",14.08,5.03,0.0,35.54,0.0,268.9,4,0,4-0
"Lamb, shoulder, blade, separable lean and fat, trimmed to 1/4"" fat, choice, cooked, broiled",19.94,8.18,0.0,23.08,0.0,271.8,4,0,4-0
"Lamb, shoulder, blade, separable lean and fat, trimmed to 1/4"" fat, choice, cooked, roasted",20.61,8.64,0.0,22.25,0.0,274.5,4,0,4-0
"Lamb, shoulder, blade, separable lean only, trimmed to 1/4"" fat, choice, raw",7.63,2.73,0.0,19.29,0.0,145.8,4,0,4-0
"Lamb, shoulder, blade, separable lean only, trimmed to 1/4"" fat, choice, cooked, braised",16.64,6.37,0.0,32.35,0.0,279.2,4,0,4-0
"Lamb, New Zealand, imported, frozen, composite of trimmed retail cuts, separable lean and fat, raw",22.74,11.57,0.0,16.74,0.0,271.6,2,0,2-0
"Lamb, New Zealand, imported, frozen, composite of trimmed retail cuts, separable lean and fat, cooked",22.26,11.05,0.0,24.42,0.0,298.0,4,0,4-0
"Lamb, New Zealand, imported, frozen, composite of trimmed retail cuts, separable lean only, raw",4.41,1.88,0.0,20.75,0.0,122.7,4,0,4-0
"Lamb, New Zealand, imported, frozen, composite of trimmed retail cuts, separable lean only, cooked",8.86,3.86,0.0,29.59,0.0,198.1,4,0,4-0
"Lamb, New Zealand, imported, fore-shank, separable lean only, raw",3.77,1.278,0.0,22.05,0.0,122.1,4,0,4-0
"Lamb, New Zealand, imported, fore-shank, separable lean only, cooked, braised",8.4,2.631,0.0,33.31,0.0,208.8,4,0,4-0
"Lamb, New Zealand, imported, leg chop/steak, bone-in, separable lean and fat, raw",14.52,5.902,0.13,18.64,0.0,205.8,4,0,4-0
"Lamb, New Zealand, imported, frozen, leg, whole (shank and sirloin), separable lean and fat, cooked, roasted",15.56,7.61,0.0,24.81,0.0,239.3,4,0,4-0
"Game meat, moose, raw",0.74,0.22,0.0,22.24,0.0,95.6,4,0,4-0
"Game meat, moose, cooked, roasted",0.97,0.29,0.0,29.27,0.0,125.8,4,0,4-0
"Game meat, rabbit, domesticated, composite of cuts, cooked, stewed",8.41,2.51,0.0,30.38,0.0,197.2,4,0,4-0
"Game meat, rabbit, wild, raw",2.32,0.69,0.0,21.79,0.0,108.0,4,0,4-0
"Game meat, rabbit, wild, cooked, stewed",3.51,1.05,0.0,33.02,0.0,163.7,4,0,4-0
"Game meat, raccoon, cooked, roasted",14.5,4.07,0.0,29.2,0.0,247.3,4,0,4-0
"Lamb, variety meats and by-products, brain, cooked, pan-fried",22.19,5.67,0.0,16.97,0.0,267.6,4,0,4-0
"Veal, variety meats and by-products, brain, cooked, braised",9.63,2.18,0.0,11.48,0.0,132.6,4,0,4-0
"Veal, variety meats and by-products, brain, cooked, pan-fried",16.75,3.96,0.0,14.48,0.0,208.7,4,0,4-0
"Lamb, variety meats and by-products, kidneys, raw",2.95,1.0,0.82,15.74,0.0,92.8,4,0,4-0
"Lamb, variety meats and by-products, kidneys, cooked, braised",3.62,1.23,0.99,23.65,0.0,131.1,4,0,4-0
"Veal, variety meats and by-products, kidneys, raw",3.12,0.96,0.85,15.76,0.0,94.5,4,0,4-0
"Veal, variety meats and by-products, kidneys, cooked, braised",5.66,1.74,0.0,26.32,0.0,156.2,4,0,4-0
"Veal, variety meats and by-products, liver, cooked, pan-fried",6.51,2.109,4.47,27.37,0.0,186.0,4,0,4-0
"Lamb, variety meats and by-products, lungs, raw",2.6,0.89,0.0,16.7,0.0,90.2,4,0,4-0
"Lamb, variety meats and by-products, lungs, cooked, braised",3.1,1.06,0.0,19.88,0.0,107.4,4,0,4-0
"Veal, variety meats and by-products, lungs, raw",2.3,0.79,0.0,16.3,0.0,85.9,4,0,4-0
"Veal, variety meats and by-products, pancreas, raw",13.1,4.51,0.0,15.0,0.0,177.9,4,0,4-0
"Veal, variety meats and by-products, pancreas, cooked, braised",14.6,5.01,0.0,29.1,0.0,247.8,4,0,4-0
"Lamb, variety meats and by-products, spleen, raw",3.1,1.03,0.0,17.2,0.0,96.7,4,0,4-0
"Lamb, variety meats and by-products, spleen, cooked, braised",4.77,1.58,0.0,26.46,0.0,148.8,4,0,4-0
"Lamb, variety meats and by-products, tongue, raw",17.17,6.63,0.0,15.7,0.0,217.3,4,0,4-0
"Lamb, variety meats and by-products, tongue, cooked, braised",20.28,7.83,0.0,21.57,0.0,268.8,4,0,4-0
"Veal, variety meats and by-products, tongue, raw",5.48,2.35,1.91,17.18,0.0,125.7,4,0,4-0
"Veal, variety meats and by-products, tongue, cooked, braised",10.1,4.35,0.0,25.85,0.0,194.3,4,0,4-0
"Lamb, ground, raw",23.41,10.19,0.0,16.56,0.0,276.9,2,0,2-0
"Lamb, foreshank, separable lean and fat, trimmed to 1/8"" fat, cooked, braised",13.46,5.63,0.0,28.37,0.0,234.6,4,0,4-0
"Lamb, leg, whole (shank and sirloin), separable lean and fat, trimmed to 1/8"" fat, choice, raw",14.42,6.21,0.0,18.47,0.0,203.7,4,0,4-0
"Lamb, leg, whole (shank and sirloin), separable lean and fat, trimmed to 1/8"" fat, choice, cooked, roasted",14.42,5.92,0.0,26.2,0.0,234.6,4,0,4-0
"Lamb, leg, shank half, separable lean and fat, trimmed to 1/8"" fat, choice, raw",11.5,4.88,0.0,18.99,0.0,179.5,4,0,4-0
"Lamb, loin, separable lean and fat, trimmed to 1/8"" fat, choice, cooked, broiled",20.61,8.65,0.0,26.06,0.0,289.7,4,0,4-0
"Lamb, loin, separable lean and fat, trimmed to 1/8"" fat, choice, cooked, roasted",21.12,9.08,0.0,23.27,0.0,283.2,4,0,4-0
"Lamb, rib, separable lean and fat, trimmed to 1/8"" fat, choice, raw",30.71,13.43,0.0,15.32,0.0,337.7,2,0,2-0
"Lamb, rib, separable lean and fat, trimmed to 1/8"" fat, choice, cooked, broiled",26.82,11.36,0.0,23.06,0.0,333.6,2,0,2-0
"Lamb, shoulder, whole (arm and blade), separable lean and fat, trimmed to 1/8"" fat, choice, cooked, roasted",19.08,7.98,0.0,22.7,0.0,262.5,4,0,4-0
"Lamb, shoulder, arm, separable lean and fat, trimmed to 1/8"" fat, choice, raw",18.94,8.24,0.0,17.19,0.0,239.2,4,0,4-0
"Lamb, shoulder, arm, separable lean and fat, trimmed to 1/8"" fat, choice, cooked, braised",22.65,9.21,0.0,31.1,0.0,328.2,2,0,2-0
"Lamb, shoulder, arm, separable lean and fat, trimmed to 1/8"" fat, cooked, broiled",18.05,7.66,0.0,24.91,0.0,262.1,4,0,4-0
"Lamb, shoulder, arm, separable lean and fat, trimmed to 1/8"" fat, choice, roasted",18.75,8.04,0.0,22.93,0.0,260.5,4,0,4-0
"Lamb, New Zealand, imported, frozen, composite of trimmed retail cuts, separable lean and fat, trimmed to 1/8"" fat, raw",17.2,8.64,0.0,17.95,0.0,226.6,4,0,4-0
"Lamb, New Zealand, imported, frozen, composite of trimmed retail cuts, separable lean and fat, trimmed to 1/8"" fat, cooked",17.98,8.76,0.0,25.26,0.0,262.9,4,0,4-0
"Lamb, New Zealand, imported, frozen, foreshank, separable lean and fat, trimmed to 1/8"" fat, raw",16.15,8.18,0.0,18.04,0.0,217.5,4,0,4-0
"Lamb, New Zealand, imported, frozen, foreshank, separable lean and fat, trimmed to 1/8"" fat, cooked, braised",15.83,7.82,0.0,26.97,0.0,250.4,4,0,4-0
"Lamb, new zealand, imported, frozen, rib, separable lean and fat, trimmed to 1/8"" fat, raw",27.0,13.7,0.0,15.87,0.0,306.5,2,0,2-0
"Lamb, New Zealand, imported, frozen, rib, separable lean and fat, trimmed to 1/8"" fat, cooked, roasted",25.74,12.82,0.0,19.86,0.0,311.1,2,0,2-0
"Lamb, New Zealand, imported, frozen, shoulder, whole (arm and blade), separable lean and fat, trimmed to 1/8"" fat, raw",19.74,9.9,0.0,17.19,0.0,246.4,4,0,4-0
"Lamb, New Zealand, imported, frozen, shoulder, whole (arm and blade), separable lean and fat, trimmed to 1/8"" fat, cooked, braised",24.03,11.5,0.0,29.43,0.0,334.0,2,0,2-0
"Veal, breast, whole, boneless, separable lean and fat, raw",14.75,5.896,0.0,17.47,0.0,202.6,4,0,4-0
"Veal, breast, whole, boneless, separable lean and fat, cooked, braised",16.77,6.55,0.0,26.97,0.0,258.8,4,0,4-0
"Veal, breast, plate half, boneless, separable lean and fat, cooked, braised",18.95,7.434,0.0,25.93,0.0,274.3,4,0,4-0
"Veal, breast, point half, boneless, separable lean and fat, cooked, braised",14.16,5.489,0.0,28.23,0.0,240.4,4,0,4-0
"Veal, breast, whole, boneless, separable lean only, cooked, braised",9.8,3.72,0.0,30.32,0.0,209.5,4,0,4-0
"Lamb, Australian, imported, fresh, composite of trimmed retail cuts, separable lean and fat, trimmed to 1/8"" fat, raw",16.97,8.189,0.0,17.84,0.0,224.1,4,0,4-0
"Lamb, Australian, imported, fresh, composite of trimmed retail cuts, separable lean and fat, trimmed to 1/8"" fat, cooked",16.82,7.94,0.0,24.52,0.0,249.5,4,0,4-0
"Lamb, Australian, imported, fresh, composite of trimmed retail cuts, separable lean only, trimmed to 1/8"" fat, raw",6.18,2.54,0.0,20.25,0.0,136.6,4,0,4-0
"Lamb, Australian, imported, fresh, composite of trimmed retail cuts, separable lean only, trimmed to 1/8"" fat, cooked",9.63,4.048,0.0,26.71,0.0,193.5,4,0,4-0
"Lamb, Australian, imported, fresh, foreshank, separable lean only, trimmed to 1/8"" fat, raw",3.81,1.344,0.0,20.83,0.0,117.6,4,0,4-0
"Lamb, Australian, imported, fresh, foreshank, separable lean only, trimmed to 1/8"" fat, cooked, braised",5.22,1.884,0.0,27.5,0.0,157.0,4,0,4-0
"Lamb, Australian, imported, fresh, leg, whole (shank and sirloin), separable lean and fat, trimmed to 1/8"" fat, raw",15.19,7.288,0.0,18.24,0.0,209.7,4,0,4-0
"Lamb, Australian, imported, fresh, leg, whole (shank and sirloin), separable lean and fat, trimmed to 1/8"" fat, cooked, roasted",15.13,7.091,0.0,25.16,0.0,236.8,4,0,4-0
"Lamb, Australian, imported, fresh, leg, shank half, separable lean only, trimmed to 1/8"" fat, cooked, roasted",7.27,2.918,0.0,27.18,0.0,174.1,4,0,4-0
"Lamb, Australian, imported, fresh, leg, sirloin half, boneless, separable lean and fat, trimmed to 1/8"" fat, raw",20.0,9.754,0.0,17.25,0.0,249.0,4,0,4-0
"Lamb, Australian, imported, fresh, leg, sirloin half, boneless, separable lean and fat, trimmed to 1/8"" fat, cooked, roasted",19.38,9.245,0.0,24.88,0.0,273.9,4,0,4-0
"Lamb, Australian, imported, fresh, leg, sirloin half, boneless, separable lean only, trimmed to 1/8"" fat, raw",5.64,2.308,0.0,20.48,0.0,132.7,4,0,4-0
"Lamb, Australian, imported, fresh, leg, sirloin chops, boneless, separable lean only, trimmed to 1/8"" fat, cooked, broiled",7.8,3.159,0.0,27.63,0.0,180.7,4,0,4-0
"Lamb, Australian, imported, fresh, leg, center slice, bone-in, separable lean and fat, trimmed to 1/8"" fat, raw",12.56,5.813,0.0,19.17,0.0,189.7,4,0,4-0
"Lamb, Australian, imported, fresh, leg, center slice, bone-in, separable lean and fat, trimmed to 1/8"" fat, cooked, broiled",11.78,5.32,0.0,25.54,0.0,208.2,4,0,4-0
"Lamb, Australian, imported, fresh, leg, center slice, bone-in, separable lean only, trimmed to 1/8"" fat, raw",6.08,2.413,0.0,20.65,0.0,137.3,4,0,4-0
"Lamb, Australian, imported, fresh, loin, separable lean only, trimmed to 1/8"" fat, cooked, broiled",8.75,3.687,0.0,26.53,0.0,184.9,4,0,4-0
"Lamb, Australian, imported, fresh, rib chop/rack roast, frenched, bone-in, separable lean and fat, trimmed to 1/8"" fat, raw",16.89,8.128,0.0,21.26,0.0,237.0,4,0,4-0
"Lamb, Australian, imported, fresh, rib chop, frenched, bone-in, separable lean and fat, trimmed to 1/8"" fat, cooked, grilled",21.2,10.666,0.0,28.48,0.0,304.7,4,0,4-0
"Lamb, Australian, imported, fresh, rib chop/rack roast, frenched, bone-in, separable lean only, trimmed to 1/8"" fat, raw",5.59,2.532,0.0,24.07,0.0,146.6,4,0,4-0
"Lamb, Australian, imported, fresh, shoulder, arm, separable lean and fat, trimmed to 1/8"" fat, raw",18.89,9.125,0.0,17.06,0.0,238.2,4,0,4-0
"Lamb, Australian, imported, fresh, shoulder, arm, separable lean and fat, trimmed to 1/8"" fat, cooked, braised",20.38,9.696,0.0,29.7,0.0,302.2,4,0,4-0
"Lamb, Australian, imported, fresh, shoulder, arm, separable lean only, trimmed to 1/8"" fat, raw",5.81,2.335,0.0,19.88,0.0,131.8,4,0,4-0
"Lamb, Australian, imported, fresh, shoulder, arm, separable lean only,   trimmed to 1/8"" fat, cooked, braised",10.23,4.173,0.0,34.17,0.0,228.8,4,0,4-0
"Game meat , bison, ground, raw",15.93,6.802,0.0,18.67,0.0,218.0,4,0,4-0
"Game meat, bison, ground, cooked, pan-broiled",15.13,6.461,0.0,23.77,0.0,231.2,4,0,4-0
"Game meat , bison, top sirloin, separable lean only, 1"" steak, cooked, broiled",5.65,2.412,0.0,28.05,0.0,163.0,4,0,4-0
"Game meat, bison, chuck, shoulder clod, separable lean only, cooked, braised",5.43,2.32,0.0,33.78,0.0,184.0,4,0,4-0
"Game meat, elk, ground, raw",8.82,3.469,0.0,21.76,0.0,166.4,4,0,4-0
"Game meat, elk, ground, cooked, pan-broiled",8.74,4.002,0.0,26.64,0.0,185.2,4,0,4-0
"Game meat, elk, loin, separable lean only, cooked, broiled",3.84,1.511,0.0,31.0,0.0,158.6,4,0,4-0
"Game meat, elk, round, separable lean only, cooked, broiled",2.64,1.037,0.0,30.94,0.0,147.5,4,0,4-0
"Game meat, elk, tenderloin, separable lean only, cooked, broiled",3.41,1.342,0.0,30.76,0.0,153.7,4,0,4-0
"Game meat, deer, tenderloin, separable lean only, cooked, broiled",2.35,1.142,0.0,29.9,0.0,140.8,4,0,4-0
"Game meat, deer, top round, separable lean only, 1"" steak, cooked, broiled",1.92,1.03,0.0,31.47,0.0,143.2,4,0,4-0
"Veal, Australian, shank, fore, bone-in, separable lean only, raw",4.65,1.672,0.0,20.18,0.0,122.6,4,0,4-0
"Veal, Australian, shank, fore, bone-in, separable lean and fat, raw",7.42,2.948,0.0,19.58,0.0,145.1,4,0,4-0
"Lamb, New Zealand, imported, brains, cooked, soaked and fried",10.92,1.365,0.0,14.03,0.0,154.4,4,0,4-0
"Lamb, New Zealand, imported, brains, raw",8.03,1.035,0.0,11.33,0.0,117.6,4,0,4-0
"Lamb, New Zealand, imported, chump, boneless, separable lean only, raw",3.83,1.265,0.0,21.68,0.0,121.2,4,0,4-0
"Lamb, New Zealand, imported, kidney, cooked, soaked and fried",3.56,0.92,0.18,19.78,0.0,111.9,4,0,4-0
"Lamb, New Zealand, imported, flap, boneless, separable lean only, cooked, braised",13.6,5.056,0.0,27.88,0.0,233.9,4,0,4-0
"Lamb, New Zealand, imported, flap, boneless, separable lean only, raw",10.31,3.918,0.0,21.72,0.0,179.7,4,0,4-0
"Lamb, New Zealand, imported, kidney, raw",2.54,0.768,0.03,15.21,0.0,83.8,4,0,4-0
"Lamb, New Zealand, imported, heart, cooked, soaked and simmered",6.21,2.001,0.0,26.26,0.0,160.9,4,0,4-0
"Lamb, New Zealand, imported, heart, raw",3.68,0.995,0.0,18.09,0.0,105.5,4,0,4-0
"Lamb, New Zealand, imported, sweetbread, cooked, soaked and simmered",6.61,2.342,0.0,21.13,0.0,144.0,4,0,4-0
"Lamb, New Zealand, imported, tunnel-boned leg, chump off, shank off, separable lean only, cooked, slow roasted",6.44,2.035,0.0,25.29,0.0,159.1,4,0,4-0
"Lamb, New Zealand, imported, tunnel-boned leg, chump off, shank off, separable lean only, raw",4.09,1.37,0.0,20.93,0.0,120.5,4,0,4-0
"Lamb, New Zealand, imported, square-cut shoulder chops, separable lean only, cooked, braised",14.56,5.476,0.0,31.06,0.0,255.3,4,0,4-0
"Lamb, New Zealand, imported, square-cut shoulder chops, separable lean only, raw",9.08,2.769,0.0,20.62,0.0,164.2,4,0,4-0
"Lamb, New Zealand, imported, loin, boneless, separable lean only, cooked, fast roasted",4.49,1.581,0.0,28.99,0.0,156.4,4,0,4-0
"Lamb, New Zealand, imported, loin, boneless, separable lean only, raw",3.77,1.187,0.0,21.5,0.0,119.9,4,0,4-0
"Lamb, New Zealand, imported, hind-shank, separable lean only, cooked, braised",7.37,2.361,0.0,32.5,0.0,196.3,4,0,4-0
"Lamb, New Zealand, imported, hind-shank, separable lean only, raw",3.35,1.05,0.73,20.4,0.0,114.7,4,0,4-0
"Lamb, New Zealand, imported, neck chops, separable lean only, raw",7.97,3.12,0.0,19.84,0.0,151.1,4,0,4-0
"Lamb, New Zealand, imported, rack - fully frenched, separable lean only, raw",7.12,3.044,0.0,20.61,0.0,146.5,4,0,4-0
"Lamb, New Zealand, imported, loin chop, separable lean only, cooked, fast fried",10.7,4.039,0.41,27.43,0.0,207.7,4,0,4-0
"Lamb, New Zealand, imported, square-cut shoulder, separable lean only, cooked, slow roasted",10.13,3.503,0.0,25.08,0.0,191.5,4,0,4-0
"Lamb, New Zealand, imported, leg chop/steak, bone-in, separable lean only, cooked, fast fried",6.35,1.901,0.0,26.31,0.0,162.4,4,0,4-0
"Lamb, New Zealand, imported, leg chop/steak, bone-in, separable lean and fat, cooked, fast fried",12.76,4.743,0.04,24.26,0.0,212.0,4,0,4-0
"Lamb, New Zealand, imported, loin chop, separable lean and fat, cooked, fast fried",27.11,11.272,0.41,21.5,0.0,331.6,2,0,2-0
"Lamb, New Zealand, imported, loin saddle, separable lean and fat, cooked, fast roasted",20.98,8.762,0.1,21.13,0.0,273.7,4,0,4-0
"Lamb, New Zealand, imported, loin saddle, separable lean and fat, raw",22.9,9.639,0.2,16.56,0.0,273.1,4,0,4-0
"Lamb, New Zealand, imported, netted shoulder, rolled, boneless, separable lean and fat, raw",20.36,8.211,0.2,16.9,0.0,251.6,4,0,4-0
"Chicken, capons, giblets, raw",5.18,1.64,1.42,18.28,0.0,125.4,4,0,4-0
"Chicken, capons, giblets, cooked, simmered",5.4,1.77,0.76,26.39,0.0,157.2,4,0,4-0
"Duck, domesticated, liver, raw",4.64,1.44,3.53,18.74,0.0,130.8,4,0,4-0
"Duck, wild, meat and skin, raw",15.2,5.04,0.0,17.42,0.0,206.5,4,0,4-0
"Duck, wild, breast, meat only, raw",4.25,1.32,0.0,19.85,0.0,117.6,4,0,4-0
"Goose, domesticated, meat and skin, raw",33.62,9.78,0.0,15.86,0.0,366.0,2,0,2-0
"Guinea hen, meat only, raw",2.47,0.64,0.0,20.64,0.0,104.8,4,0,4-0
"Pheasant, raw, meat and skin",9.29,2.7,0.0,22.7,0.0,174.4,4,0,4-0
"Pheasant, raw, meat only",3.64,1.24,0.0,23.57,0.0,127.0,4,0,4-0
"Pheasant, breast, meat only, raw",3.25,1.1,0.0,24.37,0.0,126.7,4,0,4-0
"Squab, (pigeon), meat and skin, raw",23.8,8.43,0.0,18.47,0.0,288.1,2,0,2-0
"Emu, fan fillet, raw",0.8,0.201,0.0,22.5,0.0,97.2,4,0,4-0
"Emu, fan fillet, cooked, broiled",2.3,0.583,0.0,31.27,0.0,145.8,4,0,4-0
"Emu, flat fillet, raw",0.74,0.187,0.0,22.25,0.0,95.7,4,0,4-0
"Emu, full rump, raw",1.64,0.448,0.0,22.83,0.0,106.1,4,0,4-0
"Emu, top loin, cooked, broiled",3.13,0.794,0.0,29.07,0.0,144.4,4,0,4-0
"Ostrich, ground, raw",8.7,2.177,0.0,20.22,0.0,159.2,4,0,4-0
"Ostrich, ground, cooked, pan-broiled",7.07,1.793,0.0,26.15,0.0,168.2,4,0,4-0
"Ostrich, fan, raw",2.65,0.95,0.0,21.81,0.0,111.1,4,0,4-0
"Ostrich, outside leg, raw",1.96,0.61,0.0,22.86,0.0,109.1,4,0,4-0
"Ostrich, outside strip, raw",2.21,0.771,0.0,23.36,0.0,113.3,4,0,4-0
"Ostrich, outside strip, cooked",3.83,1.43,0.0,28.55,0.0,148.7,4,0,4-0
"Ostrich, oyster, raw",3.67,1.22,0.0,21.55,0.0,119.2,4,0,4-0
"Ostrich, tip trimmed, cooked",2.57,1.0,0.0,28.49,0.0,137.1,4,0,4-0
"Ostrich, top loin, raw",2.95,1.2,0.0,21.67,0.0,113.2,4,0,4-0
"Ostrich, top loin, cooked",3.87,1.32,0.0,28.12,0.0,147.3,4,0,4-0
"Chicken, liver, all classes, cooked, pan-fried",6.43,2.033,1.11,25.78,0.0,165.4,4,0,4-0
"Turkey, ground, 93% lean, 7% fat, patties, broiled",11.45,2.958,0.0,25.86,0.0,206.5,4,0,4-0
"Turkey, ground, 85% lean, 15% fat, raw",12.54,3.414,0.0,16.9,0.0,180.5,4,0,4-0
"Turkey, ground, 85% lean, 15% fat, pan-broiled crumbles",17.45,4.572,0.0,25.11,0.0,257.5,4,0,4-0
"Turkey, ground, 85% lean, 15% fat, patties, broiled",16.2,4.127,0.0,25.88,0.0,249.3,4,0,4-0
"Chicken, skin (drumsticks and thighs), cooked, roasted",43.99,12.146,0.0,16.57,0.0,462.2,2,0,2-0
"Chicken, broilers or fryers, dark meat, drumstick, meat and skin, cooked, braised",10.73,2.939,0.0,22.72,0.0,187.4,4,0,4-0
"Chicken, broilers or fryers, dark meat, thigh, meat and skin, cooked, braised",15.43,4.253,0.0,22.57,0.0,229.2,4,0,4-0
"Chicken, dark meat, drumstick, meat only, with added solution, raw",3.26,0.954,0.0,19.19,0.0,106.1,4,0,4-0
"Chicken, dark meat, thigh, meat only, with added solution, cooked, roasted",7.73,2.405,0.0,24.23,0.0,166.5,4,0,4-0
"Chicken, skin (drumsticks and thighs), with added solution, cooked, braised",38.94,10.605,1.0,12.26,0.0,403.5,2,0,2-0
"Chicken, skin (drumsticks and thighs), with added solution, raw",37.9,10.565,0.01,11.11,0.0,385.6,2,0,2-0
"Chicken, skin (drumsticks and thighs), with added solution, cooked, roasted",37.6,11.0,0.44,20.31,0.0,421.4,2,0,2-0
"Chicken, dark meat, drumstick, meat and skin, with added solution, cooked, braised",10.71,2.923,0.13,21.55,0.0,183.1,4,0,4-0
"Chicken, dark meat, thigh, meat and skin, with added solution, cooked, roasted",13.81,4.145,0.09,23.47,0.0,218.5,4,0,4-0
"Chicken, broiler, rotisserie, BBQ, back meat only",13.87,3.613,0.31,21.85,0.0,213.5,4,0,4-0
"Turkey, dark meat from whole, meat only, with added solution, raw",4.12,1.124,0.1,19.27,0.0,114.6,4,0,4-0
"Turkey, dark meat, meat only, with added solution, cooked, roasted",6.0,1.807,0.0,26.1,0.0,158.4,4,0,4-0
"Turkey, dark meat from whole, meat and skin, with added solution, raw",10.83,2.6,0.15,17.84,0.0,169.4,4,0,4-0
"Turkey, dark meat from whole, meat and skin, with added solution, cooked, roasted",10.81,3.145,0.0,25.55,0.0,199.5,4,0,4-0
"Turkey from whole, light meat, meat and skin, with added solution, raw",7.42,1.35,0.14,20.02,0.0,147.4,4,0,4-0
"Turkey from whole, light meat, meat and skin, with added solution, cooked, roasted",5.64,1.593,0.0,26.52,0.0,156.8,4,0,4-0
"Turkey, retail parts, breast, meat only, with added solution, raw",2.53,0.6,0.0,21.99,0.0,110.7,4,0,4-0
"Turkey, retail parts, breast, meat only, with added solution, cooked, roasted",2.08,0.428,0.0,27.94,0.0,130.5,4,0,4-0
"Turkey, retail parts, breast, meat only, raw",2.33,0.344,0.0,23.34,0.0,114.3,4,0,4-0
"Turkey, retail parts, breast, meat only, cooked, roasted",1.97,0.66,0.0,29.51,0.0,135.8,4,0,4-0
"Turkey, retail parts, wing, meat only, raw",2.49,0.458,0.0,22.48,0.0,112.3,4,0,4-0
"Turkey, retail parts, thigh, meat only, raw",3.69,0.782,0.0,20.6,0.0,115.6,4,0,4-0
"Turkey, breast, from whole bird, meat only, with added solution, roasted",2.08,0.593,0.0,26.97,0.0,126.6,4,0,4-0
"Turkey, back, from whole bird, meat only, with added solution, raw",4.12,1.124,0.15,19.27,0.0,114.8,4,0,4-0
"Turkey, back, from whole bird, meat only, with added solution, roasted",2.08,0.593,0.0,26.97,0.0,126.6,4,0,4-0
"Roast beef, deli style, prepackaged, sliced",3.69,1.318,0.64,18.62,0.0,110.2,4,0,4-0
"Luncheon meat, pork, canned",30.3,10.79,2.1,12.5,0.0,331.1,2,0,2-0
"Turkey breast, low salt, prepackaged or deli, luncheon meat",0.83,0.197,3.51,21.81,0.5,108.8,4,0,4-0
"Mortadella, beef, pork",25.39,9.51,3.05,16.37,0.0,306.2,2,0,2-0
"Peppered loaf, pork, beef",6.37,2.28,4.53,17.3,0.0,144.6,4,0,4-0
"Pepperoni, beef and pork, sliced",46.28,17.708,1.18,19.25,0.0,498.2,2,0,2-0
"Pickle and pimiento loaf, pork",15.95,5.287,8.46,11.23,1.5,222.3,4,0,4-0
"Polish sausage, pork",28.72,10.33,1.63,14.1,0.0,321.4,2,0,2-0
"Pork sausage, link/patty, cooked, pan-fried",27.25,8.826,1.42,18.53,0.0,325.0,2,0,2-0
"Sausage, pork and beef, fresh, cooked",36.25,12.96,2.7,13.8,0.0,392.2,2,0,2-0
"Sausage, turkey, reduced fat, brown and serve, cooked",10.3,2.871,10.92,17.0,0.3,204.4,4,0,4-0
Poultry salad sandwich spread,13.52,3.45,7.41,11.64,0.0,197.9,4,0,4-0
"Salami, dry or hard, pork, beef",31.65,11.418,0.72,21.07,0.0,372.0,2,0,2-0
"Sandwich spread, pork, beef",17.34,5.977,11.94,7.66,0.2,234.5,4,0,4-0
"Sausage, smoked link sausage, pork",28.23,9.313,0.94,11.98,0.0,305.8,2,0,2-0
"Sausage, smoked link sausage, pork and beef",28.73,9.769,2.42,12.0,0.0,316.2,2,0,2-0
"Luncheon sausage, pork and beef",20.9,7.62,1.58,15.38,0.0,255.9,4,0,4-0
"Sausage, New england brand, pork, beef",7.58,2.56,4.83,17.27,0.0,156.6,4,0,4-0
"Oscar Mayer, Bologna (beef)",29.1,12.85,2.45,11.05,0.0,315.9,2,0,2-0
"Oscar Mayer, Smokies Sausage Little Cheese (pork, turkey)",28.2,11.16,1.7,13.5,0.0,314.6,2,0,2-0
"Oscar Mayer, Wieners (beef franks)",30.26,12.46,2.78,11.35,0.0,328.9,2,0,2-0
"Bacon, turkey, unprepared",16.93,4.52,1.89,15.94,0.0,223.7,4,0,4-0
Hormel Pillow Pak Sliced Turkey Pepperoni,11.52,3.52,3.78,30.99,0.0,242.8,4,0,4-0
"Luncheon meat, pork and chicken, minced, canned, includes Spam Lite",13.9,4.514,1.35,15.23,0.0,191.4,4,0,4-0
"Bratwurst, veal, cooked",31.7,14.94,0.0,13.99,0.0,341.3,2,0,2-0
Liverwurst spread,25.45,9.925,5.89,12.38,2.5,302.1,2,0,2-0
Roast beef spread,16.28,6.4,3.73,15.27,0.2,222.5,4,0,4-0
"Salami, pork, beef, less sodium",30.5,10.58,15.38,15.01,0.2,396.1,2,0,2-0
"Sausage, summer, pork and beef, sticks, with cheddar cheese",37.91,10.47,1.82,19.43,0.2,426.2,2,0,2-0
Bacon and beef sticks,44.2,16.0,0.8,29.1,0.0,517.4,2,0,2-0
"Salami, Italian, pork",37.0,13.1,1.2,21.7,0.0,424.6,2,0,2-0
"Sausage, Italian, turkey, smoked",8.75,3.401,4.65,15.05,0.9,157.6,4,0,4-0
"Sausage, chicken, beef, pork, skinless, smoked",14.3,4.8,8.1,13.6,0.0,215.5,4,0,4-0
"Sausage, turkey, hot, smoked",8.75,3.401,4.65,15.05,0.3,157.6,4,0,4-0
"Kielbasa, Polish, turkey and beef, smoked",17.6,6.23,3.9,13.1,0.0,226.4,4,0,4-0
"Chicken breast, roll, oven-roasted",7.65,2.48,1.79,14.59,0.0,134.4,4,0,4-0
"Bologna, pork and turkey, lite",16.06,5.46,3.45,13.06,0.0,210.6,4,0,4-0
"Bologna, pork, turkey and beef",29.25,11.7,6.66,11.56,0.0,336.1,2,0,2-0
"Ham, honey, smoked, cooked",2.37,0.87,7.27,17.93,0.0,122.1,4,0,4-0
"Turkey, breast, smoked, lemon pepper flavor, 97% fat-free",0.69,0.22,1.31,20.9,0.0,95.0,4,0,4-0
"Frankfurter, beef, heated",29.36,11.593,2.66,11.69,0.0,321.6,2,0,2-0
"Frankfurter, meat, heated",24.31,7.22,4.9,9.77,0.0,277.5,2,0,2-0
"Sausage, turkey, fresh, raw",8.08,1.963,0.47,18.79,0.0,149.8,4,0,4-0
"Sausage, beef, fresh, cooked",27.98,10.905,0.35,18.21,0.0,326.1,2,0,2-0
"Beef, top loin filet, boneless, separable lean only, trimmed to 1/8"" fat, all grades, cooked, grilled",8.54,2.987,0.3,29.33,0.0,195.4,4,0,4-0
"Beef, top loin filet, boneless, separable lean only, trimmed to 1/8"" fat, choice, cooked, grilled",9.48,3.361,0.36,28.99,0.0,202.7,4,0,4-0
"Beef, top loin filet, boneless, separable lean only, trimmed to 1/8"" fat, select, cooked, grilled",7.12,2.425,0.2,29.85,0.0,184.3,4,0,4-0
"Beef, top loin petite roast/filet, boneless, separable lean only, trimmed to 1/8"" fat, choice, raw",6.48,2.419,0.23,22.5,0.0,149.2,4,0,4-0
"Beef, top loin petite roast/filet, boneless, separable lean only, trimmed to 1/8"" fat, select, raw",4.88,1.621,0.0,22.77,0.0,135.0,4,0,4-0
"Beef, loin, top sirloin filet, boneless, separable lean only, trimmed to 0"" fat, all grades, cooked, grilled",5.37,1.803,0.0,30.58,0.0,170.6,4,0,4-0
"Beef, loin, top sirloin filet, boneless, separable lean only, trimmed to 0"" fat, choice, cooked, grilled",5.83,1.978,0.0,30.45,0.0,174.3,4,0,4-0
"Beef, loin, top sirloin petite roast/filet, boneless, separable lean only, trimmed to 0"" fat, select, raw",3.35,1.125,0.0,23.05,0.0,122.4,4,0,4-0
"Beef, ribeye  petite roast/filet, boneless, separable lean only, trimmed to 0"" fat, all grades, raw",4.66,1.683,0.04,22.66,0.0,132.7,4,0,4-0
"Beef, ribeye  petite roast/filet, boneless, separable lean only, trimmed to 0"" fat, choice, raw",5.29,1.962,0.18,22.52,0.0,138.4,4,0,4-0
"Beef, ribeye  petite roast/filet, boneless, separable lean only, trimmed to 0"" fat, select, raw",3.72,1.265,0.0,22.89,0.0,125.0,4,0,4-0
"Beef, ribeye cap steak, boneless, separable lean only, trimmed to 0"" fat, choice, raw",11.4,4.359,1.75,19.46,0.0,187.4,4,0,4-0
"Beef, ribeye cap steak, boneless, separable lean only, trimmed to 0"" fat, select, raw",9.39,3.626,1.15,20.05,0.0,169.3,4,0,4-0
"Beef, ribeye filet, boneless, separable lean only, trimmed to 0"" fat, all grades, cooked, grilled",9.2,3.205,0.17,28.77,0.0,198.6,4,0,4-0
"Beef, ribeye filet, boneless, separable lean only, trimmed to 0"" fat, choice, cooked, grilled",10.26,3.616,0.51,28.35,0.0,207.8,4,0,4-0
"Beef, ribeye filet, boneless, separable lean only, trimmed to 0"" fat, select, cooked, grilled",7.61,2.588,0.0,29.39,0.0,186.0,4,0,4-0
"Beef, loin, top sirloin cap steak, boneless, separable lean and fat, trimmed to 1/8"" fat, choice, cooked, grilled",14.3,5.092,1.1,26.3,0.0,238.3,4,0,4-0
"Beef, loin, top sirloin cap steak, boneless, separable lean and fat, trimmed to 1/8"" fat, select, cooked, grilled",16.1,5.737,0.4,25.5,0.0,248.5,4,0,4-0
"Beef, loin, top sirloin cap steak, boneless, separable lean and fat, trimmed to 1/8"" fat, all grades, raw",12.4,4.619,0.0,19.9,0.0,191.2,4,0,4-0
"Beef, loin, top sirloin cap steak, boneless, separable lean and fat, trimmed to 1/8"" fat, choice, raw",13.4,5.079,0.0,19.7,0.0,199.4,4,0,4-0
"Beef, top loin petite roast, boneless, separable lean and fat, trimmed to 1/8"" fat, all grades, cooked, roasted",12.9,4.361,1.0,27.0,0.0,228.1,4,0,4-0
"Beef, top loin petite roast, boneless, separable lean and fat, trimmed to 1/8"" fat, choice, cooked, roasted",14.1,4.824,1.1,26.8,0.0,238.5,4,0,4-0
"Beef, top loin petite roast, boneless, separable lean and fat, trimmed to 1/8"" fat, select, cooked, roasted",11.2,3.666,0.9,27.1,0.0,212.8,4,0,4-0
"Beef, top loin petite roast/filet, boneless, separable lean and fat, trimmed to 1/8"" fat, all grades, raw",11.3,3.547,0.3,21.1,0.0,187.3,4,0,4-0
"Beef, loin, top loin steak, boneless, lip-on, separable lean and fat, trimmed to 1/8"" fat, choice, cooked, grilled",19.19,7.505,0.0,25.69,0.0,275.5,4,0,4-0
"Beef, loin, top loin steak, boneless, lip-on, separable lean and fat, trimmed to 1/8"" fat, select, cooked, grilled",15.44,6.056,0.0,26.92,0.0,246.6,4,0,4-0
"Beef, loin, top loin steak, boneless, lip-on, separable lean and fat, trimmed to 1/8"" fat, all grades, cooked, grilled",17.69,6.925,0.0,26.18,0.0,263.9,4,0,4-0
"Beef, New Zealand, imported, bolar blade, separable lean only, cooked, fast roasted",6.57,1.881,0.0,33.53,0.0,193.2,4,0,4-0
"Beef, New Zealand, imported, bolar blade, separable lean only, raw",4.49,1.347,0.0,22.09,0.0,128.8,4,0,4-0
"Beef, New Zealand, imported, brisket navel end, separable lean only, cooked, braised",16.37,5.527,0.0,29.35,0.0,264.7,4,0,4-0
"Beef, New Zealand, imported, brisket navel end, separable lean only, raw",12.75,4.351,0.0,19.74,0.0,193.7,4,0,4-0
"Beef, New Zealand, imported, cube roll, separable lean only, cooked, fast roasted",13.22,4.523,0.0,30.09,0.0,239.3,4,0,4-0
"Beef, New Zealand, imported, cube roll, separable lean only, raw",8.51,3.689,1.38,19.77,0.0,161.2,4,0,4-0
"Beef, New Zealand, imported, eye round, separable lean only, cooked, slow roasted",4.98,1.623,0.0,29.68,0.0,163.5,4,0,4-0
"Beef, New Zealand, imported, eye round, separable lean only, raw",3.35,0.875,1.35,20.15,0.0,116.2,4,0,4-0
"Beef, New Zealand, imported, variety meats and by-products, heart, raw",3.4,0.857,0.0,18.52,0.0,104.7,4,0,4-0
"Beef, New Zealand, imported, hind shin, separable lean only, cooked, braised",4.64,1.369,0.0,31.23,0.0,166.7,4,0,4-0
"Beef, New Zealand, imported, hind shin, separable lean only, raw",3.12,0.881,0.0,21.46,0.0,113.9,4,0,4-0
"Beef, New Zealand, imported, inside, raw",4.36,1.528,0.1,22.16,0.0,128.3,4,0,4-0
"Beef, New Zealand, imported, variety meats and by-products, kidney, raw",2.64,0.616,0.0,15.68,0.0,86.5,4,0,4-0
"Beef, New Zealand, imported, variety meats and by-products liver, cooked, boiled",4.68,1.392,3.78,23.3,0.0,150.4,4,0,4-0
"Beef, New Zealand, imported, variety meats and by-products, liver, raw",4.05,1.185,3.6,20.5,0.0,132.8,4,0,4-0
"Beef, New Zealand, imported, manufacturing beef, cooked, boiled",3.26,1.154,0.0,24.21,0.0,126.2,4,0,4-0
"Beef, New Zealand, imported, ribs prepared, raw",6.78,2.453,0.0,21.31,0.0,146.3,4,0,4-0
"Beef, New Zealand, imported, rump centre, separable lean only, cooked, fast fried",7.48,2.609,0.0,30.17,0.0,188.0,4,0,4-0
"Beef, New Zealand, imported, striploin, separable lean only, cooked, fast fried",11.4,3.918,0.0,28.53,0.0,216.7,4,0,4-0
"Beef, New Zealand, imported, striploin, separable lean only, raw",7.0,2.488,0.74,20.93,0.0,149.7,4,0,4-0
"Beef, New Zealand, imported, oyster blade, separable lean and fat, raw",10.31,3.815,0.0,21.27,0.0,177.9,4,0,4-0
"Beef, New Zealand, imported, tenderloin, separable lean only, raw",6.1,2.446,0.0,21.19,0.0,139.7,4,0,4-0
"Beef, New Zealand, imported, variety meats and by-products, tongue, cooked, boiled",20.34,7.019,3.68,18.31,0.0,271.0,4,0,4-0
"Beef, New Zealand, imported, variety meats and by-products, tongue, raw",19.09,6.689,0.0,17.77,0.0,242.9,4,0,4-0
"Beef, New Zealand, imported, brisket navel end, separable lean and fat, cooked, braised",41.33,15.494,0.0,20.14,0.0,452.5,2,0,2-0
"Beef, New Zealand, imported, brisket navel end, separable lean and fat, raw",31.27,12.915,0.0,15.81,0.0,344.7,2,0,2-0
"Beef, New Zealand, imported, brisket point end, separable lean and fat, cooked, braised",13.6,4.796,0.0,31.94,0.0,250.2,4,0,4-0
"Beef, New Zealand, imported, brisket point end, separable lean and fat, raw",9.23,3.685,0.0,20.05,0.0,163.3,4,0,4-0
"Beef, New Zealand, imported, eye round, separable lean and fat, cooked, slow roasted",5.57,1.85,0.0,29.49,0.0,168.1,4,0,4-0
"Beef, New Zealand, imported, eye round, separable lean and fat, raw",4.92,1.573,1.32,19.88,0.0,129.1,4,0,4-0
"Beef, New Zealand, imported, flank, separable lean and fat, cooked, braised",9.73,3.566,0.0,30.13,0.0,208.1,4,0,4-0
"Beef, New Zealand, imported, flank, separable lean and fat, raw",8.9,3.292,0.0,20.12,0.0,160.6,4,0,4-0
"Beef, New Zealand, imported, flat, separable lean and fat, cooked, braised",13.79,4.507,0.0,31.86,0.0,251.6,4,0,4-0
"Beef, New Zealand, imported, rump centre, separable lean and fat, cooked, fast fried",7.96,2.795,0.0,30.01,0.0,191.7,4,0,4-0
"Beef, New Zealand, imported, rump centre, separable lean only, raw",6.05,1.999,0.0,21.74,0.0,141.4,4,0,4-0
"Beef, New Zealand, imported, rump centre, separable lean and fat, raw",6.5,2.2,0.0,21.65,0.0,145.1,4,0,4-0
"Beef, New Zealand, imported, striploin, separable lean and fat, cooked, fast fried",22.33,8.244,0.02,24.89,0.0,300.6,4,0,4-0
"Beef, ground, 93% lean meat / 7% fat, patty, cooked, broiled",8.94,3.684,0.0,26.22,0.0,185.3,4,0,4-0
"Beef, ground, 93% lean meat /7% fat, patty, cooked, pan-broiled",8.01,3.286,0.06,25.56,0.0,174.6,4,0,4-0
"Beef, ground, 93% lean meat / 7% fat, loaf, cooked, baked",8.43,3.48,0.0,27.03,0.0,184.0,4,0,4-0
"Beef, ground, 93% lean meat / 7% fat, crumbles, cooked, pan-browned",9.51,3.897,0.0,28.88,0.0,201.1,4,0,4-0
"Beef, ground, 97% lean meat / 3% fat, crumbles, cooked, pan-browned",5.46,2.686,0.0,29.46,0.0,167.0,4,0,4-0
"Beef, composite of trimmed retail cuts, separable lean and fat, trimmed to 0"" fat, all grades, raw",9.3,3.845,0.0,20.95,0.0,167.5,4,0,4-0
"Beef, composite of trimmed retail cuts, separable lean only, trimmed to 1/8"" fat, all grades, raw",5.38,1.974,0.0,22.15,0.0,137.0,4,0,4-0
"Beef, composite of trimmed retail cuts, separable lean only, trimmed to 1/8"" fat, all grades, cooked",8.15,3.108,0.0,28.95,0.0,189.2,4,0,4-0
"Beef, composite of trimmed retail cuts, separable lean only, trimmed to 0"" fat, all grades, raw",5.54,2.151,0.0,22.15,0.0,138.5,4,0,4-0
"Beef, rib, small end (ribs 10-12), separable lean only, trimmed to 1/8"" fat, choice, raw",5.91,2.183,0.0,22.12,0.0,141.7,4,0,4-0
"Beef, tenderloin, steak, separable lean only, trimmed to 1/8"" fat, choice, raw",7.07,2.612,0.0,22.17,0.0,152.3,4,0,4-0
"Beef, top sirloin, steak, separable lean only, trimmed to 1/8"" fat, choice, raw",4.62,1.709,0.0,21.91,0.0,129.2,4,0,4-0
"Beef, rib, small end (ribs 10-12), separable lean only, trimmed to 1/8""fat, choice, cooked, broiled",9.05,3.445,0.0,28.29,0.0,194.6,4,0,4-0
"Beef, chuck, arm pot roast, separable lean only, trimmed to 1/8"" fat, select, raw",3.32,1.232,0.0,22.26,0.0,118.9,4,0,4-0
"Beef, brisket, flat half, separable lean only, trimmed to 1/8"" fat, select, raw",3.61,1.34,0.0,21.45,0.0,118.3,4,0,4-0
"Beef, chuck, arm pot roast, separable lean only, trimmed to 1/8"" fat, select, cooked, braised",6.35,2.406,0.0,34.6,0.0,195.6,4,0,4-0
"Beef, brisket, flat half, separable lean only, trimmed to 1/8"" fat, select, cooked, braised",5.21,1.973,0.0,33.18,0.0,179.6,4,0,4-0
"Beef, bottom sirloin, tri-tip roast, separable lean only, trimmed to 0"" fat, all grades, raw",5.63,1.729,0.0,21.26,0.0,135.7,4,0,4-0
"Beef, bottom sirloin, tri-tip roast, separable lean only, trimmed to 0"" fat, choice, cooked, roasted",9.73,3.527,0.0,26.34,0.0,192.9,4,0,4-0
"Beef, bottom sirloin, tri-tip roast, separable lean only, trimmed to 0"" fat, choice, raw",7.06,2.132,0.0,21.17,0.0,148.2,4,0,4-0
"Beef, bottom sirloin, tri-tip roast, separable lean only, trimmed to 0"" fat, select, cooked, roasted",6.95,2.517,0.0,27.17,0.0,171.2,4,0,4-0
"Beef, flank, steak, separable lean only, trimmed to 0"" fat, all grades, cooked, broiled",7.4,3.07,0.0,27.89,0.0,178.2,4,0,4-0
"Beef, flank, steak, separable lean only, trimmed to 0"" fat, select, cooked, broiled",6.48,2.688,0.0,27.96,0.0,170.2,4,0,4-0
"Beef, flank, steak, separable lean only, trimmed to 0"" fat, all grades, raw",5.47,2.058,0.0,21.57,0.0,135.5,4,0,4-0
"Beef, flank, steak, separable lean only, trimmed to 0"" fat, select, raw",5.0,2.074,0.0,21.43,0.0,130.7,4,0,4-0
"Lamb, New Zealand, imported, square-cut shoulder chops, separable lean and fat, cooked, braised",23.86,9.596,0.05,26.79,0.0,322.1,2,0,2-0
"Lamb, New Zealand, imported, square-cut shoulder chops, separable lean and fat, raw",22.84,9.099,0.23,17.02,0.0,274.6,4,0,4-0
"Lamb, New Zealand, imported, square-cut shoulder, separable lean and fat, cooked, slow roasted",23.39,9.332,0.03,20.88,0.0,294.2,2,0,2-0
"Lamb, New Zealand, imported, tunnel-boned leg, chump off, shank off, separable lean and fat, raw",4.09,1.37,0.0,20.93,0.0,120.5,4,0,4-0
"Lamb, New Zealand, imported, tenderloin, separable lean and fat, raw",4.22,2.11,0.01,20.43,0.0,119.7,4,0,4-0
"Veal, ground, cooked, pan-fried",11.78,4.368,1.51,25.83,0.0,215.4,4,0,4-0
"Veal, leg, top round, cap off, cutlet, boneless, cooked, grilled",2.63,1.012,0.0,31.89,0.0,151.2,4,0,4-0
"Veal, shoulder, blade chop, separable lean only, cooked, grilled",5.53,2.092,0.0,27.33,0.0,159.1,4,0,4-0
"Veal, external fat only, raw",51.6,19.082,0.89,8.85,0.0,503.4,2,0,2-0
"Veal, external fat only, cooked",53.23,17.754,0.0,15.28,0.0,540.2,2,0,2-0
"Veal, seam fat only, raw",43.75,14.235,0.0,12.53,0.0,443.9,2,0,2-0
"Lamb, Australian, imported, fresh, leg, bottom, boneless, separable lean only, trimmed to 1/8"" fat, cooked, roasted",8.35,3.224,0.0,28.6,0.0,189.6,4,0,4-0
"Sausage, chicken or turkey, Italian style,  lower sodium",4.46,0.893,14.25,21.43,0.0,182.9,4,0,4-0
"Ham, smoked, extra lean, low sodium",2.71,1.786,10.7,18.52,0.0,141.3,4,0,4-0
"Lamb, New Zealand, imported, Intermuscular fat, raw",68.53,30.741,1.26,4.63,0.0,640.3,3,0,3-0
"Lamb, New Zealand, imported, subcutaneous fat, raw",76.16,32.369,0.55,3.87,0.0,703.1,3,0,3-0
"Lamb, Australian, imported, fresh, leg, hindshank, heel on, bone-in, separable lean only, trimmed to 1/8"" fat, cooked, braised",5.63,2.241,0.0,30.73,0.0,173.6,4,0,4-0
"Lamb, Australian, imported, fresh, leg, hindshank, heel on, bone-in, separable lean only, trimmed to 1/8"" fat, raw",3.53,1.269,0.0,22.49,0.0,121.7,4,0,4-0
"Lamb, Australian, imported, fresh, tenderloin, boneless, separable lean only, trimmed to 1/8"" fat, cooked, roasted",6.71,2.084,0.0,30.97,0.0,184.3,4,0,4-0
"Lamb, Australian, imported, fresh, rack, roast, frenched, denuded, bone-in, separable lean only, trimmed to 0"" fat, cooked, roasted",7.63,3.54,0.0,26.52,0.0,174.8,4,0,4-0
"Lamb, Australian, imported, fresh, rack, roast, frenched, bone-in, separable lean only, trimmed to 1/8"" fat, cooked, roasted",14.64,6.802,0.0,28.01,0.0,243.8,4,0,4-0
"Lamb, Australian, imported, fresh, external fat, cooked",52.3,26.8,0.0,16.9,0.0,538.3,2,0,2-0
"Lamb, Australian, imported, fresh, external fat, raw",48.5,23.892,0.0,12.59,0.0,486.9,2,0,2-0
"Lamb, Australian, imported, fresh, leg, hindshank, heel on, bone-in, separable lean and fat, trimmed to 1/8"" fat, cooked, braised",9.5,4.293,0.0,29.52,0.0,203.6,4,0,4-0
"Lamb, Australian, imported, fresh, leg, hindshank, heel on, bone-in, separable lean and fat, trimmed to 1/8"" fat, raw",12.68,5.862,0.0,20.58,0.0,196.4,4,0,4-0
"Lamb, Australian, imported, fresh, leg, trotter off, bone-in, separable lean and fat, trimmed to 1/8"" fat, cooked, roasted",11.64,5.483,0.08,30.15,0.0,225.7,4,0,4-0
"Lamb, Australian, imported, fresh, leg, trotter off, bone-in, separable lean and fat, trimmed to 1/8"" fat, raw",9.73,4.464,0.0,21.95,0.0,175.4,4,0,4-0
"Lamb, Australian, imported, fresh, tenderloin, boneless, separable lean and fat, trimmed to 1/8"" fat, cooked, roasted",7.02,2.251,0.0,30.87,0.0,186.7,4,0,4-0
"Lamb, Australian, imported, fresh, rib chop, frenched, denuded, bone-in, separable lean and fat, trimmed to 0"" fat, cooked, grilled",16.96,8.484,0.0,30.9,0.0,276.2,4,0,4-0
"Cream puff shell, prepared from recipe",25.9,5.599,22.8,9.0,0.8,360.3,2,0,2-0
"Pie, coconut cream, prepared from mix, no-bake type",17.6,8.934,28.5,2.8,0.5,283.6,2,0,2-0
"Game meat, deer, cooked, roasted",3.19,1.25,0.0,30.21,0.0,149.6,4,0,4-0
"Game meat, horse, raw",4.6,1.44,0.0,21.39,0.0,127.0,4,0,4-0
"Game meat, horse, cooked, roasted",6.05,1.9,0.0,28.14,0.0,167.0,4,0,4-0
"Fish, herring, Atlantic, raw",9.04,2.04,0.0,17.96,0.0,153.2,4,0,4-0
"Fish, herring, Atlantic, cooked, dry heat",11.59,2.615,0.0,23.03,0.0,196.4,4,0,4-0
"Fish, herring, Atlantic, pickled",18.0,2.381,9.64,14.19,0.0,257.3,4,0,4-0
"Fish, mackerel, Atlantic, raw",13.89,3.257,0.0,18.6,0.0,199.4,4,0,4-0
"Fish, mackerel, Atlantic, cooked, dry heat",17.81,4.176,0.0,23.85,0.0,255.7,4,0,4-0
"Fish, mackerel, jack, canned, drained solids",6.3,1.857,0.0,23.19,0.0,149.5,4,0,4-0
"Fish, mackerel, king, raw",2.0,0.363,0.0,20.28,0.0,99.1,4,0,4-0
"Fish, mullet, striped, raw",3.79,1.116,0.0,19.35,0.0,111.5,4,0,4-0
"Fish, mullet, striped, cooked, dry heat",4.86,1.431,0.0,24.81,0.0,143.0,4,0,4-0
"Fish, ocean perch, Atlantic, raw",1.54,0.273,0.0,15.31,0.0,75.1,4,0,4-0
"Fish, ocean perch, Atlantic, cooked, dry heat",1.87,0.33,0.0,18.51,0.0,90.9,4,0,4-0
"Fish, pike, northern, cooked, dry heat",0.88,0.151,0.0,24.69,0.0,106.7,4,0,4-0
"Fish, pike, walleye, raw",1.22,0.249,0.0,19.14,0.0,87.5,4,0,4-0
"Fish, pollock, Atlantic, raw",0.98,0.135,0.0,19.44,0.0,86.6,4,0,4-0
"Fish, rockfish, Pacific, mixed species, cooked, dry heat",1.62,0.42,0.0,22.23,0.0,103.5,4,0,4-0
"Fish, roe, mixed species, raw",6.42,1.456,1.5,22.32,0.0,153.1,4,0,4-0
"Fish, roughy, orange, raw",0.7,0.015,0.0,16.41,0.0,71.9,4,0,4-0
"Fish, sablefish, raw",15.3,3.201,0.0,13.41,0.0,191.3,4,0,4-0
"Fish, salmon, chum, canned, drained solids with bone",5.5,1.486,0.0,21.43,0.0,135.2,4,0,4-0
"Fish, salmon, coho, wild, raw",5.93,1.26,0.0,21.62,0.0,139.8,4,0,4-0
"Fish, salmon, coho, wild, cooked, moist heat",7.5,1.595,0.0,27.36,0.0,176.9,4,0,4-0
"Fish, salmon, pink, raw",4.4,0.81,0.0,20.5,0.0,121.6,4,0,4-0
"Fish, sardine, Atlantic, canned in oil, drained solids with bone",11.45,1.528,0.0,24.62,0.0,201.5,4,0,4-0
"Fish, sardine, Pacific, canned in tomato sauce, drained solids with bone",10.45,2.684,0.54,20.86,0.1,179.6,4,0,4-0
"Fish, scup, raw",2.73,0.64,0.0,18.88,0.0,100.1,4,0,4-0
"Fish, sea bass, mixed species, raw",2.0,0.511,0.0,18.43,0.0,91.7,4,0,4-0
"Fish, shark, mixed species, cooked, batter-dipped and fried",13.82,3.205,6.39,18.62,0.0,224.4,4,0,4-0
"Fish, sheepshead, raw",2.41,0.609,0.0,20.21,0.0,102.5,4,0,4-0
"Fish, sheepshead, cooked, dry heat",1.63,0.36,0.0,26.02,0.0,118.8,4,0,4-0
"Fish, smelt, rainbow, raw",2.42,0.452,0.0,17.63,0.0,92.3,4,0,4-0
"Fish, smelt, rainbow, cooked, dry heat",3.1,0.579,0.0,22.6,0.0,118.3,4,0,4-0
"Fish, sturgeon, mixed species, cooked, dry heat",5.18,1.173,0.0,20.7,0.0,129.4,4,0,4-0
"Fish, sturgeon, mixed species, smoked",4.4,1.037,0.0,31.2,0.0,164.4,4,0,4-0
"Fish, sucker, white, raw",2.32,0.452,0.0,16.76,0.0,87.9,4,0,4-0
"Fish, sunfish, pumpkin seed, raw",0.7,0.139,0.0,19.4,0.0,83.9,4,0,4-0
"Fish, tilefish, cooked, dry heat",4.69,0.868,0.0,24.49,0.0,140.2,4,0,4-0
"Fish, trout, mixed species, raw",6.61,1.149,0.0,20.77,0.0,142.6,4,0,4-0
"Fish, trout, rainbow, wild, raw",3.46,0.722,0.0,20.48,0.0,113.1,4,0,4-0
"Fish, trout, rainbow, wild, cooked, dry heat",5.82,1.619,0.0,22.92,0.0,144.1,4,0,4-0
"Fish, tuna, fresh, skipjack, raw",1.01,0.328,0.0,22.0,0.0,97.1,4,0,4-0
"Fish, tuna, white, canned in oil, drained solids",8.08,1.28,0.0,26.53,0.0,178.8,4,0,4-0
"Fish, tuna, white, canned in water, drained solids",2.97,0.792,0.0,23.62,0.0,121.2,4,0,4-0
"Fish, tuna, fresh, yellowfin, raw",0.49,0.172,0.0,24.4,0.0,102.0,4,0,4-0
"Fish, tuna salad",9.26,1.544,9.41,16.04,0.0,185.1,4,0,4-0
"Fish, whiting, mixed species, cooked, dry heat",1.69,0.4,0.0,23.48,0.0,109.1,4,0,4-0
"Fish, wolffish, Atlantic, raw",2.39,0.365,0.0,17.5,0.0,91.5,4,0,4-0
"Fish, yellowtail, mixed species, raw",5.24,1.28,0.0,23.14,0.0,139.7,4,0,4-0
"Crustaceans, crab, alaska king, raw",0.6,0.09,0.0,18.29,0.0,78.6,4,0,4-0
"Fish, catfish, channel, farmed, raw",5.94,1.31,0.0,15.23,0.0,114.4,4,0,4-0
"Fish, catfish, channel, farmed, cooked, dry heat",7.19,1.586,0.0,18.44,0.0,138.5,4,0,4-0
"Fish, salmon, Atlantic, farmed, raw",13.42,3.05,0.0,20.42,0.0,202.5,4,0,4-0
"Fish, salmon, Atlantic, farmed, cooked, dry heat",12.35,2.397,0.0,22.1,0.0,199.6,4,0,4-0
"Crustaceans, crayfish, mixed species, farmed, raw",0.97,0.163,0.0,14.85,0.0,68.1,4,0,4-0
"Crustaceans, crayfish, mixed species, farmed, cooked, moist heat",1.3,0.216,0.0,17.52,0.0,81.8,4,0,4-0
"Salmon, sockeye, canned, total can contents",7.17,1.46,0.0,20.63,0.0,147.0,4,0,4-0
"Fish, salmon, pink, canned, drained solids",5.02,0.895,0.0,23.1,0.0,137.6,4,0,4-0
"Fish, tilapia, raw",1.7,0.585,0.0,20.08,0.0,95.6,4,0,4-0
"Fish, tilapia, cooked, dry heat",2.65,0.94,0.0,26.15,0.0,128.4,4,0,4-0
"Fish, cod, Pacific, cooked",0.25,0.048,0.0,20.42,0.0,83.9,4,0,4-0
"Crustaceans, shrimp, raw",0.51,0.101,0.0,20.1,0.0,85.0,4,0,4-0
"Crustaceans, shrimp, cooked",0.28,0.056,0.2,23.98,0.0,99.2,4,0,4-0
"Fish, trout, brook, raw, New York State",2.73,0.595,0.0,21.23,0.0,109.5,4,0,4-0
"Vitasoy USA Organic Nasoya Sprouted, Tofu Plus Super Firm",5.9,1.1,2.16,13.24,1.2,114.7,4,0,4-0
"Peanuts, all types, oil-roasted, without salt",52.5,8.686,15.26,28.03,9.4,645.7,2,0,2-0
"Lamb, New Zealand, imported, frozen, loin, separable lean and fat, cooked, broiled",23.88,11.96,0.0,23.43,0.0,308.6,2,0,2-0
"Lamb, New Zealand, imported, rack - partly frenched, separable lean only, raw",8.61,2.782,0.0,20.65,0.0,160.1,4,0,4-0
"Lamb, New Zealand, imported, rack - partly frenched, separable lean only, cooked, fast roasted",10.63,3.664,0.0,24.43,0.0,193.4,4,0,4-0
"Lamb, New Zealand, imported, square-cut shoulder, separable lean and fat, raw",22.89,9.855,0.24,16.16,0.0,271.6,4,0,4-0
"Lamb, New Zealand, imported, frozen, shoulder, whole (arm and blade), separable lean and fat, cooked, braised",26.27,12.74,0.0,28.21,0.0,349.3,2,0,2-0
"Lamb, New Zealand, imported, square-cut shoulder, separable lean only, raw",8.3,3.371,0.0,19.72,0.0,153.6,4,0,4-0
"Veal, composite of trimmed retail cuts, separable lean only, cooked",6.58,1.84,0.0,31.9,0.0,186.8,4,0,4-0
"Veal, composite of trimmed retail cuts, separable fat, raw",67.83,32.92,0.0,6.02,0.0,634.6,3,0,3-0
"Veal, composite of trimmed retail cuts, separable fat, cooked",66.74,32.39,0.0,9.42,0.0,638.3,3,0,3-0
"Veal, leg (top round), separable lean and fat, raw",3.08,1.18,0.0,20.98,0.0,111.6,4,0,4-0
"Veal, leg (top round), separable lean only, raw",1.76,0.53,0.0,21.28,0.0,101.0,4,0,4-0
"Veal, leg (top round), separable lean only, cooked, braised",5.09,1.92,0.0,36.71,0.0,192.6,4,0,4-0
"Veal, leg (top round), separable lean only, cooked, pan-fried, breaded",6.27,1.6,9.84,28.41,0.2,209.4,4,0,4-0
"Veal, leg (top round), separable lean only, cooked, pan-fried, not breaded",4.62,1.29,0.0,33.17,0.0,174.3,4,0,4-0
"Veal, loin, separable lean only, cooked, braised",9.15,2.55,0.0,33.57,0.0,216.6,4,0,4-0
"Veal, loin, separable lean only, cooked, roasted",6.94,2.58,0.0,26.32,0.0,167.7,4,0,4-0
"Veal, rib, separable lean and fat, raw",9.01,3.71,0.0,18.86,0.0,156.5,4,0,4-0
"Veal, rib, separable lean and fat, cooked, braised",12.53,4.95,0.0,32.43,0.0,242.5,4,0,4-0
"Veal, shoulder, whole (arm and blade), separable lean and fat, raw",5.28,2.05,0.0,19.27,0.0,124.6,4,0,4-0
"Veal, shoulder, whole (arm and blade), separable lean and fat, cooked, braised",10.14,3.75,0.0,32.06,0.0,219.5,4,0,4-0
"Veal, shoulder, whole (arm and blade), separable lean and fat, cooked, roasted",8.42,3.4,0.0,25.32,0.0,177.1,4,0,4-0
"Veal, shoulder, whole (arm and blade), separable lean only, raw",3.0,0.9,0.0,19.79,0.0,106.2,4,0,4-0
"Veal, shoulder, arm, separable lean and fat, cooked, roasted",8.25,3.51,0.0,25.46,0.0,176.1,4,0,4-0
"Veal, shoulder, arm, separable lean only, raw",2.16,0.65,0.0,20.04,0.0,99.6,4,0,4-0
"Veal, shoulder, arm, separable lean only, cooked, braised",5.33,1.49,0.0,35.73,0.0,190.9,4,0,4-0
"Veal, shoulder, arm, separable lean only, cooked, roasted",5.81,2.31,0.0,26.13,0.0,156.8,4,0,4-0
"Veal, shoulder, blade, separable lean only, cooked, roasted",6.88,2.57,0.0,25.64,0.0,164.5,4,0,4-0
"Veal, sirloin, separable lean and fat, raw",7.81,3.35,0.0,19.07,0.0,146.6,4,0,4-0
"Veal, sirloin, separable lean and fat, cooked, braised",13.14,5.18,0.0,31.26,0.0,243.3,4,0,4-0
"Veal, sirloin, separable lean and fat, cooked, roasted",10.45,4.51,0.0,25.14,0.0,194.6,4,0,4-0
"Veal, cubed for stew (leg and shoulder), separable lean only, cooked, braised",4.31,1.3,0.0,34.94,0.0,178.5,4,0,4-0
"Veal, ground, raw",13.06,5.108,0.0,18.58,0.0,191.9,4,0,4-0
"Veal, ground, cooked, broiled",7.56,3.04,0.0,24.38,0.0,165.6,4,0,4-0
"Game meat, antelope, raw",2.03,0.74,0.0,22.38,0.0,107.8,4,0,4-0
"Bison, ground, grass-fed, raw",7.21,2.917,0.05,20.23,0.0,146.0,4,0,4-0
"Game meat, beaver, cooked, roasted",6.96,2.07,0.0,34.85,0.0,202.0,4,0,4-0
"Game meat, beefalo, composite of cuts, raw",4.8,2.04,0.0,23.3,0.0,136.4,4,0,4-0
"Game meat, boar, wild, raw",3.33,0.99,0.0,21.51,0.0,116.0,4,0,4-0
"Game meat, boar, wild, cooked, roasted",4.38,1.3,0.0,28.3,0.0,152.6,4,0,4-0
"Game meat, buffalo, water, raw",1.37,0.46,0.0,20.39,0.0,93.9,4,0,4-0
"Game meat, buffalo, water, cooked, roasted",1.8,0.6,0.0,26.83,0.0,123.5,4,0,4-0
"Game meat, elk, raw",1.45,0.53,0.0,22.95,0.0,104.8,4,0,4-0
"Game meat, elk, cooked, roasted",1.9,0.7,0.0,30.19,0.0,137.9,4,0,4-0
"Game meat, goat, raw",2.31,0.71,0.0,20.6,0.0,103.2,4,0,4-0
"Game meat, goat, cooked, roasted",3.03,0.93,0.0,27.1,0.0,135.7,4,0,4-0
"Cheese, parmesan, grated, refrigerated",29.5,17.17,4.33188,30.13912,0.0,403.4,2,0,2-0
"Peanut butter, creamy",49.43,8.415,22.70376,23.99124,6.323,631.6,2,0,2-0
"Sesame butter, creamy",62.4,8.966,14.179,19.7054,8.372,697.1,3,0,3-0
"Almond butter, creamy",53.04,4.253,21.23666,20.78734,9.718,645.5,2,0,2-0
"Flaxseed, ground",37.28,3.281,34.3551,18.0359,23.13,545.1,2,0,2-0
"Cream cheese, full fat, block",33.49,19.73,4.55615,5.78985,0.0,342.8,2,0,2-0
"Cream, heavy",35.56,20.45,3.799506,2.017994,0.0,343.3,2,0,2-0
"Nuts, almonds, whole, raw",51.09,3.785,20.03462,21.45038,10.78,625.8,2,0,2-0
"Nuts, walnuts, English, halves, raw",69.74,6.054,10.9096,14.5644,5.21,729.6,3,0,3-0
"Nuts, pecans, halves, raw",73.28,6.465,12.6993,9.9587,5.793,750.2,3,0,3-0
